{"type":"FeatureCollection","features":[{"type":"Feature","properties":{"code":"1","State":"New South Wales"},"geometry":{"type":"MultiPolygon","coordinates":[[[[151.118,-33.864],[151.154,-33.842],[151.166,-33.855],[151.141,-33.87],[151.186,-33.846],[151.197,-33.86],[151.174,-33.872],[151.21,-33.854],[151.246,-33.874],[151.28,-33.833],[151.288,-33.849],[151.25,-34.002],[151.186,-33.952],[151.18,-33.968],[151.163,-33.952],[151.131,-34.006],[151.131,-33.984],[151.115,-34.001],[151.062,-33.975],[151.036,-33.991],[151.045,-33.948],[151.042,-33.973],[151.022,-33.964],[151.015,-33.983],[151.066,-33.991],[151.042,-34.029],[151.068,-33.996],[151.116,-34.007],[151.11,-34.024],[151.127,-34.01],[151.145,-34.039],[151.162,-34.0],[151.179,-34.013],[151.159,-34.023],[151.223,-34.001],[151.23,-34.028],[151.166,-34.04],[151.155,-34.073],[151.146,-34.055],[151.112,-34.073],[151.106,-34.042],[151.061,-34.064],[151.097,-34.058],[151.106,-34.08],[151.079,-34.089],[151.172,-34.087],[150.99,-34.23],[150.926,-34.319],[150.91,-34.465],[150.884,-34.457],[150.914,-34.465],[150.922,-34.494],[150.873,-34.542],[150.887,-34.492],[150.832,-34.486],[150.797,-34.545],[150.807,-34.561],[150.862,-34.537],[150.875,-34.59],[150.904,-34.597],[150.856,-34.614],[150.865,-34.672],[150.825,-34.783],[150.786,-34.787],[150.749,-34.856],[150.786,-34.93],[150.784,-34.986],[150.85,-35.013],[150.834,-35.074],[150.804,-35.095],[150.776,-35.083],[150.787,-35.034],[150.761,-34.992],[150.684,-35.019],[150.674,-35.062],[150.698,-35.071],[150.702,-35.123],[150.594,-35.144],[150.597,-35.191],[150.542,-35.214],[150.545,-35.249],[150.48,-35.289],[150.475,-35.358],[150.492,-35.367],[150.394,-35.462],[150.408,-35.53],[150.299,-35.647],[150.307,-35.686],[150.266,-35.727],[150.235,-35.703],[150.177,-35.703],[150.237,-35.803],[150.235,-35.836],[150.186,-35.833],[150.192,-35.86],[150.15,-35.89],[150.165,-36.013],[150.124,-36.139],[150.149,-36.267],[150.068,-36.394],[150.085,-36.428],[150.055,-36.488],[150.069,-36.553],[149.939,-36.815],[149.938,-36.903],[149.904,-36.916],[149.913,-36.945],[149.946,-36.949],[149.927,-36.98],[149.945,-37.054],[149.923,-37.046],[149.915,-37.076],[149.872,-37.091],[149.911,-37.112],[149.954,-37.101],[150.005,-37.141],[150.011,-37.212],[150.052,-37.262],[149.985,-37.24],[149.943,-37.28],[149.97,-37.31],[149.95,-37.375],[149.977,-37.505],[148.195,-36.796],[148.109,-36.801],[148.131,-36.734],[148.211,-36.651],[148.218,-36.598],[148.133,-36.567],[148.124,-36.463],[148.087,-36.452],[148.037,-36.39],[148.059,-36.319],[148.035,-36.311],[148.041,-36.207],[148.022,-36.175],[148.038,-36.141],[148.005,-36.141],[147.98,-36.087],[148.0,-36.046],[147.934,-36.048],[147.913,-35.995],[147.777,-35.969],[147.711,-35.929],[147.602,-35.979],[147.549,-35.965],[147.584,-35.982],[147.554,-36.004],[147.494,-35.943],[147.452,-35.961],[147.402,-35.944],[147.321,-36.061],[147.285,-36.039],[147.144,-36.038],[147.123,-35.994],[147.053,-36.108],[146.956,-36.078],[146.942,-36.116],[146.873,-36.074],[146.824,-36.089],[146.804,-36.055],[146.749,-36.061],[146.732,-36.024],[146.686,-36.041],[146.613,-35.996],[146.614,-35.973],[146.563,-35.968],[146.548,-35.992],[146.501,-35.958],[146.489,-35.991],[146.426,-35.964],[146.37,-36.051],[146.339,-36.026],[146.284,-36.042],[146.283,-36.011],[146.185,-36.042],[146.173,-36.019],[146.132,-36.02],[146.136,-36.003],[146.091,-36.021],[146.03,-35.995],[145.971,-36.016],[145.954,-35.961],[145.927,-35.974],[145.903,-35.952],[145.808,-35.991],[145.779,-35.96],[145.717,-35.951],[145.699,-35.921],[145.674,-35.926],[145.62,-35.884],[145.626,-35.862],[145.601,-35.875],[145.536,-35.802],[145.419,-35.828],[145.357,-35.867],[145.258,-35.851],[145.247,-35.83],[145.153,-35.843],[145.113,-35.821],[144.968,-35.865],[144.958,-35.961],[144.924,-35.99],[144.962,-36.018],[144.982,-36.073],[144.863,-36.059],[144.842,-36.101],[144.778,-36.13],[144.718,-36.114],[144.72,-36.086],[144.684,-36.096],[144.689,-36.061],[144.653,-36.075],[144.632,-36.048],[144.617,-36.077],[144.616,-36.032],[144.583,-36.039],[144.563,-36.007],[144.515,-35.994],[144.515,-35.965],[144.407,-35.903],[144.411,-35.858],[144.381,-35.852],[144.377,-35.792],[144.349,-35.767],[144.294,-35.754],[144.297,-35.737],[144.266,-35.753],[144.222,-35.693],[144.131,-35.641],[144.106,-35.591],[144.039,-35.549],[143.99,-35.555],[143.97,-35.5],[143.859,-35.48],[143.814,-35.435],[143.764,-35.424],[143.764,-35.392],[143.709,-35.393],[143.684,-35.368],[143.631,-35.396],[143.562,-35.338],[143.591,-35.282],[143.565,-35.203],[143.47,-35.219],[143.45,-35.189],[143.387,-35.185],[143.391,-35.145],[143.346,-35.104],[143.351,-35.064],[143.322,-35.037],[143.338,-35.01],[143.317,-34.953],[143.343,-34.933],[143.321,-34.888],[143.353,-34.858],[143.349,-34.792],[143.28,-34.794],[143.252,-34.774],[143.274,-34.753],[143.224,-34.759],[143.219,-34.729],[143.166,-34.719],[143.163,-34.698],[143.148,-34.715],[143.127,-34.692],[143.107,-34.702],[143.114,-34.681],[143.094,-34.701],[143.071,-34.678],[143.056,-34.699],[143.04,-34.686],[143.039,-34.703],[142.988,-34.663],[142.971,-34.695],[142.925,-34.648],[142.886,-34.68],[142.86,-34.665],[142.868,-34.627],[142.786,-34.589],[142.81,-34.562],[142.792,-34.546],[142.77,-34.568],[142.783,-34.58],[142.748,-34.577],[142.762,-34.599],[142.7,-34.599],[142.689,-34.653],[142.711,-34.676],[142.679,-34.684],[142.7,-34.724],[142.619,-34.728],[142.639,-34.781],[142.524,-34.76],[142.5,-34.74],[142.519,-34.702],[142.499,-34.703],[142.514,-34.691],[142.497,-34.674],[142.516,-34.664],[142.476,-34.673],[142.484,-34.636],[142.452,-34.634],[142.469,-34.565],[142.449,-34.559],[142.453,-34.585],[142.368,-34.532],[142.4,-34.522],[142.375,-34.516],[142.395,-34.493],[142.36,-34.5],[142.384,-34.476],[142.353,-34.47],[142.368,-34.435],[142.351,-34.396],[142.397,-34.338],[142.284,-34.327],[142.286,-34.296],[142.237,-34.308],[142.25,-34.267],[142.228,-34.189],[142.166,-34.183],[142.152,-34.149],[142.083,-34.174],[142.076,-34.131],[142.029,-34.126],[142.038,-34.1],[142.013,-34.105],[142.023,-34.125],[141.979,-34.112],[141.971,-34.136],[141.945,-34.119],[141.937,-34.138],[141.904,-34.111],[141.875,-34.137],[141.733,-34.091],[141.72,-34.115],[141.677,-34.101],[141.613,-34.138],[141.618,-34.157],[141.584,-34.151],[141.604,-34.191],[141.534,-34.191],[141.511,-34.217],[141.519,-34.18],[141.498,-34.156],[141.444,-34.168],[141.361,-34.111],[141.325,-34.139],[141.317,-34.112],[141.243,-34.088],[141.242,-34.061],[141.205,-34.062],[141.183,-34.092],[141.175,-34.073],[141.153,-34.082],[141.153,-34.054],[141.095,-34.05],[141.089,-34.077],[141.066,-34.05],[141.042,-34.061],[141.037,-34.036],[141.026,-34.06],[141.002,-34.04],[140.999,-28.999],[148.958,-28.999],[149.032,-28.957],[149.081,-28.842],[149.128,-28.836],[149.139,-28.807],[149.179,-28.803],[149.188,-28.775],[149.298,-28.709],[149.358,-28.684],[149.388,-28.696],[149.452,-28.595],[149.503,-28.574],[149.587,-28.573],[149.662,-28.61],[149.666,-28.632],[149.705,-28.634],[149.721,-28.609],[149.977,-28.614],[150.016,-28.58],[150.081,-28.584],[150.152,-28.55],[150.213,-28.574],[150.292,-28.537],[150.44,-28.664],[150.525,-28.654],[150.552,-28.672],[150.554,-28.653],[150.633,-28.677],[150.751,-28.634],[150.873,-28.694],[150.905,-28.687],[150.952,-28.737],[151.01,-28.741],[151.044,-28.844],[151.103,-28.836],[151.275,-28.939],[151.28,-29.102],[151.316,-29.134],[151.315,-29.166],[151.394,-29.178],[151.502,-29.072],[151.498,-29.019],[151.545,-28.953],[151.635,-28.93],[151.706,-28.872],[151.734,-28.871],[151.777,-28.959],[151.807,-28.945],[151.831,-28.962],[151.852,-28.907],[151.919,-28.929],[151.996,-28.895],[152.011,-28.907],[152.038,-28.864],[152.015,-28.85],[152.042,-28.732],[152.076,-28.708],[152.063,-28.679],[152.01,-28.665],[151.955,-28.519],[151.983,-28.503],[151.989,-28.526],[152.017,-28.525],[152.07,-28.469],[152.16,-28.433],[152.22,-28.448],[152.309,-28.363],[152.385,-28.369],[152.418,-28.332],[152.415,-28.298],[152.443,-28.298],[152.463,-28.259],[152.534,-28.263],[152.526,-28.306],[152.58,-28.339],[152.614,-28.269],[152.628,-28.304],[152.751,-28.364],[152.88,-28.31],[152.934,-28.338],[153.108,-28.358],[153.125,-28.318],[153.168,-28.295],[153.177,-28.25],[153.233,-28.265],[153.28,-28.233],[153.364,-28.248],[153.477,-28.157],[153.535,-28.178],[153.552,-28.164],[153.493,-28.218],[153.521,-28.221],[153.516,-28.195],[153.538,-28.184],[153.562,-28.207],[153.537,-28.24],[153.552,-28.239],[153.556,-28.17],[153.586,-28.258],[153.552,-28.52],[153.589,-28.623],[153.639,-28.633],[153.595,-28.779],[153.609,-28.843],[153.592,-28.876],[153.575,-28.84],[153.577,-28.87],[153.527,-28.873],[153.59,-28.878],[153.464,-29.018],[153.433,-29.094],[153.457,-29.14],[153.345,-29.293],[153.343,-29.342],[153.377,-29.366],[153.363,-29.525],[153.321,-29.651],[153.334,-29.675],[153.294,-29.743],[153.304,-29.775],[153.26,-29.952],[153.197,-30.04],[153.207,-30.157],[153.14,-30.255],[153.153,-30.31],[153.112,-30.342],[153.033,-30.492],[153.02,-30.648],[152.989,-30.711],[153.01,-30.854],[153.038,-30.883],[153.076,-30.878],[153.089,-30.911],[153.038,-31.008],[153.065,-31.057],[152.977,-31.171],[152.96,-31.24],[152.976,-31.315],[152.915,-31.407],[152.938,-31.476],[152.842,-31.579],[152.85,-31.641],[152.803,-31.684],[152.806,-31.73],[152.734,-31.816],[152.755,-31.845],[152.615,-31.94],[152.513,-32.115],[152.509,-32.173],[152.571,-32.215],[152.524,-32.29],[152.552,-32.334],[152.516,-32.408],[152.54,-32.444],[152.331,-32.53],[152.285,-32.595],[152.195,-32.648],[152.186,-32.683],[152.205,-32.701],[152.173,-32.678],[152.129,-32.686],[152.122,-32.658],[152.113,-32.682],[152.061,-32.688],[152.062,-32.65],[152.043,-32.68],[151.97,-32.654],[151.945,-32.675],[151.979,-32.702],[151.942,-32.739],[152.058,-32.716],[152.07,-32.736],[152.064,-32.698],[152.089,-32.728],[152.189,-32.712],[152.173,-32.762],[152.124,-32.767],[152.116,-32.793],[152.053,-32.785],[151.919,-32.824],[151.808,-32.879],[151.787,-32.92],[151.79,-32.86],[151.817,-32.824],[151.775,-32.824],[151.757,-32.853],[151.687,-32.822],[151.725,-32.878],[151.696,-32.833],[151.776,-32.858],[151.778,-32.902],[151.734,-32.878],[151.769,-32.896],[151.777,-32.924],[151.763,-32.908],[151.761,-32.923],[151.803,-32.916],[151.737,-32.964],[151.729,-33.011],[151.671,-33.049],[151.661,-33.084],[151.64,-33.085],[151.658,-33.036],[151.628,-33.016],[151.644,-32.975],[151.613,-32.963],[151.617,-33.006],[151.584,-32.997],[151.62,-33.048],[151.577,-33.033],[151.6,-33.04],[151.58,-33.068],[151.614,-33.082],[151.552,-33.061],[151.51,-33.093],[151.565,-33.101],[151.51,-33.138],[151.568,-33.175],[151.553,-33.145],[151.585,-33.122],[151.579,-33.103],[151.597,-33.162],[151.633,-33.071],[151.642,-33.097],[151.666,-33.087],[151.63,-33.153],[151.639,-33.176],[151.564,-33.249],[151.579,-33.282],[151.564,-33.297],[151.502,-33.344],[151.546,-33.278],[151.52,-33.263],[151.564,-33.245],[151.586,-33.208],[151.573,-33.195],[151.555,-33.199],[151.562,-33.24],[151.509,-33.222],[151.519,-33.262],[151.441,-33.307],[151.469,-33.328],[151.441,-33.33],[151.453,-33.358],[151.474,-33.366],[151.492,-33.337],[151.505,-33.354],[151.446,-33.433],[151.447,-33.487],[151.42,-33.521],[151.345,-33.547],[151.336,-33.522],[151.363,-33.521],[151.341,-33.489],[151.376,-33.501],[151.383,-33.471],[151.352,-33.489],[151.336,-33.474],[151.369,-33.439],[151.342,-33.451],[151.323,-33.428],[151.324,-33.477],[151.308,-33.467],[151.318,-33.487],[151.299,-33.495],[151.337,-33.484],[151.351,-33.515],[151.258,-33.571],[151.237,-33.511],[151.266,-33.485],[151.229,-33.53],[151.199,-33.503],[151.238,-33.476],[151.236,-33.453],[151.192,-33.489],[151.199,-33.536],[151.153,-33.488],[151.169,-33.428],[151.102,-33.481],[151.074,-33.447],[151.098,-33.484],[151.156,-33.467],[151.131,-33.491],[151.155,-33.498],[151.154,-33.524],[151.111,-33.507],[151.143,-33.529],[151.117,-33.546],[151.146,-33.542],[151.151,-33.563],[151.103,-33.588],[151.126,-33.6],[151.146,-33.583],[151.133,-33.571],[151.162,-33.576],[151.148,-33.539],[151.175,-33.514],[151.198,-33.55],[151.231,-33.538],[151.213,-33.573],[151.247,-33.578],[151.186,-33.592],[151.214,-33.607],[151.149,-33.655],[151.284,-33.572],[151.311,-33.581],[151.272,-33.659],[151.285,-33.644],[151.312,-33.667],[151.323,-33.579],[151.343,-33.624],[151.31,-33.704],[151.27,-33.714],[151.308,-33.703],[151.318,-33.742],[151.291,-33.747],[151.288,-33.788],[151.302,-33.823],[151.204,-33.772],[151.233,-33.787],[151.215,-33.79],[151.231,-33.795],[151.219,-33.819],[151.246,-33.803],[151.268,-33.825],[151.247,-33.854],[151.146,-33.829],[151.145,-33.803],[151.144,-33.83],[151.174,-33.843],[151.051,-33.824],[151.084,-33.822],[151.082,-33.84],[151.094,-33.824],[151.118,-33.864]]]]}},{"type":"Feature","properties":{"code":"2","State":"Victoria"},"geometry":{"type":"MultiPolygon","coordinates":[[[[145.176,-38.397],[145.13,-38.39],[145.05,-38.43],[145.032,-38.487],[144.887,-38.499],[144.839,-38.43],[144.651,-38.303],[144.815,-38.369],[144.925,-38.349],[144.991,-38.314],[145.032,-38.213],[145.118,-38.144],[145.126,-38.072],[145.097,-38.022],[145.017,-37.981],[144.969,-37.859],[144.899,-37.84],[144.91,-37.87],[144.817,-37.873],[144.794,-37.927],[144.516,-38.045],[144.507,-38.092],[144.397,-38.074],[144.361,-38.106],[144.365,-38.145],[144.417,-38.155],[144.426,-38.124],[144.472,-38.164],[144.559,-38.155],[144.631,-38.107],[144.693,-38.12],[144.72,-38.146],[144.705,-38.214],[144.693,-38.194],[144.623,-38.251],[144.662,-38.273],[144.615,-38.292],[144.536,-38.271],[144.502,-38.29],[144.43,-38.281],[144.332,-38.323],[144.254,-38.396],[144.134,-38.434],[144.105,-38.469],[144.034,-38.477],[143.974,-38.566],[143.924,-38.592],[143.841,-38.691],[143.685,-38.735],[143.662,-38.783],[143.616,-38.795],[143.554,-38.856],[143.511,-38.858],[143.372,-38.759],[143.238,-38.768],[143.037,-38.632],[142.86,-38.606],[142.56,-38.42],[142.471,-38.404],[142.373,-38.349],[142.262,-38.364],[142.247,-38.396],[142.145,-38.391],[141.936,-38.28],[141.739,-38.253],[141.601,-38.313],[141.65,-38.392],[141.627,-38.406],[141.577,-38.388],[141.543,-38.433],[141.519,-38.39],[141.462,-38.362],[141.408,-38.368],[141.414,-38.396],[141.374,-38.387],[141.393,-38.321],[141.299,-38.223],[141.155,-38.129],[140.966,-38.056],[140.964,-33.981],[141.023,-34.06],[141.033,-34.036],[141.089,-34.077],[141.095,-34.05],[141.153,-34.054],[141.153,-34.082],[141.175,-34.073],[141.183,-34.092],[141.205,-34.062],[141.242,-34.061],[141.243,-34.088],[141.317,-34.112],[141.325,-34.139],[141.361,-34.111],[141.444,-34.168],[141.496,-34.155],[141.519,-34.18],[141.511,-34.217],[141.534,-34.191],[141.604,-34.191],[141.584,-34.151],[141.618,-34.157],[141.613,-34.138],[141.677,-34.101],[141.72,-34.115],[141.727,-34.091],[141.875,-34.137],[141.899,-34.111],[141.931,-34.138],[141.945,-34.119],[141.971,-34.136],[141.979,-34.112],[142.023,-34.125],[142.013,-34.105],[142.038,-34.1],[142.029,-34.126],[142.076,-34.131],[142.065,-34.151],[142.105,-34.178],[142.164,-34.151],[142.166,-34.183],[142.22,-34.181],[142.244,-34.209],[142.233,-34.305],[142.286,-34.296],[142.284,-34.327],[142.397,-34.338],[142.351,-34.396],[142.368,-34.435],[142.353,-34.47],[142.384,-34.476],[142.36,-34.5],[142.395,-34.493],[142.375,-34.516],[142.4,-34.522],[142.368,-34.532],[142.453,-34.585],[142.449,-34.559],[142.469,-34.565],[142.452,-34.634],[142.484,-34.636],[142.476,-34.673],[142.516,-34.664],[142.497,-34.674],[142.514,-34.691],[142.499,-34.703],[142.519,-34.702],[142.5,-34.74],[142.555,-34.775],[142.631,-34.785],[142.646,-34.763],[142.62,-34.757],[142.619,-34.728],[142.698,-34.726],[142.679,-34.678],[142.71,-34.678],[142.689,-34.653],[142.709,-34.62],[142.689,-34.617],[142.722,-34.592],[142.762,-34.599],[142.748,-34.577],[142.783,-34.58],[142.77,-34.568],[142.792,-34.546],[142.81,-34.562],[142.786,-34.589],[142.868,-34.627],[142.86,-34.665],[142.886,-34.68],[142.925,-34.648],[142.971,-34.695],[142.988,-34.663],[143.039,-34.703],[143.04,-34.686],[143.056,-34.699],[143.071,-34.678],[143.094,-34.701],[143.114,-34.681],[143.107,-34.702],[143.127,-34.692],[143.148,-34.715],[143.163,-34.698],[143.166,-34.719],[143.219,-34.729],[143.224,-34.759],[143.274,-34.753],[143.252,-34.774],[143.28,-34.794],[143.349,-34.792],[143.353,-34.858],[143.321,-34.888],[143.343,-34.933],[143.317,-34.953],[143.338,-35.01],[143.322,-35.037],[143.351,-35.064],[143.346,-35.104],[143.391,-35.145],[143.395,-35.193],[143.45,-35.189],[143.47,-35.219],[143.571,-35.207],[143.564,-35.244],[143.591,-35.282],[143.562,-35.338],[143.62,-35.388],[143.643,-35.401],[143.684,-35.368],[143.709,-35.393],[143.746,-35.386],[143.764,-35.424],[143.814,-35.435],[143.859,-35.48],[143.97,-35.5],[143.99,-35.555],[144.046,-35.552],[144.266,-35.753],[144.297,-35.737],[144.294,-35.754],[144.329,-35.753],[144.319,-35.767],[144.377,-35.792],[144.365,-35.823],[144.411,-35.858],[144.407,-35.903],[144.515,-35.965],[144.515,-35.994],[144.563,-36.007],[144.583,-36.039],[144.616,-36.032],[144.61,-36.072],[144.637,-36.047],[144.653,-36.075],[144.689,-36.061],[144.684,-36.096],[144.726,-36.089],[144.726,-36.118],[144.808,-36.124],[144.863,-36.059],[144.982,-36.073],[144.924,-35.98],[144.958,-35.961],[144.968,-35.865],[144.992,-35.852],[145.128,-35.821],[145.153,-35.843],[145.247,-35.83],[145.258,-35.851],[145.357,-35.867],[145.419,-35.828],[145.534,-35.802],[145.601,-35.875],[145.626,-35.862],[145.62,-35.884],[145.674,-35.926],[145.699,-35.921],[145.717,-35.951],[145.779,-35.96],[145.811,-35.992],[145.903,-35.952],[145.927,-35.974],[145.954,-35.961],[145.971,-36.016],[146.03,-35.995],[146.091,-36.021],[146.136,-36.003],[146.132,-36.02],[146.173,-36.019],[146.188,-36.042],[146.283,-36.011],[146.284,-36.042],[146.339,-36.026],[146.37,-36.051],[146.423,-35.965],[146.501,-35.991],[146.503,-35.958],[146.548,-35.992],[146.563,-35.968],[146.614,-35.973],[146.613,-35.996],[146.686,-36.041],[146.732,-36.024],[146.749,-36.061],[146.804,-36.055],[146.824,-36.089],[146.873,-36.074],[146.942,-36.116],[146.956,-36.078],[147.053,-36.108],[147.123,-35.994],[147.144,-36.038],[147.285,-36.039],[147.321,-36.061],[147.405,-35.943],[147.452,-35.961],[147.494,-35.943],[147.549,-36.004],[147.584,-35.982],[147.549,-35.965],[147.602,-35.979],[147.706,-35.929],[147.777,-35.969],[147.913,-35.995],[147.923,-36.042],[148.0,-36.046],[147.98,-36.086],[147.991,-36.122],[148.038,-36.141],[148.022,-36.175],[148.041,-36.207],[148.035,-36.311],[148.059,-36.321],[148.037,-36.39],[148.087,-36.452],[148.124,-36.463],[148.133,-36.567],[148.218,-36.598],[148.211,-36.651],[148.131,-36.734],[148.109,-36.801],[148.195,-36.796],[149.976,-37.505],[149.907,-37.543],[149.774,-37.558],[149.678,-37.685],[149.525,-37.737],[149.487,-37.775],[149.337,-37.777],[149.276,-37.804],[149.247,-37.78],[149.119,-37.777],[148.808,-37.786],[148.729,-37.815],[148.296,-37.81],[147.788,-37.955],[147.478,-38.15],[146.883,-38.635],[146.926,-38.594],[146.785,-38.623],[146.786,-38.646],[146.742,-38.665],[146.713,-38.648],[146.694,-38.676],[146.658,-38.672],[146.653,-38.643],[146.64,-38.67],[146.584,-38.677],[146.583,-38.698],[146.58,-38.679],[146.547,-38.684],[146.567,-38.691],[146.551,-38.704],[146.494,-38.68],[146.493,-38.697],[146.437,-38.694],[146.386,-38.721],[146.381,-38.685],[146.352,-38.673],[146.339,-38.691],[146.212,-38.693],[146.229,-38.702],[146.192,-38.726],[146.211,-38.738],[146.186,-38.743],[146.234,-38.81],[146.273,-38.806],[146.293,-38.905],[146.414,-38.853],[146.438,-38.779],[146.479,-38.792],[146.468,-38.875],[146.489,-38.911],[146.446,-38.956],[146.432,-39.016],[146.475,-39.025],[146.46,-39.037],[146.483,-39.061],[146.431,-39.065],[146.426,-39.131],[146.345,-39.125],[146.321,-39.078],[146.352,-39.059],[146.249,-38.996],[146.271,-38.98],[146.239,-38.925],[146.134,-38.837],[146.033,-38.813],[145.998,-38.846],[146.002,-38.882],[145.921,-38.91],[145.87,-38.776],[145.767,-38.667],[145.712,-38.646],[145.607,-38.679],[145.484,-38.556],[145.372,-38.537],[145.363,-38.521],[145.434,-38.494],[145.416,-38.407],[145.514,-38.416],[145.549,-38.372],[145.544,-38.338],[145.515,-38.338],[145.522,-38.298],[145.489,-38.233],[145.344,-38.214],[145.292,-38.248],[145.254,-38.223],[145.223,-38.307],[145.193,-38.296],[145.222,-38.378],[145.184,-38.373],[145.235,-38.41],[145.176,-38.397]]],[[[145.277,-38.388],[145.297,-38.282],[145.368,-38.314],[145.454,-38.307],[145.503,-38.352],[145.407,-38.372],[145.353,-38.42],[145.289,-38.396],[145.272,-38.41],[145.277,-38.388]]],[[[145.161,-38.472],[145.21,-38.449],[145.299,-38.451],[145.273,-38.459],[145.31,-38.46],[145.297,-38.507],[145.363,-38.512],[145.341,-38.533],[145.361,-38.566],[145.272,-38.505],[145.222,-38.53],[145.116,-38.519],[145.161,-38.472]]],[[[146.568,-38.742],[146.668,-38.748],[146.541,-38.791],[146.465,-38.738],[146.542,-38.728],[146.499,-38.763],[146.568,-38.742]]]]}},{"type":"Feature","properties":{"code":"3","State":"Queensland"},"geometry":{"type":"MultiPolygon","coordinates":[[[[152.936,-25.744],[152.937,-25.768],[152.976,-25.771],[152.965,-25.801],[152.94,-25.795],[152.941,-25.82],[152.978,-25.809],[152.983,-25.825],[152.987,-25.803],[153.021,-25.83],[153.026,-25.853],[152.994,-25.88],[153.032,-25.877],[153.001,-25.905],[153.016,-25.903],[153.003,-25.935],[153.031,-25.933],[152.998,-25.953],[153.016,-25.997],[153.057,-25.93],[153.025,-25.908],[153.058,-25.914],[153.066,-25.887],[153.046,-25.849],[153.071,-25.819],[153.045,-25.808],[153.073,-25.812],[153.116,-25.931],[153.165,-25.95],[153.192,-25.931],[153.114,-26.1],[153.061,-26.312],[153.077,-26.378],[153.12,-26.379],[153.092,-26.517],[153.099,-26.644],[153.139,-26.679],[153.151,-26.803],[153.123,-26.809],[153.109,-26.887],[153.071,-26.909],[153.061,-26.893],[153.043,-26.947],[153.066,-26.975],[153.043,-26.969],[153.103,-27.035],[153.099,-27.064],[153.144,-27.076],[153.066,-27.111],[153.029,-27.179],[153.086,-27.206],[153.115,-27.191],[153.108,-27.262],[153.077,-27.263],[153.076,-27.228],[153.054,-27.23],[153.079,-27.265],[153.065,-27.303],[153.161,-27.377],[153.108,-27.442],[153.049,-27.44],[153.053,-27.472],[153.005,-27.473],[153.009,-27.521],[152.973,-27.504],[152.974,-27.543],[152.938,-27.525],[152.904,-27.544],[152.906,-27.601],[152.888,-27.591],[152.907,-27.601],[152.905,-27.544],[152.947,-27.528],[152.974,-27.545],[152.971,-27.506],[153.01,-27.523],[153.007,-27.474],[153.054,-27.475],[153.053,-27.442],[153.116,-27.44],[153.202,-27.353],[153.165,-27.398],[153.192,-27.476],[153.241,-27.465],[153.263,-27.517],[153.291,-27.511],[153.281,-27.55],[153.318,-27.581],[153.301,-27.601],[153.323,-27.701],[153.293,-27.692],[153.299,-27.712],[153.348,-27.695],[153.391,-27.707],[153.412,-27.741],[153.439,-27.736],[153.427,-27.779],[153.35,-27.8],[153.402,-27.865],[153.366,-27.851],[153.382,-27.887],[153.343,-27.91],[153.401,-27.872],[153.415,-28.0],[153.434,-27.935],[153.451,-28.086],[153.515,-28.162],[153.552,-28.165],[153.477,-28.157],[153.364,-28.248],[153.28,-28.233],[153.233,-28.265],[153.177,-28.25],[153.168,-28.295],[153.125,-28.318],[153.108,-28.358],[152.934,-28.338],[152.88,-28.31],[152.751,-28.364],[152.628,-28.304],[152.614,-28.269],[152.58,-28.339],[152.526,-28.306],[152.534,-28.263],[152.463,-28.259],[152.443,-28.298],[152.415,-28.298],[152.418,-28.332],[152.385,-28.369],[152.309,-28.363],[152.22,-28.448],[152.16,-28.433],[152.07,-28.469],[152.017,-28.525],[151.989,-28.526],[151.983,-28.503],[151.955,-28.519],[152.01,-28.665],[152.063,-28.679],[152.076,-28.708],[152.042,-28.732],[152.015,-28.85],[152.038,-28.864],[152.011,-28.907],[151.996,-28.895],[151.916,-28.929],[151.852,-28.907],[151.831,-28.962],[151.807,-28.945],[151.777,-28.959],[151.734,-28.871],[151.706,-28.872],[151.635,-28.93],[151.545,-28.953],[151.498,-29.019],[151.502,-29.072],[151.394,-29.178],[151.341,-29.179],[151.279,-29.099],[151.275,-28.939],[151.103,-28.836],[151.044,-28.844],[151.01,-28.741],[150.952,-28.737],[150.905,-28.687],[150.873,-28.694],[150.751,-28.634],[150.633,-28.677],[150.554,-28.653],[150.552,-28.672],[150.525,-28.654],[150.44,-28.664],[150.292,-28.537],[150.213,-28.574],[150.152,-28.55],[150.081,-28.584],[150.016,-28.58],[149.977,-28.614],[149.721,-28.609],[149.705,-28.634],[149.666,-28.632],[149.662,-28.61],[149.587,-28.573],[149.503,-28.574],[149.452,-28.595],[149.388,-28.696],[149.358,-28.684],[149.298,-28.709],[149.188,-28.775],[149.179,-28.803],[149.139,-28.807],[149.128,-28.836],[149.081,-28.842],[149.032,-28.957],[148.958,-28.999],[140.999,-28.999],[140.999,-25.996],[137.999,-25.997],[137.995,-16.538],[138.119,-16.65],[138.321,-16.749],[138.362,-16.74],[138.48,-16.784],[138.629,-16.768],[138.884,-16.885],[139.039,-16.912],[139.087,-16.999],[139.158,-17.029],[139.141,-17.073],[139.155,-17.164],[139.237,-17.32],[139.306,-17.365],[139.431,-17.382],[139.45,-17.393],[139.436,-17.423],[139.454,-17.394],[139.477,-17.401],[139.647,-17.538],[139.722,-17.548],[139.757,-17.577],[139.82,-17.57],[139.833,-17.605],[139.933,-17.628],[139.952,-17.678],[140.004,-17.715],[140.093,-17.723],[140.385,-17.678],[140.594,-17.598],[140.71,-17.51],[140.828,-17.465],[140.901,-17.349],[140.912,-17.235],[140.962,-17.093],[140.947,-17.041],[140.967,-16.979],[141.06,-16.878],[141.082,-16.803],[141.204,-16.692],[141.233,-16.588],[141.271,-16.558],[141.304,-16.474],[141.286,-16.408],[141.348,-16.225],[141.433,-16.075],[141.373,-15.917],[141.398,-15.91],[141.413,-15.855],[141.436,-15.654],[141.57,-15.292],[141.576,-15.205],[141.636,-15.15],[141.63,-15.105],[141.666,-15.03],[141.59,-14.857],[141.526,-14.489],[141.601,-14.246],[141.597,-14.105],[141.476,-13.946],[141.467,-13.864],[141.523,-13.572],[141.696,-13.265],[141.629,-13.159],[141.618,-13.04],[141.583,-12.997],[141.629,-12.915],[141.739,-12.855],[141.804,-12.679],[141.863,-12.693],[141.878,-12.671],[141.827,-12.649],[141.894,-12.591],[141.822,-12.602],[141.709,-12.519],[141.695,-12.557],[141.643,-12.578],[141.591,-12.562],[141.713,-12.239],[141.85,-11.984],[141.909,-11.955],[141.886,-11.984],[141.945,-12.145],[141.924,-12.168],[141.949,-12.15],[141.932,-12.071],[141.958,-12.042],[141.994,-12.06],[142.012,-12.039],[141.972,-11.98],[141.943,-11.978],[141.942,-11.946],[141.962,-11.821],[142.002,-11.753],[142.12,-11.369],[142.116,-11.225],[142.157,-11.122],[142.133,-10.948],[142.194,-10.915],[142.314,-10.916],[142.392,-10.826],[142.438,-10.708],[142.499,-10.717],[142.531,-10.688],[142.609,-10.749],[142.549,-10.832],[142.518,-10.842],[142.516,-10.909],[142.482,-10.978],[142.556,-10.914],[142.558,-10.874],[142.595,-10.891],[142.589,-10.868],[142.617,-10.892],[142.615,-10.942],[142.668,-10.945],[142.698,-10.978],[142.716,-10.961],[142.786,-11.074],[142.793,-11.276],[142.869,-11.382],[142.827,-11.475],[142.86,-11.642],[142.856,-11.846],[142.978,-11.934],[143.066,-11.928],[143.098,-11.893],[143.148,-11.919],[143.167,-11.973],[143.212,-11.954],[143.244,-11.969],[143.187,-11.989],[143.078,-12.16],[143.097,-12.219],[143.077,-12.331],[143.084,-12.348],[143.18,-12.343],[143.247,-12.379],[143.274,-12.406],[143.271,-12.496],[143.305,-12.551],[143.439,-12.613],[143.358,-12.798],[143.353,-12.896],[143.401,-12.901],[143.405,-12.868],[143.448,-12.849],[143.478,-12.865],[143.544,-12.843],[143.499,-12.941],[143.502,-13.126],[143.526,-13.324],[143.582,-13.376],[143.597,-13.442],[143.531,-13.755],[143.623,-13.965],[143.68,-14.015],[143.703,-14.209],[143.772,-14.389],[143.861,-14.475],[143.949,-14.496],[144.03,-14.484],[144.169,-14.38],[144.199,-14.322],[144.195,-14.261],[144.339,-14.307],[144.435,-14.26],[144.491,-14.166],[144.518,-14.167],[144.596,-14.26],[144.588,-14.363],[144.651,-14.358],[144.619,-14.476],[144.684,-14.553],[144.775,-14.546],[144.783,-14.594],[144.91,-14.614],[144.924,-14.664],[144.951,-14.678],[144.953,-14.736],[145.007,-14.755],[145.023,-14.795],[145.173,-14.843],[145.226,-14.83],[145.219,-14.881],[145.282,-14.956],[145.352,-14.953],[145.355,-14.988],[145.289,-15.043],[145.234,-15.141],[145.266,-15.255],[145.315,-15.26],[145.34,-15.227],[145.357,-15.277],[145.286,-15.316],[145.288,-15.377],[145.229,-15.463],[145.263,-15.461],[145.284,-15.497],[145.272,-15.541],[145.307,-15.552],[145.33,-15.594],[145.312,-15.644],[145.364,-15.729],[145.352,-15.808],[145.377,-15.839],[145.357,-15.91],[145.409,-15.944],[145.477,-16.076],[145.442,-16.186],[145.489,-16.277],[145.449,-16.291],[145.417,-16.34],[145.409,-16.456],[145.469,-16.48],[145.471,-16.517],[145.582,-16.688],[145.671,-16.737],[145.681,-16.774],[145.725,-16.804],[145.775,-16.87],[145.779,-16.94],[145.849,-16.871],[145.869,-16.907],[145.907,-16.897],[145.919,-16.864],[145.958,-16.897],[145.901,-16.981],[145.889,-17.058],[145.95,-17.132],[146.021,-17.348],[146.073,-17.394],[146.077,-17.505],[146.033,-17.512],[146.027,-17.548],[146.068,-17.51],[146.149,-17.649],[146.113,-17.693],[146.113,-17.771],[146.091,-17.799],[146.12,-17.856],[146.098,-17.895],[146.101,-17.977],[146.074,-17.99],[146.007,-18.123],[146.016,-18.245],[146.106,-18.352],[146.141,-18.364],[146.168,-18.446],[146.2,-18.452],[146.189,-18.474],[146.338,-18.526],[146.319,-18.646],[146.339,-18.63],[146.276,-18.813],[146.29,-18.892],[146.454,-19.074],[146.676,-19.19],[146.767,-19.184],[146.787,-19.237],[146.839,-19.243],[146.836,-19.271],[146.883,-19.304],[146.958,-19.309],[147.023,-19.214],[147.016,-19.182],[147.061,-19.256],[147.041,-19.297],[147.126,-19.422],[147.161,-19.405],[147.246,-19.432],[147.302,-19.408],[147.442,-19.421],[147.447,-19.366],[147.385,-19.302],[147.417,-19.314],[147.487,-19.466],[147.561,-19.553],[147.575,-19.631],[147.616,-19.673],[147.587,-19.725],[147.6,-19.755],[147.67,-19.828],[147.765,-19.837],[147.752,-19.707],[147.822,-19.709],[147.852,-19.74],[147.863,-19.848],[147.918,-19.909],[147.992,-19.928],[148.08,-19.882],[148.114,-19.942],[148.26,-19.975],[148.267,-20.025],[148.235,-20.026],[148.233,-20.05],[148.284,-20.077],[148.278,-20.1],[148.342,-20.153],[148.435,-20.168],[148.479,-20.119],[148.443,-20.111],[148.452,-20.059],[148.527,-20.094],[148.56,-20.066],[148.57,-20.17],[148.598,-20.166],[148.583,-20.198],[148.62,-20.177],[148.601,-20.211],[148.63,-20.22],[148.639,-20.171],[148.653,-20.216],[148.677,-20.177],[148.673,-20.282],[148.716,-20.263],[148.739,-20.282],[148.733,-20.254],[148.753,-20.262],[148.752,-20.236],[148.77,-20.237],[148.777,-20.274],[148.802,-20.28],[148.769,-20.3],[148.82,-20.325],[148.819,-20.355],[148.824,-20.338],[148.841,-20.352],[148.816,-20.384],[148.84,-20.392],[148.839,-20.432],[148.878,-20.471],[148.904,-20.468],[148.884,-20.489],[148.93,-20.535],[148.857,-20.528],[148.821,-20.497],[148.825,-20.427],[148.821,-20.444],[148.791,-20.415],[148.793,-20.454],[148.756,-20.419],[148.784,-20.45],[148.764,-20.48],[148.68,-20.441],[148.715,-20.496],[148.662,-20.586],[148.69,-20.599],[148.697,-20.638],[148.727,-20.633],[148.706,-20.671],[148.733,-20.688],[148.731,-20.717],[148.841,-20.791],[148.795,-20.813],[148.839,-20.825],[148.845,-20.876],[148.877,-20.875],[148.885,-20.849],[148.915,-20.892],[148.952,-20.876],[149.005,-20.912],[149.046,-20.903],[149.061,-20.928],[149.019,-20.929],[149.015,-20.992],[149.091,-20.976],[149.114,-21.002],[149.158,-21.0],[149.206,-21.077],[149.227,-21.063],[149.223,-21.148],[149.197,-21.126],[149.153,-21.146],[149.215,-21.145],[149.196,-21.211],[149.174,-21.198],[149.214,-21.242],[149.18,-21.278],[149.202,-21.278],[149.193,-21.298],[149.255,-21.245],[149.274,-21.278],[149.299,-21.273],[149.317,-21.394],[149.276,-21.401],[149.338,-21.427],[149.298,-21.426],[149.298,-21.471],[149.274,-21.478],[149.297,-21.511],[149.327,-21.505],[149.309,-21.497],[149.338,-21.475],[149.349,-21.509],[149.396,-21.493],[149.374,-21.535],[149.399,-21.56],[149.438,-21.554],[149.444,-21.578],[149.422,-21.575],[149.45,-21.578],[149.442,-21.593],[149.485,-21.532],[149.486,-21.571],[149.439,-21.639],[149.45,-21.716],[149.471,-21.708],[149.48,-21.743],[149.434,-21.723],[149.457,-21.73],[149.425,-21.743],[149.422,-21.773],[149.431,-21.746],[149.434,-21.818],[149.472,-21.839],[149.465,-21.926],[149.523,-22.025],[149.519,-22.082],[149.597,-22.281],[149.629,-22.296],[149.658,-22.355],[149.692,-22.347],[149.711,-22.37],[149.731,-22.348],[149.767,-22.371],[149.747,-22.386],[149.752,-22.436],[149.784,-22.38],[149.811,-22.382],[149.888,-22.493],[149.963,-22.539],[150.044,-22.661],[149.913,-22.346],[149.943,-22.211],[150.002,-22.143],[150.044,-22.125],[150.082,-22.152],[150.102,-22.222],[150.192,-22.325],[150.18,-22.363],[150.217,-22.394],[150.301,-22.398],[150.302,-22.422],[150.498,-22.56],[150.492,-22.521],[150.545,-22.561],[150.515,-22.557],[150.544,-22.573],[150.53,-22.603],[150.549,-22.617],[150.549,-22.569],[150.598,-22.559],[150.552,-22.484],[150.608,-22.501],[150.533,-22.45],[150.59,-22.464],[150.539,-22.443],[150.556,-22.431],[150.53,-22.402],[150.539,-22.352],[150.562,-22.316],[150.626,-22.328],[150.641,-22.363],[150.617,-22.35],[150.643,-22.38],[150.611,-22.389],[150.658,-22.414],[150.627,-22.442],[150.655,-22.422],[150.666,-22.454],[150.672,-22.403],[150.65,-22.369],[150.67,-22.348],[150.693,-22.431],[150.753,-22.446],[150.759,-22.468],[150.724,-22.519],[150.678,-22.473],[150.674,-22.495],[150.644,-22.474],[150.689,-22.543],[150.679,-22.573],[150.706,-22.551],[150.727,-22.568],[150.73,-22.628],[150.694,-22.606],[150.707,-22.636],[150.759,-22.627],[150.739,-22.627],[150.741,-22.594],[150.77,-22.522],[150.791,-22.555],[150.778,-22.641],[150.835,-22.684],[150.75,-23.134],[150.795,-23.163],[150.789,-23.209],[150.83,-23.255],[150.79,-23.31],[150.759,-23.3],[150.793,-23.323],[150.811,-23.41],[150.871,-23.481],[150.85,-23.507],[150.791,-23.506],[150.879,-23.542],[150.868,-23.577],[150.957,-23.55],[150.959,-23.6],[150.925,-23.623],[150.968,-23.605],[150.975,-23.555],[151.027,-23.572],[151.044,-23.626],[151.122,-23.671],[151.135,-23.698],[151.11,-23.705],[151.151,-23.728],[151.144,-23.77],[151.165,-23.763],[151.175,-23.818],[151.232,-23.815],[151.281,-23.856],[151.323,-23.855],[151.354,-23.935],[151.427,-23.987],[151.44,-24.077],[151.443,-24.026],[151.466,-24.072],[151.494,-24.067],[151.44,-23.992],[151.544,-24.029],[151.501,-24.045],[151.527,-24.06],[151.525,-24.09],[151.548,-24.089],[151.545,-24.113],[151.552,-24.082],[151.564,-24.111],[151.56,-24.074],[151.58,-24.087],[151.555,-24.07],[151.566,-24.036],[151.635,-24.056],[151.683,-24.103],[151.677,-24.049],[151.637,-24.032],[151.64,-23.998],[151.604,-24.009],[151.611,-23.979],[151.731,-24.023],[151.705,-24.039],[151.716,-24.087],[151.738,-24.003],[151.765,-24.015],[151.787,-24.117],[151.771,-24.13],[151.793,-24.126],[151.836,-24.177],[151.876,-24.172],[151.849,-24.218],[151.879,-24.194],[151.886,-24.149],[152.058,-24.512],[152.044,-24.525],[152.065,-24.522],[152.148,-24.627],[152.27,-24.71],[152.348,-24.738],[152.334,-24.744],[152.383,-24.735],[152.381,-24.797],[152.383,-24.764],[152.413,-24.758],[152.468,-24.816],[152.495,-24.916],[152.486,-24.971],[152.551,-25.073],[152.507,-25.077],[152.547,-25.074],[152.633,-25.152],[152.62,-25.173],[152.555,-25.172],[152.547,-25.205],[152.556,-25.182],[152.615,-25.183],[152.644,-25.234],[152.722,-25.27],[152.807,-25.264],[152.814,-25.243],[152.837,-25.278],[152.914,-25.293],[152.924,-25.431],[152.897,-25.418],[152.908,-25.43],[152.824,-25.494],[152.956,-25.433],[152.895,-25.502],[152.903,-25.542],[152.862,-25.553],[152.911,-25.674],[152.878,-25.684],[152.936,-25.744]]],[[[153.311,-24.956],[153.351,-24.963],[153.356,-25.02],[153.109,-25.555],[153.077,-25.676],[153.088,-25.763],[153.076,-25.794],[153.047,-25.796],[152.99,-25.718],[152.964,-25.576],[152.943,-25.586],[152.989,-25.512],[152.986,-25.449],[153.052,-25.344],[153.049,-25.239],[152.991,-25.225],[153.15,-25.094],[153.223,-24.995],[153.229,-24.916],[153.172,-24.834],[153.119,-24.813],[153.25,-24.697],[153.267,-24.701],[153.265,-24.878],[153.311,-24.956]]],[[[139.195,-16.662],[139.162,-16.665],[139.16,-16.61],[139.208,-16.574],[139.241,-16.505],[139.307,-16.462],[139.465,-16.446],[139.551,-16.391],[139.605,-16.403],[139.702,-16.486],[139.712,-16.532],[139.657,-16.519],[139.594,-16.555],[139.547,-16.461],[139.561,-16.48],[139.53,-16.518],[139.475,-16.526],[139.516,-16.547],[139.506,-16.578],[139.484,-16.556],[139.453,-16.57],[139.473,-16.583],[139.455,-16.58],[139.465,-16.63],[139.439,-16.631],[139.451,-16.666],[139.416,-16.672],[139.402,-16.64],[139.375,-16.642],[139.374,-16.686],[139.314,-16.73],[139.229,-16.733],[139.199,-16.706],[139.195,-16.662]]],[[[151.278,-23.677],[151.315,-23.761],[151.29,-23.762],[151.284,-23.797],[151.262,-23.749],[151.245,-23.794],[151.216,-23.797],[151.13,-23.669],[151.046,-23.621],[150.978,-23.488],[151.057,-23.448],[151.075,-23.489],[151.2,-23.51],[151.183,-23.541],[151.234,-23.483],[151.225,-23.606],[151.278,-23.677]]],[[[146.244,-18.295],[146.223,-18.194],[146.249,-18.236],[146.306,-18.24],[146.276,-18.319],[146.359,-18.419],[146.305,-18.494],[146.222,-18.477],[146.202,-18.383],[146.071,-18.247],[146.128,-18.235],[146.244,-18.295]]],[[[153.401,-27.5],[153.441,-27.392],[153.544,-27.426],[153.474,-27.602],[153.454,-27.729],[153.44,-27.715],[153.424,-27.741],[153.393,-27.708],[153.422,-27.642],[153.401,-27.5]]],[[[153.364,-27.129],[153.362,-27.06],[153.468,-27.028],[153.418,-27.215],[153.428,-27.364],[153.365,-27.201],[153.364,-27.129]]],[[[142.195,-10.595],[142.277,-10.707],[142.265,-10.727],[142.243,-10.711],[142.23,-10.739],[142.207,-10.726],[142.177,-10.771],[142.114,-10.722],[142.11,-10.662],[142.195,-10.595]]],[[[153.134,-26.889],[153.205,-27.067],[153.197,-27.097],[153.166,-27.1],[153.077,-26.98],[153.076,-26.913],[153.13,-26.874],[153.131,-26.81],[153.134,-26.889]]],[[[142.315,-10.216],[142.277,-10.26],[142.216,-10.238],[142.186,-10.19],[142.22,-10.129],[142.268,-10.116],[142.326,-10.135],[142.344,-10.169],[142.315,-10.216]]],[[[139.485,-17.118],[139.482,-17.085],[139.43,-17.104],[139.434,-17.139],[139.394,-17.083],[139.423,-17.079],[139.462,-17.025],[139.49,-17.045],[139.474,-17.03],[139.494,-16.98],[139.556,-17.034],[139.578,-17.094],[139.485,-17.118]]],[[[148.953,-20.251],[148.959,-20.228],[148.938,-20.237],[148.967,-20.156],[148.976,-20.205],[148.997,-20.205],[148.992,-20.25],[149.026,-20.235],[149.015,-20.27],[149.025,-20.255],[149.063,-20.294],[149.023,-20.321],[148.989,-20.301],[148.963,-20.329],[148.95,-20.302],[148.975,-20.269],[148.938,-20.307],[148.913,-20.291],[148.953,-20.251]]],[[[142.689,-9.376],[142.801,-9.382],[142.707,-9.428],[142.597,-9.405],[142.645,-9.365],[142.689,-9.376]]],[[[142.119,-10.149],[142.085,-10.113],[142.114,-10.069],[142.182,-10.059],[142.188,-10.151],[142.163,-10.181],[142.134,-10.179],[142.119,-10.149]]],[[[149.862,-22.17],[149.881,-22.07],[149.908,-22.053],[149.93,-22.137],[149.901,-22.233],[149.866,-22.222],[149.862,-22.17]]],[[[150.471,-22.286],[150.475,-22.261],[150.5,-22.27],[150.478,-22.255],[150.496,-22.235],[150.47,-22.222],[150.491,-22.207],[150.561,-22.296],[150.486,-22.35],[150.478,-22.321],[150.5,-22.303],[150.463,-22.301],[150.471,-22.286]]],[[[142.133,-9.269],[142.221,-9.229],[142.243,-9.259],[142.295,-9.263],[142.275,-9.29],[142.133,-9.269]]],[[[146.58,-18.765],[146.574,-18.676],[146.642,-18.75],[146.685,-18.737],[146.695,-18.759],[146.648,-18.777],[146.58,-18.765]]],[[[148.949,-20.083],[148.951,-20.157],[148.93,-20.177],[148.93,-20.133],[148.915,-20.175],[148.902,-20.166],[148.916,-20.123],[148.888,-20.169],[148.907,-20.071],[148.963,-20.062],[148.949,-20.083]]],[[[146.834,-19.18],[146.781,-19.124],[146.883,-19.111],[146.873,-19.153],[146.834,-19.18]]],[[[142.24,-10.601],[142.307,-10.571],[142.327,-10.613],[142.266,-10.642],[142.24,-10.601]]],[[[151.364,-23.859],[151.325,-23.789],[151.332,-23.754],[151.394,-23.866],[151.374,-23.881],[151.364,-23.859]]],[[[139.183,-16.698],[139.185,-16.734],[139.141,-16.754],[139.145,-16.693],[139.173,-16.671],[139.183,-16.698]]],[[[150.012,-22.105],[150.04,-22.112],[150.013,-22.11],[150.021,-22.127],[149.943,-22.171],[149.937,-22.145],[150.012,-22.105]]],[[[148.478,-20.0],[148.475,-20.05],[148.457,-20.052],[148.445,-19.974],[148.478,-20.0]]]]}},{"type":"Feature","properties":{"code":"4","State":"South Australia"},"geometry":{"type":"MultiPolygon","coordinates":[[[[138.623,-35.558],[138.603,-35.595],[138.523,-35.643],[138.276,-35.639],[138.185,-35.665],[138.096,-35.625],[138.165,-35.519],[138.245,-35.501],[138.295,-35.468],[138.338,-35.395],[138.441,-35.351],[138.443,-35.271],[138.47,-35.242],[138.469,-35.109],[138.518,-35.033],[138.478,-34.783],[138.516,-34.771],[138.497,-34.851],[138.516,-34.811],[138.566,-34.825],[138.529,-34.741],[138.43,-34.668],[138.435,-34.631],[138.265,-34.477],[138.222,-34.309],[138.192,-34.272],[138.146,-34.266],[138.164,-34.216],[138.09,-34.132],[138.006,-34.241],[138.022,-34.288],[138.006,-34.351],[137.917,-34.428],[137.888,-34.506],[137.876,-34.599],[137.908,-34.616],[137.877,-34.667],[137.865,-34.778],[137.798,-34.882],[137.805,-34.912],[137.757,-34.997],[137.764,-35.041],[137.725,-35.053],[137.759,-35.115],[137.678,-35.168],[137.637,-35.168],[137.555,-35.117],[137.423,-35.098],[137.352,-35.134],[137.335,-35.168],[137.237,-35.165],[137.174,-35.237],[137.001,-35.223],[136.967,-35.267],[136.884,-35.3],[136.822,-35.246],[136.847,-35.228],[136.846,-35.19],[136.891,-35.184],[136.941,-35.13],[136.961,-35.079],[136.93,-35.029],[136.97,-34.998],[136.976,-34.941],[137.013,-34.92],[137.013,-34.893],[137.082,-34.92],[137.277,-34.894],[137.374,-34.954],[137.448,-34.912],[137.509,-34.626],[137.474,-34.515],[137.483,-34.439],[137.464,-34.426],[137.427,-34.473],[137.415,-34.46],[137.446,-34.398],[137.476,-34.393],[137.501,-34.308],[137.5,-34.226],[137.45,-34.135],[137.523,-34.129],[137.567,-34.046],[137.527,-34.004],[137.631,-33.922],[137.6,-33.877],[137.879,-33.596],[137.92,-33.587],[137.893,-33.626],[137.918,-33.625],[137.935,-33.553],[137.951,-33.573],[137.977,-33.56],[137.971,-33.539],[137.939,-33.548],[137.949,-33.512],[137.87,-33.397],[137.875,-33.362],[137.891,-33.367],[137.881,-33.322],[137.854,-33.328],[137.811,-33.265],[137.838,-33.207],[137.939,-33.158],[137.959,-33.168],[138.0,-33.132],[138.026,-33.181],[138.02,-33.15],[138.055,-33.117],[138.025,-33.106],[138.046,-33.085],[138.019,-33.035],[137.952,-33.006],[137.901,-32.778],[137.944,-32.757],[137.837,-32.696],[137.868,-32.664],[137.803,-32.606],[137.835,-32.575],[137.78,-32.551],[137.761,-32.433],[137.75,-32.71],[137.782,-32.713],[137.811,-32.754],[137.799,-32.895],[137.75,-32.921],[137.787,-33.0],[137.641,-32.955],[137.535,-33.096],[137.452,-33.131],[137.434,-33.23],[137.374,-33.293],[137.386,-33.372],[137.361,-33.439],[137.314,-33.472],[137.214,-33.661],[137.166,-33.691],[136.991,-33.725],[136.593,-33.899],[136.576,-33.943],[136.363,-34.069],[136.324,-34.182],[136.23,-34.3],[136.112,-34.359],[136.103,-34.381],[136.13,-34.408],[136.092,-34.429],[136.117,-34.426],[136.122,-34.468],[136.092,-34.543],[136.06,-34.479],[136.027,-34.482],[136.022,-34.516],[135.972,-34.505],[135.93,-34.531],[135.902,-34.593],[135.934,-34.61],[135.937,-34.649],[135.893,-34.615],[135.854,-34.664],[135.854,-34.716],[135.88,-34.72],[135.87,-34.744],[135.891,-34.752],[135.865,-34.77],[135.844,-34.754],[135.786,-34.811],[135.893,-34.806],[135.956,-34.757],[135.981,-34.785],[135.979,-34.73],[136.007,-34.736],[136.016,-34.795],[135.96,-34.848],[136.005,-34.98],[135.95,-35.006],[135.929,-34.948],[135.856,-34.927],[135.853,-34.886],[135.788,-34.86],[135.712,-34.865],[135.706,-34.906],[135.679,-34.914],[135.685,-34.946],[135.619,-34.945],[135.605,-34.879],[135.476,-34.745],[135.383,-34.688],[135.322,-34.683],[135.35,-34.658],[135.339,-34.623],[135.243,-34.547],[135.109,-34.588],[135.139,-34.503],[135.207,-34.429],[135.221,-34.499],[135.354,-34.522],[135.319,-34.519],[135.298,-34.552],[135.355,-34.58],[135.362,-34.621],[135.402,-34.633],[135.364,-34.641],[135.517,-34.613],[135.458,-34.586],[135.443,-34.601],[135.473,-34.617],[135.434,-34.605],[135.446,-34.537],[135.41,-34.539],[135.406,-34.507],[135.391,-34.534],[135.422,-34.549],[135.396,-34.593],[135.422,-34.602],[135.389,-34.595],[135.389,-34.442],[135.359,-34.42],[135.35,-34.277],[135.304,-34.184],[135.241,-34.15],[135.279,-34.122],[135.254,-33.984],[135.182,-33.877],[135.042,-33.756],[134.887,-33.66],[134.884,-33.639],[134.83,-33.626],[134.863,-33.55],[134.847,-33.442],[134.802,-33.328],[134.658,-33.234],[134.72,-33.229],[134.704,-33.176],[134.598,-33.139],[134.559,-33.16],[134.598,-33.197],[134.641,-33.183],[134.631,-33.214],[134.664,-33.223],[134.63,-33.245],[134.596,-33.203],[134.451,-33.145],[134.369,-33.176],[134.36,-33.127],[134.293,-33.076],[134.277,-33.024],[134.263,-33.084],[134.359,-33.149],[134.351,-33.191],[134.327,-33.199],[134.26,-33.153],[134.262,-33.098],[134.229,-33.042],[134.191,-33.035],[134.168,-33.056],[134.138,-33.018],[134.194,-33.014],[134.202,-32.963],[134.174,-32.929],[134.139,-32.944],[134.118,-32.914],[134.081,-32.927],[134.061,-32.909],[134.138,-32.831],[134.06,-32.722],[134.205,-32.725],[134.153,-32.724],[134.2,-32.746],[134.197,-32.796],[134.222,-32.79],[134.29,-32.696],[134.268,-32.577],[134.18,-32.48],[134.103,-32.45],[134.082,-32.466],[134.059,-32.441],[134.086,-32.471],[134.036,-32.46],[133.992,-32.505],[133.921,-32.495],[133.893,-32.542],[133.849,-32.542],[133.866,-32.4],[133.92,-32.428],[133.952,-32.39],[133.822,-32.234],[133.77,-32.264],[133.756,-32.205],[133.679,-32.203],[133.693,-32.155],[133.643,-32.149],[133.671,-32.135],[133.668,-32.104],[133.592,-32.087],[133.572,-32.118],[133.585,-32.141],[133.553,-32.17],[133.522,-32.155],[133.525,-32.127],[133.497,-32.151],[133.474,-32.1],[133.452,-32.136],[133.395,-32.141],[133.412,-32.178],[133.464,-32.172],[133.488,-32.206],[133.442,-32.178],[133.407,-32.2],[133.321,-32.18],[133.253,-32.211],[133.159,-32.17],[133.126,-32.209],[133.14,-32.178],[133.099,-32.134],[133.007,-32.083],[132.98,-32.107],[132.964,-32.065],[132.747,-31.949],[132.536,-31.934],[132.446,-31.971],[132.438,-32.002],[132.474,-32.03],[132.42,-31.999],[132.335,-32.029],[132.2,-32.027],[132.074,-31.918],[131.759,-31.72],[131.149,-31.464],[131.026,-31.538],[130.806,-31.606],[130.147,-31.577],[129.002,-31.687],[129.002,-25.999],[140.999,-25.996],[141.003,-34.022],[140.986,-34.029],[140.964,-33.981],[140.966,-38.056],[140.834,-38.041],[140.662,-38.061],[140.396,-37.92],[140.259,-37.699],[140.113,-37.579],[140.121,-37.531],[140.051,-37.479],[139.993,-37.486],[139.803,-37.271],[139.74,-37.182],[139.743,-37.156],[139.788,-37.159],[139.793,-37.116],[139.744,-37.075],[139.741,-37.021],[139.67,-36.957],[139.843,-36.84],[139.859,-36.677],[139.708,-36.31],[139.494,-36.01],[139.22,-35.76],[138.955,-35.593],[138.724,-35.514],[138.623,-35.558]]],[[[133.544,-32.294],[133.55,-32.264],[133.674,-32.232],[133.611,-32.26],[133.628,-32.272],[133.601,-32.308],[133.57,-32.319],[133.544,-32.294]]],[[[134.451,-33.763],[134.47,-33.692],[134.528,-33.678],[134.547,-33.725],[134.517,-33.718],[134.451,-33.763]]],[[[137.565,-35.572],[137.634,-35.565],[137.627,-35.597],[137.568,-35.624],[137.644,-35.654],[137.581,-35.73],[137.793,-35.738],[137.803,-35.759],[137.744,-35.805],[137.754,-35.843],[137.815,-35.822],[137.759,-35.807],[137.777,-35.784],[137.85,-35.796],[137.893,-35.758],[137.896,-35.724],[137.935,-35.716],[138.045,-35.742],[138.078,-35.797],[138.126,-35.802],[138.135,-35.842],[138.043,-35.904],[137.912,-35.86],[137.738,-35.854],[137.726,-35.877],[137.612,-35.913],[137.602,-36.01],[137.461,-36.075],[137.371,-35.998],[137.216,-35.974],[137.131,-36.034],[136.997,-36.017],[136.915,-36.044],[136.837,-36.018],[136.705,-36.064],[136.666,-35.976],[136.595,-35.961],[136.534,-35.886],[136.587,-35.749],[136.697,-35.74],[136.784,-35.7],[137.071,-35.669],[137.313,-35.579],[137.519,-35.596],[137.565,-35.572]]],[[[136.146,-34.998],[136.079,-34.95],[136.107,-34.932],[136.19,-35.004],[136.202,-35.065],[136.154,-35.045],[136.146,-34.998]]]]}},{"type":"Feature","properties":{"code":"5","State":"Western Australia"},"geometry":{"type":"MultiPolygon","coordinates":[[[[116.014,-34.84],[115.947,-34.72],[115.586,-34.426],[115.54,-34.423],[115.342,-34.315],[115.168,-34.322],[115.165,-34.301],[115.202,-34.278],[115.169,-34.28],[115.178,-34.266],[115.144,-34.289],[115.173,-34.323],[115.165,-34.361],[115.133,-34.376],[115.024,-34.254],[115.039,-34.195],[114.991,-34.099],[115.001,-34.014],[114.976,-33.865],[115.0,-33.793],[114.975,-33.698],[115.028,-33.636],[115.004,-33.53],[115.089,-33.568],[115.123,-33.624],[115.202,-33.65],[115.367,-33.64],[115.435,-33.602],[115.574,-33.454],[115.636,-33.309],[115.666,-33.323],[115.688,-33.107],[115.608,-32.666],[115.628,-32.599],[115.71,-32.52],[115.718,-32.558],[115.673,-32.573],[115.641,-32.62],[115.712,-32.788],[115.727,-32.753],[115.666,-32.616],[115.745,-32.647],[115.774,-32.636],[115.778,-32.596],[115.758,-32.566],[115.718,-32.564],[115.711,-32.523],[115.738,-32.503],[115.75,-32.431],[115.713,-32.37],[115.744,-32.336],[115.685,-32.266],[115.737,-32.27],[115.775,-32.194],[115.765,-32.139],[115.737,-32.135],[115.763,-32.108],[115.732,-32.056],[115.786,-32.011],[115.816,-32.029],[115.847,-32.002],[115.86,-32.046],[115.902,-32.028],[115.857,-32.031],[115.845,-31.965],[115.885,-31.969],[115.886,-31.94],[115.916,-31.951],[115.974,-31.894],[115.909,-31.934],[115.914,-31.951],[115.886,-31.937],[115.882,-31.968],[115.842,-31.963],[115.806,-32.003],[115.773,-31.989],[115.777,-32.023],[115.724,-32.054],[115.751,-32.024],[115.755,-31.894],[115.719,-31.73],[115.541,-31.411],[115.441,-31.278],[115.314,-30.974],[115.222,-30.835],[115.19,-30.825],[115.088,-30.58],[115.095,-30.549],[115.054,-30.505],[115.071,-30.475],[115.02,-30.317],[115.041,-30.266],[115.027,-30.236],[114.994,-30.232],[115.002,-30.132],[114.955,-30.051],[114.983,-29.918],[114.958,-29.681],[114.998,-29.494],[114.872,-29.116],[114.634,-28.875],[114.613,-28.796],[114.576,-28.784],[114.615,-28.763],[114.613,-28.665],[114.532,-28.497],[114.323,-28.232],[114.239,-28.187],[114.174,-28.109],[114.105,-27.849],[114.182,-27.68],[114.173,-27.659],[114.163,-27.707],[114.105,-27.503],[113.967,-27.232],[113.783,-26.929],[113.593,-26.682],[113.296,-26.399],[113.278,-26.294],[113.156,-26.152],[113.261,-26.191],[113.27,-26.242],[113.3,-26.017],[113.327,-26.337],[113.356,-26.331],[113.368,-26.399],[113.394,-26.392],[113.4,-26.418],[113.355,-26.301],[113.336,-26.3],[113.365,-26.211],[113.387,-26.213],[113.364,-26.017],[113.397,-26.114],[113.445,-26.163],[113.499,-26.336],[113.488,-26.357],[113.507,-26.364],[113.502,-26.4],[113.485,-26.384],[113.502,-26.422],[113.477,-26.477],[113.5,-26.476],[113.527,-26.372],[113.494,-26.31],[113.51,-26.278],[113.537,-26.28],[113.567,-26.433],[113.552,-26.469],[113.577,-26.505],[113.558,-26.574],[113.607,-26.607],[113.588,-26.586],[113.593,-26.512],[113.614,-26.489],[113.622,-26.539],[113.631,-26.463],[113.626,-26.574],[113.642,-26.619],[113.664,-26.596],[113.664,-26.674],[113.705,-26.662],[113.687,-26.602],[113.738,-26.618],[113.769,-26.587],[113.808,-26.611],[113.811,-26.577],[113.883,-26.508],[113.881,-26.335],[113.798,-26.252],[113.688,-26.218],[113.638,-26.12],[113.58,-26.097],[113.559,-25.946],[113.518,-25.92],[113.513,-25.852],[113.461,-25.809],[113.473,-25.711],[113.445,-25.709],[113.47,-25.785],[113.414,-25.725],[113.432,-25.626],[113.511,-25.503],[113.525,-25.608],[113.559,-25.636],[113.582,-25.622],[113.605,-25.712],[113.722,-25.793],[113.721,-25.867],[113.762,-25.879],[113.732,-25.95],[113.739,-26.001],[113.699,-26.049],[113.701,-26.132],[113.728,-26.18],[113.703,-26.2],[113.742,-26.207],[113.754,-26.185],[113.774,-26.215],[113.816,-26.175],[113.884,-26.06],[113.877,-25.945],[113.914,-25.982],[113.894,-26.035],[113.911,-26.122],[113.948,-26.143],[113.934,-26.204],[113.973,-26.343],[114.077,-26.467],[114.206,-26.376],[114.238,-26.313],[114.188,-26.18],[114.224,-26.119],[114.225,-26.165],[114.255,-26.145],[114.195,-25.984],[114.266,-25.981],[114.247,-25.926],[114.267,-25.888],[114.205,-25.853],[114.134,-25.778],[114.12,-25.728],[114.004,-25.619],[113.818,-25.175],[113.725,-25.116],[113.667,-25.026],[113.663,-24.962],[113.692,-24.929],[113.665,-24.896],[113.65,-24.907],[113.644,-24.878],[113.707,-24.851],[113.618,-24.859],[113.626,-24.752],[113.428,-24.516],[113.4,-24.418],[113.39,-24.224],[113.443,-24.182],[113.422,-24.043],[113.459,-24.014],[113.47,-23.899],[113.513,-23.85],[113.531,-23.776],[113.564,-23.758],[113.613,-23.631],[113.753,-23.528],[113.78,-23.471],[113.795,-23.301],[113.76,-23.121],[113.812,-23.083],[113.826,-22.953],[113.755,-22.756],[113.709,-22.715],[113.67,-22.717],[113.686,-22.66],[113.654,-22.579],[113.714,-22.518],[113.749,-22.408],[113.821,-22.306],[113.932,-21.977],[113.995,-21.875],[114.161,-21.786],[114.191,-21.815],[114.149,-21.867],[114.144,-21.958],[114.08,-22.154],[114.133,-22.262],[114.116,-22.331],[114.178,-22.305],[114.177,-22.356],[114.122,-22.415],[114.125,-22.512],[114.144,-22.507],[114.143,-22.538],[114.151,-22.517],[114.161,-22.534],[114.189,-22.521],[114.226,-22.457],[114.282,-22.434],[114.319,-22.443],[114.34,-22.516],[114.345,-22.49],[114.377,-22.498],[114.384,-22.464],[114.404,-22.469],[114.38,-22.441],[114.408,-22.429],[114.393,-22.391],[114.423,-22.396],[114.396,-22.383],[114.407,-22.351],[114.452,-22.363],[114.409,-22.331],[114.433,-22.295],[114.461,-22.33],[114.461,-22.293],[114.43,-22.275],[114.473,-22.264],[114.444,-22.242],[114.482,-22.251],[114.452,-22.235],[114.453,-22.208],[114.5,-22.221],[114.455,-22.162],[114.49,-22.158],[114.508,-22.184],[114.501,-22.13],[114.526,-22.142],[114.536,-22.079],[114.517,-22.066],[114.552,-22.066],[114.559,-22.02],[114.575,-22.043],[114.57,-22.003],[114.59,-22.019],[114.602,-21.988],[114.606,-22.007],[114.613,-21.961],[114.626,-21.976],[114.615,-21.948],[114.637,-21.945],[114.621,-21.936],[114.664,-21.911],[114.643,-21.911],[114.648,-21.845],[114.686,-21.833],[114.685,-21.868],[114.699,-21.814],[114.778,-21.791],[114.914,-21.688],[114.98,-21.67],[114.945,-21.69],[114.975,-21.672],[115.036,-21.694],[115.107,-21.632],[115.142,-21.659],[115.132,-21.645],[115.177,-21.637],[115.162,-21.625],[115.179,-21.611],[115.21,-21.628],[115.187,-21.612],[115.211,-21.598],[115.217,-21.618],[115.242,-21.577],[115.246,-21.596],[115.327,-21.58],[115.342,-21.596],[115.331,-21.576],[115.399,-21.556],[115.413,-21.534],[115.381,-21.543],[115.413,-21.525],[115.447,-21.544],[115.457,-21.508],[115.455,-21.548],[115.467,-21.515],[115.475,-21.547],[115.477,-21.53],[115.508,-21.54],[115.492,-21.523],[115.52,-21.508],[115.493,-21.486],[115.528,-21.465],[115.515,-21.481],[115.526,-21.459],[115.506,-21.464],[115.538,-21.435],[115.565,-21.457],[115.573,-21.428],[115.551,-21.413],[115.584,-21.385],[115.596,-21.412],[115.609,-21.382],[115.588,-21.381],[115.605,-21.361],[115.618,-21.377],[115.609,-21.356],[115.638,-21.353],[115.618,-21.346],[115.633,-21.332],[115.663,-21.342],[115.65,-21.319],[115.682,-21.32],[115.703,-21.279],[115.705,-21.3],[115.716,-21.277],[115.749,-21.289],[115.756,-21.254],[115.753,-21.284],[115.784,-21.257],[115.779,-21.289],[115.792,-21.246],[115.817,-21.266],[115.808,-21.249],[115.845,-21.252],[115.819,-21.247],[115.845,-21.228],[115.834,-21.204],[115.86,-21.205],[115.856,-21.173],[115.918,-21.079],[115.912,-21.102],[115.989,-21.04],[116.097,-21.0],[116.099,-21.052],[116.103,-21.001],[116.146,-21.013],[116.14,-20.992],[116.188,-20.968],[116.19,-20.901],[116.227,-20.883],[116.191,-20.888],[116.206,-20.833],[116.256,-20.858],[116.241,-20.877],[116.299,-20.889],[116.345,-20.839],[116.399,-20.822],[116.495,-20.851],[116.442,-20.824],[116.479,-20.828],[116.466,-20.816],[116.502,-20.808],[116.489,-20.797],[116.514,-20.779],[116.544,-20.791],[116.513,-20.772],[116.524,-20.758],[116.542,-20.778],[116.526,-20.753],[116.605,-20.754],[116.592,-20.735],[116.622,-20.715],[116.624,-20.734],[116.631,-20.711],[116.629,-20.751],[116.64,-20.726],[116.664,-20.741],[116.641,-20.722],[116.685,-20.75],[116.666,-20.728],[116.689,-20.706],[116.666,-20.722],[116.642,-20.705],[116.722,-20.638],[116.765,-20.633],[116.747,-20.618],[116.799,-20.575],[116.778,-20.577],[116.809,-20.529],[116.867,-20.525],[116.788,-20.665],[116.828,-20.709],[116.924,-20.712],[116.92,-20.741],[116.927,-20.72],[116.953,-20.724],[116.926,-20.713],[116.956,-20.683],[116.997,-20.675],[116.976,-20.67],[116.987,-20.659],[117.037,-20.648],[117.039,-20.668],[117.094,-20.624],[117.105,-20.655],[117.13,-20.654],[117.185,-20.592],[117.201,-20.631],[117.166,-20.628],[117.182,-20.64],[117.157,-20.658],[117.182,-20.647],[117.168,-20.682],[117.2,-20.669],[117.172,-20.701],[117.199,-20.707],[117.195,-20.68],[117.228,-20.707],[117.216,-20.725],[117.225,-20.695],[117.264,-20.729],[117.346,-20.735],[117.346,-20.76],[117.32,-20.759],[117.35,-20.779],[117.37,-20.734],[117.382,-20.784],[117.388,-20.753],[117.404,-20.761],[117.394,-20.731],[117.457,-20.757],[117.442,-20.731],[117.545,-20.708],[117.542,-20.736],[117.553,-20.704],[117.595,-20.704],[117.59,-20.68],[117.63,-20.664],[117.648,-20.662],[117.616,-20.686],[117.642,-20.678],[117.628,-20.709],[117.656,-20.715],[117.68,-20.667],[117.704,-20.695],[117.769,-20.666],[117.812,-20.673],[117.774,-20.664],[117.864,-20.608],[117.867,-20.582],[117.898,-20.585],[117.87,-20.57],[117.883,-20.551],[117.912,-20.577],[117.93,-20.571],[117.919,-20.544],[117.942,-20.567],[117.945,-20.546],[117.975,-20.551],[117.971,-20.525],[117.96,-20.547],[117.943,-20.538],[117.962,-20.507],[117.932,-20.527],[117.943,-20.478],[117.965,-20.491],[117.953,-20.479],[118.018,-20.459],[118.182,-20.336],[118.2,-20.36],[118.172,-20.359],[118.185,-20.347],[118.2,-20.369],[118.18,-20.358],[118.198,-20.37],[118.165,-20.383],[118.205,-20.376],[118.196,-20.404],[118.215,-20.371],[118.319,-20.365],[118.289,-20.348],[118.346,-20.33],[118.364,-20.374],[118.369,-20.351],[118.407,-20.364],[118.431,-20.337],[118.489,-20.351],[118.488,-20.326],[118.511,-20.331],[118.506,-20.349],[118.534,-20.312],[118.543,-20.339],[118.557,-20.313],[118.526,-20.305],[118.569,-20.294],[118.552,-20.347],[118.574,-20.328],[118.579,-20.358],[118.58,-20.337],[118.596,-20.354],[118.613,-20.348],[118.587,-20.335],[118.63,-20.334],[118.574,-20.318],[118.597,-20.287],[118.597,-20.308],[118.64,-20.298],[118.666,-20.343],[118.767,-20.282],[118.855,-20.291],[118.828,-20.273],[118.842,-20.231],[118.883,-20.261],[118.867,-20.209],[118.959,-20.127],[118.994,-20.036],[119.071,-20.013],[119.1,-19.959],[119.207,-20.024],[119.172,-20.008],[119.172,-19.956],[119.373,-19.991],[119.372,-20.008],[119.472,-20.006],[119.568,-20.081],[119.655,-20.047],[119.701,-19.995],[119.691,-20.041],[119.754,-20.022],[119.753,-19.984],[119.73,-19.976],[119.765,-19.976],[119.767,-19.955],[119.866,-19.97],[119.977,-19.932],[120.196,-19.914],[120.631,-19.77],[120.951,-19.639],[121.114,-19.539],[121.325,-19.351],[121.504,-19.106],[121.565,-18.969],[121.553,-18.943],[121.6,-18.941],[121.576,-18.948],[121.604,-18.867],[121.643,-18.818],[121.653,-18.836],[121.656,-18.767],[121.62,-18.742],[121.618,-18.706],[121.631,-18.722],[121.635,-18.704],[121.681,-18.721],[121.698,-18.699],[121.741,-18.705],[121.793,-18.657],[121.791,-18.609],[121.729,-18.576],[121.791,-18.504],[121.798,-18.53],[121.817,-18.491],[121.803,-18.508],[121.789,-18.484],[121.815,-18.451],[121.84,-18.444],[121.872,-18.472],[121.947,-18.439],[122.064,-18.326],[122.138,-18.302],[122.196,-18.231],[122.2,-18.25],[122.215,-18.204],[122.314,-18.173],[122.364,-18.127],[122.378,-17.99],[122.251,-17.952],[122.207,-18.009],[122.175,-17.974],[122.205,-17.945],[122.213,-17.866],[122.2,-17.685],[122.145,-17.56],[122.173,-17.264],[122.211,-17.24],[122.229,-17.183],[122.244,-17.195],[122.247,-17.161],[122.282,-17.145],[122.319,-17.159],[122.288,-17.14],[122.319,-17.135],[122.292,-17.13],[122.303,-17.112],[122.268,-17.137],[122.253,-17.12],[122.351,-17.037],[122.366,-16.998],[122.47,-16.936],[122.431,-16.984],[122.482,-16.98],[122.478,-16.896],[122.52,-16.934],[122.508,-16.954],[122.612,-16.965],[122.57,-16.929],[122.534,-16.837],[122.55,-16.82],[122.571,-16.837],[122.553,-16.805],[122.579,-16.762],[122.637,-16.801],[122.734,-16.778],[122.757,-16.746],[122.743,-16.772],[122.776,-16.751],[122.787,-16.772],[122.782,-16.747],[122.846,-16.792],[122.823,-16.77],[122.838,-16.744],[122.774,-16.734],[122.784,-16.696],[122.756,-16.708],[122.742,-16.683],[122.771,-16.59],[122.81,-16.545],[122.795,-16.572],[122.833,-16.561],[122.816,-16.556],[122.861,-16.519],[122.884,-16.53],[122.854,-16.511],[122.906,-16.486],[122.898,-16.447],[122.925,-16.389],[122.955,-16.402],[122.988,-16.381],[122.982,-16.406],[123.039,-16.359],[123.02,-16.378],[123.035,-16.4],[123.015,-16.406],[123.043,-16.44],[123.077,-16.44],[123.045,-16.474],[123.022,-16.453],[122.983,-16.465],[122.997,-16.487],[122.971,-16.516],[123.008,-16.529],[122.954,-16.58],[122.997,-16.602],[122.996,-16.641],[123.023,-16.605],[123.039,-16.621],[123.051,-16.691],[123.079,-16.693],[123.085,-16.665],[123.085,-16.698],[123.117,-16.714],[123.139,-16.688],[123.103,-16.785],[123.153,-16.802],[123.178,-16.858],[123.149,-16.925],[123.21,-16.951],[123.264,-17.012],[123.291,-17.108],[123.387,-17.249],[123.392,-17.315],[123.458,-17.349],[123.514,-17.418],[123.544,-17.501],[123.578,-17.526],[123.58,-17.584],[123.6,-17.515],[123.564,-17.406],[123.603,-17.339],[123.625,-17.196],[123.646,-17.184],[123.589,-17.097],[123.584,-17.033],[123.65,-17.001],[123.66,-17.04],[123.741,-17.068],[123.789,-17.152],[123.862,-17.217],[123.912,-17.212],[123.83,-17.135],[123.796,-17.004],[123.959,-16.844],[123.951,-16.818],[123.942,-16.852],[123.796,-16.912],[123.712,-16.753],[123.682,-16.752],[123.618,-16.679],[123.503,-16.659],[123.574,-16.625],[123.563,-16.588],[123.619,-16.574],[123.615,-16.554],[123.526,-16.544],[123.542,-16.572],[123.518,-16.566],[123.512,-16.598],[123.494,-16.571],[123.513,-16.568],[123.429,-16.499],[123.497,-16.515],[123.473,-16.47],[123.534,-16.509],[123.643,-16.53],[123.584,-16.497],[123.663,-16.493],[123.505,-16.42],[123.582,-16.428],[123.509,-16.38],[123.666,-16.437],[123.697,-16.415],[123.629,-16.357],[123.662,-16.383],[123.717,-16.372],[123.627,-16.29],[123.611,-16.287],[123.624,-16.317],[123.599,-16.323],[123.549,-16.282],[123.549,-16.263],[123.599,-16.264],[123.576,-16.245],[123.617,-16.262],[123.566,-16.219],[123.601,-16.216],[123.564,-16.21],[123.558,-16.176],[123.693,-16.151],[123.701,-16.19],[123.703,-16.154],[123.728,-16.157],[123.703,-16.129],[123.771,-16.171],[123.815,-16.22],[123.772,-16.216],[123.797,-16.263],[123.783,-16.243],[123.783,-16.262],[123.741,-16.263],[123.796,-16.316],[123.866,-16.328],[123.876,-16.378],[123.836,-16.354],[123.871,-16.447],[123.867,-16.413],[123.9,-16.423],[123.884,-16.354],[123.909,-16.363],[123.886,-16.343],[123.917,-16.352],[123.884,-16.304],[123.941,-16.36],[123.988,-16.37],[123.934,-16.297],[124.0,-16.292],[123.91,-16.21],[124.0,-16.265],[124.124,-16.28],[124.18,-16.31],[124.222,-16.418],[124.325,-16.415],[124.319,-16.469],[124.39,-16.445],[124.409,-16.543],[124.436,-16.526],[124.43,-16.498],[124.468,-16.499],[124.403,-16.47],[124.389,-16.415],[124.337,-16.419],[124.39,-16.345],[124.428,-16.392],[124.45,-16.389],[124.449,-16.411],[124.751,-16.39],[124.841,-16.434],[124.917,-16.421],[124.922,-16.391],[124.949,-16.392],[124.953,-16.371],[124.901,-16.416],[124.813,-16.416],[124.695,-16.345],[124.571,-16.329],[124.424,-16.36],[124.395,-16.339],[124.411,-16.294],[124.385,-16.276],[124.408,-16.251],[124.379,-16.216],[124.399,-16.169],[124.435,-16.179],[124.444,-16.065],[124.478,-16.08],[124.458,-16.103],[124.512,-16.16],[124.508,-16.206],[124.561,-16.119],[124.6,-16.127],[124.645,-16.101],[124.618,-16.09],[124.588,-16.11],[124.589,-15.973],[124.643,-15.988],[124.598,-15.968],[124.626,-15.921],[124.605,-15.898],[124.655,-15.854],[124.682,-15.889],[124.705,-15.814],[124.742,-15.822],[124.7,-15.783],[124.719,-15.77],[124.704,-15.75],[124.675,-15.785],[124.705,-15.741],[124.66,-15.782],[124.632,-15.779],[124.496,-15.997],[124.512,-15.932],[124.487,-15.92],[124.477,-15.942],[124.475,-15.885],[124.499,-15.89],[124.461,-15.854],[124.459,-15.818],[124.477,-15.82],[124.459,-15.783],[124.439,-15.87],[124.425,-15.848],[124.418,-15.877],[124.409,-15.864],[124.386,-15.717],[124.424,-15.733],[124.437,-15.711],[124.397,-15.726],[124.393,-15.677],[124.369,-15.674],[124.38,-15.66],[124.413,-15.681],[124.414,-15.637],[124.444,-15.67],[124.45,-15.603],[124.501,-15.637],[124.498,-15.616],[124.454,-15.614],[124.454,-15.592],[124.406,-15.618],[124.43,-15.574],[124.418,-15.549],[124.466,-15.537],[124.462,-15.511],[124.487,-15.497],[124.509,-15.526],[124.493,-15.486],[124.446,-15.503],[124.515,-15.469],[124.579,-15.499],[124.582,-15.521],[124.618,-15.504],[124.629,-15.526],[124.618,-15.466],[124.644,-15.425],[124.642,-15.463],[124.677,-15.478],[124.674,-15.498],[124.691,-15.468],[124.672,-15.453],[124.676,-15.401],[124.745,-15.362],[124.705,-15.36],[124.707,-15.344],[124.663,-15.358],[124.662,-15.325],[124.708,-15.319],[124.697,-15.296],[124.667,-15.297],[124.675,-15.255],[124.703,-15.278],[124.705,-15.253],[124.771,-15.302],[124.736,-15.343],[124.753,-15.354],[124.783,-15.294],[124.831,-15.326],[124.823,-15.31],[124.847,-15.299],[124.848,-15.353],[124.876,-15.343],[124.933,-15.375],[124.928,-15.395],[124.95,-15.385],[124.978,-15.409],[125.003,-15.448],[124.953,-15.49],[124.996,-15.477],[125.0,-15.51],[125.018,-15.471],[125.023,-15.506],[125.002,-15.518],[125.017,-15.545],[125.026,-15.511],[125.044,-15.519],[125.031,-15.504],[125.055,-15.499],[125.051,-15.469],[125.089,-15.463],[125.421,-15.696],[125.07,-15.44],[125.091,-15.355],[125.164,-15.331],[125.158,-15.306],[125.089,-15.339],[125.119,-15.256],[125.1,-15.286],[125.077,-15.248],[125.096,-15.283],[125.079,-15.315],[125.03,-15.275],[125.026,-15.301],[124.975,-15.331],[124.921,-15.356],[124.898,-15.34],[124.907,-15.317],[124.891,-15.328],[124.876,-15.302],[124.905,-15.255],[124.923,-15.27],[124.927,-15.229],[124.969,-15.212],[125.006,-15.242],[125.056,-15.164],[125.013,-15.155],[124.988,-15.198],[124.995,-15.162],[124.97,-15.164],[124.971,-15.208],[124.935,-15.187],[124.944,-15.213],[124.875,-15.262],[124.892,-15.23],[124.869,-15.244],[124.881,-15.208],[124.864,-15.195],[124.897,-15.175],[124.838,-15.183],[124.834,-15.157],[124.91,-15.107],[124.974,-15.135],[125.011,-15.094],[125.03,-15.113],[125.048,-15.077],[125.014,-15.035],[125.012,-14.983],[125.056,-15.0],[125.072,-14.976],[125.093,-14.988],[125.059,-15.028],[125.083,-15.041],[125.072,-15.065],[125.098,-15.067],[125.106,-15.033],[125.126,-15.044],[125.122,-15.092],[125.158,-15.149],[125.225,-15.103],[125.271,-15.114],[125.281,-15.098],[125.282,-15.144],[125.335,-15.163],[125.346,-15.143],[125.481,-15.155],[125.479,-15.134],[125.397,-15.132],[125.358,-15.108],[125.402,-15.085],[125.402,-15.064],[125.37,-15.074],[125.375,-15.053],[125.482,-14.999],[125.42,-15.022],[125.409,-14.999],[125.386,-15.033],[125.365,-14.991],[125.355,-15.009],[125.34,-14.987],[125.285,-14.999],[125.278,-14.979],[125.305,-14.962],[125.254,-14.978],[125.261,-14.945],[125.214,-14.97],[125.208,-14.947],[125.231,-14.919],[125.255,-14.927],[125.257,-14.899],[125.295,-14.938],[125.295,-14.903],[125.334,-14.881],[125.306,-14.882],[125.287,-14.853],[125.234,-14.867],[125.244,-14.832],[125.21,-14.865],[125.184,-14.829],[125.202,-14.785],[125.167,-14.791],[125.141,-14.748],[125.16,-14.732],[125.189,-14.747],[125.18,-14.709],[125.201,-14.698],[125.211,-14.722],[125.213,-14.669],[125.234,-14.661],[125.262,-14.693],[125.262,-14.657],[125.308,-14.65],[125.249,-14.611],[125.304,-14.58],[125.3,-14.558],[125.325,-14.584],[125.328,-14.559],[125.348,-14.565],[125.342,-14.522],[125.364,-14.506],[125.355,-14.585],[125.4,-14.573],[125.409,-14.545],[125.431,-14.642],[125.45,-14.624],[125.437,-14.595],[125.465,-14.604],[125.452,-14.579],[125.483,-14.569],[125.468,-14.533],[125.492,-14.56],[125.487,-14.523],[125.52,-14.5],[125.529,-14.522],[125.561,-14.515],[125.535,-14.564],[125.6,-14.562],[125.572,-14.548],[125.614,-14.511],[125.588,-14.505],[125.623,-14.386],[125.589,-14.37],[125.599,-14.274],[125.574,-14.26],[125.592,-14.244],[125.609,-14.262],[125.596,-14.237],[125.62,-14.234],[125.703,-14.304],[125.73,-14.281],[125.697,-14.325],[125.726,-14.342],[125.664,-14.335],[125.678,-14.358],[125.651,-14.388],[125.689,-14.499],[125.646,-14.647],[125.709,-14.486],[125.774,-14.48],[125.806,-14.444],[125.803,-14.479],[125.851,-14.457],[125.859,-14.475],[125.817,-14.497],[125.85,-14.536],[125.828,-14.544],[125.85,-14.56],[125.831,-14.586],[125.895,-14.623],[125.908,-14.661],[125.933,-14.649],[125.902,-14.572],[125.921,-14.537],[125.965,-14.519],[126.0,-14.555],[126.015,-14.519],[126.051,-14.53],[126.02,-14.411],[125.985,-14.42],[125.977,-14.393],[126.006,-14.4],[126.046,-14.359],[126.082,-14.359],[126.07,-14.332],[126.09,-14.321],[126.053,-14.254],[126.134,-14.231],[126.16,-14.176],[126.141,-14.158],[126.17,-14.146],[126.104,-14.076],[126.03,-14.095],[125.993,-14.068],[125.983,-13.99],[126.014,-14.025],[126.011,-14.066],[126.026,-14.017],[126.034,-14.038],[126.056,-14.027],[126.022,-13.997],[126.038,-13.982],[126.066,-13.989],[126.076,-14.043],[126.103,-14.041],[126.086,-13.988],[126.108,-13.977],[126.084,-13.982],[126.013,-13.925],[126.063,-13.943],[126.095,-13.895],[126.085,-13.921],[126.108,-13.919],[126.086,-13.946],[126.105,-13.926],[126.13,-13.945],[126.158,-13.915],[126.126,-13.964],[126.159,-13.97],[126.11,-14.028],[126.216,-13.968],[126.221,-13.988],[126.193,-13.98],[126.144,-14.015],[126.201,-14.001],[126.22,-14.039],[126.15,-14.077],[126.192,-14.066],[126.167,-14.114],[126.213,-14.074],[126.222,-14.11],[126.179,-14.13],[126.209,-14.136],[126.186,-14.167],[126.204,-14.185],[126.243,-14.175],[126.249,-14.209],[126.216,-14.237],[126.241,-14.223],[126.253,-14.239],[126.272,-14.207],[126.27,-14.237],[126.282,-14.217],[126.301,-14.234],[126.313,-14.201],[126.362,-14.188],[126.298,-14.139],[126.314,-14.097],[126.345,-14.098],[126.334,-14.05],[126.394,-14.052],[126.397,-14.015],[126.438,-13.983],[126.454,-14.005],[126.485,-13.996],[126.495,-13.957],[126.537,-13.934],[126.577,-13.954],[126.489,-14.011],[126.497,-14.046],[126.449,-14.084],[126.48,-14.11],[126.522,-14.078],[126.499,-14.13],[126.515,-14.157],[126.57,-14.14],[126.565,-14.217],[126.601,-14.236],[126.607,-14.18],[126.651,-14.174],[126.645,-14.077],[126.689,-14.09],[126.694,-14.135],[126.72,-14.121],[126.723,-14.065],[126.763,-14.05],[126.754,-14.012],[126.701,-14.022],[126.705,-13.974],[126.723,-13.998],[126.752,-13.992],[126.751,-13.972],[126.798,-13.973],[126.774,-13.983],[126.798,-13.976],[126.81,-13.998],[126.838,-13.971],[126.882,-13.999],[126.904,-13.986],[126.839,-13.927],[126.806,-13.93],[126.743,-13.793],[126.766,-13.775],[126.788,-13.791],[126.819,-13.768],[126.843,-13.817],[126.873,-13.799],[126.851,-13.758],[126.882,-13.749],[126.922,-13.776],[126.944,-13.768],[126.914,-13.741],[126.964,-13.742],[126.986,-13.787],[126.998,-13.769],[127.029,-13.8],[127.006,-13.824],[127.037,-13.832],[127.047,-13.806],[127.044,-13.849],[127.081,-13.84],[127.061,-13.909],[127.103,-13.884],[127.093,-13.925],[127.142,-13.982],[127.19,-13.904],[127.208,-13.974],[127.247,-13.9],[127.318,-13.961],[127.344,-13.959],[127.322,-13.915],[127.347,-13.907],[127.41,-13.961],[127.43,-13.943],[127.425,-13.967],[127.467,-14.001],[127.449,-14.055],[127.483,-14.085],[127.493,-14.061],[127.524,-14.069],[127.508,-14.088],[127.538,-14.086],[127.524,-14.12],[127.545,-14.099],[127.67,-14.191],[127.683,-14.243],[127.78,-14.333],[127.761,-14.367],[127.785,-14.352],[127.788,-14.388],[127.829,-14.403],[127.82,-14.441],[127.85,-14.484],[127.88,-14.471],[127.953,-14.529],[127.927,-14.558],[127.954,-14.587],[127.993,-14.556],[128.068,-14.619],[128.069,-14.65],[128.087,-14.639],[128.161,-14.708],[128.222,-14.721],[128.218,-14.755],[128.184,-14.744],[128.195,-14.835],[128.119,-14.861],[128.139,-14.871],[128.108,-14.944],[128.103,-15.065],[128.075,-15.1],[128.099,-15.166],[128.08,-15.233],[128.093,-15.281],[128.04,-15.293],[128.089,-15.393],[128.051,-15.482],[127.999,-15.518],[128.087,-15.477],[128.117,-15.422],[128.129,-15.298],[128.1,-15.25],[128.126,-15.184],[128.257,-15.304],[128.282,-15.346],[128.292,-15.46],[128.342,-15.501],[128.299,-15.46],[128.301,-15.32],[128.24,-15.248],[128.221,-15.131],[128.194,-15.094],[128.228,-15.003],[128.264,-14.983],[128.289,-14.974],[128.331,-15.035],[128.292,-14.967],[128.311,-14.926],[128.362,-15.067],[128.358,-14.991],[128.41,-15.032],[128.349,-14.968],[128.358,-14.885],[128.449,-15.002],[128.402,-14.879],[128.422,-14.882],[128.519,-15.015],[128.467,-14.889],[128.38,-14.822],[128.393,-14.804],[128.438,-14.812],[128.551,-14.768],[128.587,-14.808],[128.623,-14.804],[128.621,-14.787],[128.683,-14.796],[128.738,-14.839],[129.001,-14.879],[129.002,-31.687],[128.281,-31.991],[127.326,-32.257],[126.691,-32.309],[126.422,-32.284],[126.203,-32.232],[126.074,-32.277],[125.961,-32.286],[125.532,-32.549],[125.315,-32.608],[125.102,-32.715],[125.026,-32.729],[124.814,-32.873],[124.394,-32.949],[124.249,-33.011],[124.101,-33.176],[123.998,-33.426],[123.976,-33.559],[123.875,-33.599],[123.878,-33.633],[123.774,-33.698],[123.747,-33.765],[123.763,-33.796],[123.656,-33.847],[123.633,-33.88],[123.573,-33.888],[123.528,-33.942],[123.474,-33.906],[123.371,-33.896],[123.289,-33.979],[123.163,-34.017],[123.161,-33.946],[123.134,-33.904],[123.028,-33.856],[122.977,-33.902],[122.935,-33.886],[122.829,-33.91],[122.774,-33.878],[122.748,-33.896],[122.613,-33.894],[122.58,-33.919],[122.597,-33.938],[122.578,-33.961],[122.551,-33.935],[122.513,-33.954],[122.462,-33.924],[122.367,-33.913],[122.281,-33.953],[122.277,-34.001],[122.227,-33.988],[122.194,-34.017],[122.164,-34.002],[122.113,-34.017],[122.093,-34.003],[122.119,-33.98],[122.085,-33.903],[122.001,-33.829],[121.915,-33.838],[121.9,-33.879],[121.79,-33.909],[121.695,-33.861],[121.644,-33.898],[121.552,-33.829],[121.364,-33.815],[121.269,-33.851],[121.199,-33.844],[121.177,-33.878],[121.088,-33.849],[121.008,-33.873],[120.868,-33.856],[120.814,-33.893],[120.593,-33.886],[120.553,-33.903],[120.559,-33.926],[120.437,-33.972],[120.231,-33.932],[120.127,-33.954],[120.042,-33.923],[119.945,-33.978],[119.816,-33.983],[119.734,-34.061],[119.654,-34.085],[119.601,-34.131],[119.504,-34.288],[119.457,-34.288],[119.503,-34.29],[119.507,-34.359],[119.576,-34.388],[119.49,-34.41],[119.483,-34.375],[119.415,-34.373],[119.391,-34.421],[119.42,-34.458],[119.371,-34.485],[119.356,-34.45],[119.293,-34.45],[119.271,-34.467],[119.281,-34.522],[119.255,-34.535],[119.222,-34.531],[119.239,-34.515],[119.219,-34.498],[119.071,-34.459],[118.911,-34.463],[118.913,-34.504],[118.812,-34.509],[118.749,-34.552],[118.745,-34.594],[118.782,-34.609],[118.722,-34.657],[118.439,-34.761],[118.396,-34.841],[118.398,-34.879],[118.427,-34.888],[118.404,-34.917],[118.334,-34.891],[118.176,-34.939],[118.172,-34.968],[118.211,-34.978],[118.196,-35.023],[118.111,-34.986],[118.032,-35.021],[117.961,-35.013],[117.981,-34.939],[117.948,-34.944],[117.949,-34.998],[117.921,-35.035],[117.858,-35.027],[117.848,-35.049],[117.915,-35.084],[117.921,-35.041],[117.939,-35.089],[118.002,-35.087],[118.021,-35.108],[117.978,-35.098],[117.951,-35.128],[117.685,-35.043],[117.643,-35.065],[117.64,-35.135],[117.611,-35.133],[117.548,-35.082],[117.485,-35.089],[117.398,-35.032],[117.332,-35.023],[117.396,-34.998],[117.466,-35.021],[117.452,-35.01],[117.48,-34.994],[117.456,-34.967],[117.429,-34.986],[117.369,-34.969],[117.334,-34.994],[117.328,-35.044],[117.193,-35.017],[117.149,-35.061],[117.098,-35.032],[116.957,-35.019],[116.92,-35.064],[116.759,-35.015],[116.746,-35.037],[116.707,-35.029],[116.629,-35.061],[116.533,-35.004],[116.481,-35.016],[116.26,-34.879],[116.014,-34.84]]],[[[113.103,-25.172],[113.076,-25.273],[113.087,-25.075],[113.118,-24.992],[113.128,-25.061],[113.103,-25.172]]],[[[113.126,-24.893],[113.158,-24.754],[113.15,-24.935],[113.119,-24.987],[113.126,-24.893]]],[[[113.012,-25.517],[113.11,-25.87],[113.156,-25.888],[113.126,-25.922],[113.137,-25.977],[113.168,-25.943],[113.167,-25.98],[113.22,-26.037],[113.238,-26.106],[113.216,-26.163],[112.966,-25.78],[112.98,-25.749],[112.929,-25.642],[112.928,-25.529],[112.971,-25.48],[113.022,-25.498],[113.012,-25.517]]],[[[113.917,-25.859],[113.919,-25.898],[113.88,-25.887],[113.852,-25.816],[113.881,-25.801],[113.909,-25.817],[113.917,-25.859]]],[[[115.322,-20.808],[115.431,-20.668],[115.469,-20.68],[115.476,-20.766],[115.421,-20.864],[115.375,-20.895],[115.369,-20.873],[115.333,-20.868],[115.321,-20.892],[115.322,-20.808]]],[[[116.824,-20.498],[116.885,-20.423],[116.862,-20.461],[116.86,-20.491],[116.886,-20.481],[116.874,-20.511],[116.822,-20.52],[116.824,-20.498]]],[[[116.55,-20.605],[116.549,-20.622],[116.463,-20.61],[116.486,-20.585],[116.527,-20.601],[116.552,-20.568],[116.553,-20.585],[116.586,-20.576],[116.55,-20.605]]],[[[116.597,-20.689],[116.592,-20.706],[116.648,-20.682],[116.575,-20.732],[116.578,-20.693],[116.597,-20.689]]],[[[124.504,-15.385],[124.51,-15.367],[124.465,-15.405],[124.483,-15.365],[124.468,-15.375],[124.461,-15.355],[124.492,-15.358],[124.491,-15.321],[124.517,-15.334],[124.498,-15.308],[124.536,-15.304],[124.495,-15.292],[124.571,-15.245],[124.558,-15.318],[124.59,-15.312],[124.58,-15.343],[124.605,-15.342],[124.625,-15.394],[124.655,-15.4],[124.522,-15.448],[124.514,-15.426],[124.529,-15.413],[124.542,-15.433],[124.591,-15.369],[124.551,-15.389],[124.527,-15.36],[124.536,-15.383],[124.513,-15.401],[124.504,-15.385]]],[[[124.378,-15.322],[124.343,-15.306],[124.442,-15.25],[124.457,-15.27],[124.442,-15.299],[124.463,-15.305],[124.433,-15.323],[124.443,-15.306],[124.42,-15.317],[124.412,-15.293],[124.392,-15.332],[124.378,-15.322]]],[[[124.809,-15.238],[124.857,-15.256],[124.812,-15.306],[124.791,-15.287],[124.809,-15.238]]],[[[123.766,-16.155],[123.683,-16.112],[123.789,-16.114],[123.797,-16.148],[123.766,-16.155]]],[[[128.127,-15.157],[128.125,-15.04],[128.201,-15.131],[128.199,-15.192],[128.127,-15.157]]],[[[125.178,-15.05],[125.178,-15.067],[125.231,-15.071],[125.229,-15.1],[125.194,-15.122],[125.171,-15.12],[125.175,-15.079],[125.144,-15.042],[125.167,-15.021],[125.178,-15.05]]],[[[124.911,-15.021],[124.921,-15.009],[124.898,-15.004],[124.921,-14.98],[124.882,-15.005],[124.877,-14.986],[124.889,-14.959],[124.922,-14.967],[124.917,-14.922],[124.946,-14.965],[124.93,-15.008],[124.959,-15.005],[124.959,-15.032],[124.94,-15.049],[124.911,-15.021]]],[[[125.134,-14.647],[125.136,-14.628],[125.108,-14.643],[125.093,-14.627],[125.096,-14.546],[125.13,-14.55],[125.134,-14.577],[125.152,-14.566],[125.134,-14.545],[125.15,-14.519],[125.133,-14.529],[125.118,-14.494],[125.156,-14.476],[125.166,-14.44],[125.18,-14.484],[125.216,-14.495],[125.18,-14.56],[125.2,-14.562],[125.214,-14.608],[125.185,-14.61],[125.182,-14.634],[125.168,-14.619],[125.152,-14.656],[125.134,-14.647]]],[[[126.009,-14.282],[126.004,-14.303],[126.047,-14.328],[126.023,-14.328],[126.019,-14.354],[125.985,-14.313],[126.009,-14.282]]],[[[126.54,-13.898],[126.513,-13.907],[126.504,-13.869],[126.62,-13.89],[126.609,-13.914],[126.54,-13.898]]]]}},{"type":"Feature","properties":{"code":"6","State":"Tasmania"},"geometry":{"type":"MultiPolygon","coordinates":[[[[147.257,-43.107],[147.272,-43.12],[147.246,-43.122],[147.263,-43.132],[147.239,-43.154],[147.261,-43.223],[147.243,-43.268],[147.167,-43.283],[147.142,-43.272],[147.151,-43.241],[147.089,-43.244],[147.118,-43.211],[147.095,-43.169],[147.08,-43.164],[147.063,-43.225],[146.984,-43.189],[147.056,-43.041],[147.034,-43.011],[147.002,-43.017],[147.033,-43.011],[147.055,-43.04],[146.972,-43.139],[146.981,-43.159],[146.95,-43.164],[146.974,-43.169],[146.973,-43.205],[147.064,-43.248],[147.1,-43.291],[147.066,-43.333],[147.046,-43.312],[146.971,-43.328],[147.059,-43.353],[147.017,-43.402],[147.017,-43.444],[146.95,-43.447],[146.906,-43.421],[146.916,-43.447],[146.982,-43.454],[147.002,-43.48],[146.942,-43.478],[146.944,-43.512],[146.978,-43.494],[146.918,-43.546],[146.9,-43.517],[146.877,-43.558],[146.904,-43.562],[146.873,-43.59],[146.917,-43.569],[146.922,-43.599],[146.871,-43.639],[146.826,-43.643],[146.834,-43.618],[146.803,-43.602],[146.707,-43.633],[146.685,-43.596],[146.66,-43.608],[146.658,-43.579],[146.599,-43.562],[146.562,-43.465],[146.551,-43.51],[146.596,-43.544],[146.543,-43.523],[146.404,-43.54],[146.344,-43.513],[146.29,-43.545],[146.266,-43.527],[146.273,-43.498],[146.213,-43.486],[146.208,-43.536],[146.148,-43.501],[146.146,-43.529],[146.11,-43.524],[146.109,-43.558],[146.079,-43.541],[146.031,-43.571],[146.043,-43.508],[146.03,-43.465],[146.006,-43.465],[145.997,-43.407],[145.921,-43.381],[145.978,-43.356],[145.993,-43.395],[145.987,-43.329],[146.083,-43.372],[146.058,-43.344],[146.087,-43.342],[146.131,-43.355],[146.14,-43.407],[146.167,-43.419],[146.135,-43.376],[146.158,-43.392],[146.177,-43.382],[146.155,-43.363],[146.211,-43.364],[146.223,-43.389],[146.232,-43.323],[146.176,-43.327],[146.168,-43.291],[146.113,-43.349],[146.072,-43.328],[146.064,-43.289],[146.059,-43.334],[145.998,-43.332],[145.953,-43.281],[145.98,-43.235],[145.916,-43.212],[145.94,-43.15],[145.92,-43.161],[145.927,-43.19],[145.909,-43.186],[145.927,-43.248],[145.862,-43.273],[145.881,-43.29],[145.924,-43.267],[145.927,-43.301],[145.84,-43.315],[145.853,-43.299],[145.816,-43.279],[145.808,-43.209],[145.76,-43.192],[145.722,-43.137],[145.736,-43.117],[145.664,-43.095],[145.691,-43.068],[145.682,-43.05],[145.648,-43.049],[145.592,-42.973],[145.495,-42.992],[145.488,-42.913],[145.454,-42.901],[145.415,-42.781],[145.383,-42.77],[145.397,-42.736],[145.366,-42.656],[145.333,-42.658],[145.336,-42.632],[145.311,-42.62],[145.263,-42.622],[145.302,-42.599],[145.305,-42.572],[145.277,-42.563],[145.236,-42.473],[145.254,-42.443],[145.196,-42.328],[145.214,-42.278],[145.177,-42.193],[145.209,-42.202],[145.254,-42.289],[145.318,-42.285],[145.31,-42.321],[145.453,-42.404],[145.474,-42.526],[145.458,-42.435],[145.492,-42.422],[145.531,-42.45],[145.606,-42.453],[145.65,-42.436],[145.675,-42.461],[145.671,-42.563],[145.741,-42.591],[145.672,-42.562],[145.673,-42.442],[145.526,-42.445],[145.513,-42.434],[145.558,-42.357],[145.512,-42.374],[145.527,-42.36],[145.494,-42.322],[145.481,-42.365],[145.463,-42.323],[145.365,-42.252],[145.372,-42.202],[145.346,-42.208],[145.5,-42.176],[145.47,-42.197],[145.377,-42.197],[145.307,-42.149],[145.318,-42.176],[145.268,-42.202],[145.291,-42.197],[145.288,-42.229],[145.223,-42.219],[145.26,-42.171],[145.246,-42.03],[145.268,-42.023],[145.248,-42.022],[145.252,-42.06],[145.19,-41.946],[145.203,-41.959],[145.204,-41.937],[145.124,-41.901],[145.028,-41.813],[144.985,-41.736],[144.926,-41.721],[144.911,-41.691],[145.004,-41.618],[145.059,-41.627],[145.08,-41.657],[145.104,-41.644],[145.065,-41.649],[145.081,-41.626],[145.036,-41.618],[145.05,-41.601],[144.918,-41.668],[144.84,-41.506],[144.745,-41.421],[144.79,-41.395],[144.684,-41.237],[144.695,-41.2],[144.659,-41.057],[144.684,-41.038],[144.777,-41.084],[144.796,-41.054],[144.799,-41.09],[144.801,-41.062],[144.772,-41.075],[144.683,-41.037],[144.658,-41.053],[144.607,-41.009],[144.633,-40.994],[144.612,-40.935],[144.649,-40.9],[144.686,-40.906],[144.713,-40.855],[144.709,-40.755],[144.678,-40.717],[144.692,-40.663],[144.727,-40.642],[144.736,-40.69],[144.772,-40.706],[144.766,-40.744],[144.786,-40.708],[144.836,-40.718],[144.842,-40.753],[144.91,-40.751],[144.929,-40.775],[144.98,-40.743],[145.0,-40.775],[145.024,-40.77],[145.018,-40.789],[145.052,-40.786],[145.065,-40.819],[145.109,-40.814],[145.122,-40.839],[145.091,-40.848],[145.167,-40.82],[145.11,-40.794],[145.259,-40.79],[145.216,-40.811],[145.259,-40.806],[145.261,-40.712],[145.309,-40.764],[145.266,-40.798],[145.281,-40.83],[145.282,-40.794],[145.313,-40.835],[145.288,-40.851],[145.392,-40.85],[145.446,-40.871],[145.435,-40.894],[145.511,-40.853],[145.56,-40.917],[145.732,-40.946],[145.74,-40.986],[145.696,-40.975],[145.769,-40.997],[145.838,-41.038],[145.836,-41.057],[145.877,-41.037],[145.92,-41.05],[145.923,-41.078],[145.96,-41.063],[145.985,-41.075],[145.974,-41.088],[145.986,-41.074],[146.12,-41.119],[146.167,-41.147],[146.121,-41.156],[146.151,-41.177],[146.169,-41.145],[146.249,-41.157],[146.252,-41.194],[146.255,-41.152],[146.333,-41.157],[146.316,-41.183],[146.357,-41.158],[146.367,-41.193],[146.348,-41.217],[146.364,-41.208],[146.387,-41.238],[146.402,-41.23],[146.362,-41.201],[146.37,-41.167],[146.462,-41.161],[146.532,-41.118],[146.562,-41.167],[146.54,-41.179],[146.573,-41.189],[146.565,-41.252],[146.585,-41.205],[146.608,-41.259],[146.609,-41.212],[146.588,-41.215],[146.578,-41.185],[146.61,-41.158],[146.566,-41.164],[146.564,-41.146],[146.619,-41.135],[146.644,-41.095],[146.679,-41.101],[146.706,-41.064],[146.769,-41.079],[146.82,-41.137],[146.764,-41.149],[146.771,-41.165],[146.818,-41.145],[146.839,-41.2],[146.858,-41.193],[146.834,-41.163],[146.86,-41.172],[146.879,-41.15],[146.922,-41.169],[146.897,-41.202],[146.946,-41.26],[146.975,-41.252],[146.973,-41.313],[147.034,-41.356],[147.076,-41.34],[147.074,-41.384],[147.123,-41.409],[147.121,-41.444],[147.145,-41.417],[147.173,-41.434],[147.156,-41.416],[147.127,-41.433],[147.074,-41.332],[146.978,-41.309],[147.016,-41.277],[146.945,-41.207],[146.912,-41.213],[146.933,-41.183],[146.965,-41.19],[146.901,-41.137],[146.828,-41.136],[146.786,-41.054],[146.806,-41.064],[146.874,-41.019],[146.959,-41.027],[147.021,-40.98],[147.158,-41.012],[147.138,-41.036],[147.279,-40.942],[147.305,-40.958],[147.346,-40.939],[147.356,-40.983],[147.435,-41.012],[147.397,-41.003],[147.495,-40.977],[147.583,-40.893],[147.595,-40.849],[147.669,-40.821],[147.707,-40.861],[147.758,-40.858],[147.751,-40.876],[147.904,-40.878],[147.884,-40.87],[147.959,-40.766],[147.94,-40.739],[148.031,-40.75],[148.139,-40.83],[148.175,-40.829],[148.115,-40.814],[148.126,-40.836],[148.174,-40.839],[148.179,-40.821],[148.223,-40.846],[148.226,-40.876],[148.35,-40.993],[148.3,-41.031],[148.297,-41.062],[148.294,-41.029],[148.249,-41.051],[148.298,-41.063],[148.269,-41.129],[148.285,-41.169],[148.253,-41.191],[148.272,-41.18],[148.262,-41.204],[148.304,-41.251],[148.289,-41.258],[148.339,-41.258],[148.309,-41.302],[148.28,-41.277],[148.278,-41.314],[148.236,-41.323],[148.272,-41.34],[148.332,-41.276],[148.359,-41.282],[148.279,-41.372],[148.296,-41.371],[148.267,-41.462],[148.233,-41.461],[148.225,-41.431],[148.198,-41.442],[148.267,-41.462],[148.271,-41.503],[148.249,-41.486],[148.317,-41.575],[148.284,-41.717],[148.305,-41.748],[148.264,-41.81],[148.324,-41.917],[148.283,-42.033],[148.343,-42.107],[148.298,-42.168],[148.357,-42.179],[148.347,-42.223],[148.291,-42.281],[148.251,-42.23],[148.292,-42.194],[148.259,-42.165],[148.301,-42.129],[148.247,-42.117],[148.208,-42.077],[148.222,-42.069],[148.157,-42.075],[148.241,-41.986],[148.215,-41.985],[148.199,-42.021],[148.153,-42.005],[148.133,-42.044],[148.165,-42.052],[148.125,-42.075],[148.093,-42.081],[148.077,-42.054],[148.064,-42.068],[148.235,-42.099],[148.124,-42.092],[148.047,-42.118],[148.085,-42.125],[148.084,-42.168],[148.013,-42.24],[148.028,-42.262],[148.001,-42.309],[147.931,-42.343],[147.962,-42.357],[147.991,-42.314],[148.019,-42.315],[148.027,-42.35],[147.98,-42.405],[147.998,-42.439],[147.977,-42.441],[148.01,-42.44],[147.989,-42.5],[148.011,-42.51],[147.969,-42.52],[147.948,-42.553],[147.914,-42.516],[147.923,-42.497],[147.897,-42.524],[147.913,-42.549],[147.851,-42.558],[147.903,-42.566],[147.946,-42.606],[147.932,-42.633],[147.958,-42.653],[147.93,-42.645],[147.963,-42.669],[147.936,-42.711],[147.947,-42.728],[147.881,-42.765],[147.884,-42.846],[147.865,-42.815],[147.845,-42.874],[147.791,-42.903],[147.647,-42.893],[147.643,-42.877],[147.701,-42.871],[147.606,-42.87],[147.622,-42.845],[147.595,-42.782],[147.59,-42.801],[147.534,-42.775],[147.536,-42.805],[147.517,-42.783],[147.486,-42.803],[147.447,-42.756],[147.459,-42.777],[147.435,-42.782],[147.485,-42.808],[147.479,-42.826],[147.513,-42.811],[147.613,-42.846],[147.561,-42.838],[147.503,-42.865],[147.495,-42.912],[147.539,-42.961],[147.509,-42.968],[147.531,-42.985],[147.542,-42.959],[147.554,-42.986],[147.523,-42.993],[147.522,-43.021],[147.415,-43.05],[147.392,-42.975],[147.409,-42.963],[147.43,-43.028],[147.469,-43.027],[147.478,-42.98],[147.446,-42.964],[147.465,-42.923],[147.491,-42.928],[147.484,-42.909],[147.436,-42.908],[147.409,-42.939],[147.405,-42.884],[147.352,-42.876],[147.347,-42.835],[147.281,-42.801],[147.263,-42.73],[147.255,-42.758],[147.198,-42.725],[147.115,-42.772],[147.198,-42.74],[147.233,-42.752],[147.253,-42.787],[147.283,-42.789],[147.255,-42.814],[147.321,-42.831],[147.332,-42.9],[147.361,-42.914],[147.356,-42.952],[147.315,-42.974],[147.344,-43.052],[147.314,-43.06],[147.277,-43.011],[147.256,-43.073],[147.301,-43.091],[147.257,-43.107]]],[[[144.049,-40.068],[143.924,-40.13],[143.925,-40.158],[143.904,-40.121],[143.875,-40.117],[143.858,-40.065],[143.889,-40.056],[143.893,-40.007],[143.834,-39.922],[143.867,-39.838],[143.844,-39.715],[143.921,-39.672],[143.924,-39.595],[143.948,-39.579],[144.11,-39.67],[144.101,-39.761],[144.128,-39.825],[144.105,-39.893],[144.138,-39.93],[144.133,-39.979],[144.106,-40.044],[144.049,-40.068]]],[[[148.022,-40.417],[147.99,-40.422],[147.987,-40.387],[148.078,-40.34],[148.192,-40.356],[148.21,-40.318],[148.267,-40.341],[148.331,-40.291],[148.407,-40.378],[148.451,-40.376],[148.449,-40.407],[148.482,-40.435],[148.438,-40.439],[148.398,-40.489],[148.35,-40.493],[148.31,-40.427],[148.225,-40.466],[148.196,-40.436],[148.14,-40.461],[148.131,-40.44],[148.062,-40.454],[148.022,-40.417]]],[[[148.116,-40.513],[148.248,-40.48],[148.199,-40.59],[148.113,-40.565],[148.122,-40.537],[148.096,-40.529],[148.116,-40.513]]],[[[144.836,-40.444],[144.891,-40.388],[144.955,-40.391],[144.97,-40.426],[144.951,-40.461],[144.898,-40.484],[144.836,-40.444]]],[[[148.067,-42.674],[148.009,-42.661],[148.038,-42.649],[148.025,-42.629],[148.068,-42.57],[148.12,-42.585],[148.169,-42.648],[148.146,-42.667],[148.082,-42.661],[148.068,-42.682],[148.093,-42.721],[148.013,-42.742],[148.038,-42.685],[148.067,-42.674]]],[[[148.295,-42.333],[148.236,-42.306],[148.298,-42.292],[148.346,-42.342],[148.295,-42.333]]],[[[147.904,-39.985],[147.88,-39.907],[147.804,-39.917],[147.748,-39.874],[147.804,-39.835],[147.844,-39.837],[147.841,-39.808],[147.87,-39.787],[147.848,-39.75],[147.882,-39.762],[147.944,-39.72],[147.964,-39.727],[147.968,-39.774],[147.969,-39.759],[147.991,-39.779],[147.961,-39.73],[148.177,-39.952],[148.291,-39.965],[148.285,-40.071],[148.223,-40.122],[148.279,-40.117],[148.288,-40.081],[148.334,-40.21],[148.287,-40.231],[148.209,-40.211],[148.186,-40.25],[148.123,-40.274],[148.046,-40.25],[148.008,-40.106],[147.965,-40.075],[147.953,-40.099],[147.935,-40.035],[147.859,-40.024],[147.904,-39.985]]],[[[147.734,-43.093],[147.686,-43.103],[147.624,-43.068],[147.621,-43.003],[147.684,-42.985],[147.666,-42.938],[147.731,-42.957],[147.718,-43.028],[147.741,-43.014],[147.75,-43.044],[147.767,-43.033],[147.773,-43.055],[147.813,-43.061],[147.841,-43.061],[147.846,-43.031],[147.859,-43.058],[147.872,-43.023],[147.925,-43.015],[147.847,-43.013],[147.838,-42.991],[147.857,-42.983],[147.811,-42.962],[147.866,-42.947],[147.813,-42.937],[147.822,-42.907],[147.803,-42.893],[147.875,-42.888],[147.908,-42.909],[147.904,-42.882],[147.861,-42.875],[147.891,-42.843],[147.92,-42.843],[147.938,-42.877],[147.971,-42.864],[147.958,-42.883],[147.999,-42.914],[147.983,-42.941],[148.0,-42.964],[147.926,-43.021],[147.981,-43.107],[147.954,-43.137],[148.006,-43.139],[147.964,-43.192],[148.012,-43.222],[147.897,-43.191],[147.895,-43.138],[147.862,-43.108],[147.846,-43.155],[147.87,-43.151],[147.853,-43.182],[147.875,-43.206],[147.843,-43.188],[147.785,-43.238],[147.695,-43.168],[147.685,-43.138],[147.734,-43.123],[147.719,-43.103],[147.748,-43.112],[147.734,-43.093]]],[[[147.234,-43.362],[147.222,-43.34],[147.271,-43.296],[147.291,-43.241],[147.318,-43.295],[147.358,-43.256],[147.341,-43.219],[147.384,-43.206],[147.379,-43.176],[147.276,-43.167],[147.31,-43.134],[147.328,-43.152],[147.356,-43.141],[147.361,-43.114],[147.327,-43.131],[147.307,-43.112],[147.358,-43.064],[147.433,-43.24],[147.367,-43.257],[147.322,-43.304],[147.334,-43.368],[147.368,-43.35],[147.382,-43.373],[147.302,-43.515],[147.246,-43.493],[147.246,-43.44],[147.201,-43.437],[147.242,-43.414],[147.204,-43.417],[147.183,-43.489],[147.147,-43.497],[147.133,-43.454],[147.094,-43.428],[147.116,-43.411],[147.171,-43.463],[147.192,-43.431],[147.168,-43.409],[147.179,-43.352],[147.205,-43.383],[147.234,-43.362]]],[[[144.868,-40.724],[144.872,-40.678],[144.929,-40.622],[144.937,-40.65],[144.968,-40.659],[144.955,-40.629],[144.989,-40.669],[145.049,-40.68],[145.068,-40.713],[144.979,-40.707],[144.906,-40.74],[144.868,-40.724]]],[[[144.787,-40.401],[144.791,-40.508],[144.757,-40.606],[144.726,-40.576],[144.71,-40.486],[144.756,-40.486],[144.787,-40.401]]]]}},{"type":"Feature","properties":{"code":"7","State":"Northern Territory"},"geometry":{"type":"MultiPolygon","coordinates":[[[[131.061,-12.332],[131.028,-12.305],[131.013,-12.323],[131.031,-12.239],[130.996,-12.169],[131.046,-12.143],[131.065,-12.167],[131.115,-12.156],[131.125,-12.183],[131.169,-12.173],[131.222,-12.227],[131.193,-12.238],[131.206,-12.27],[131.233,-12.268],[131.225,-12.285],[131.212,-12.24],[131.251,-12.22],[131.229,-12.207],[131.266,-12.077],[131.297,-12.043],[131.328,-12.202],[131.429,-12.276],[131.683,-12.285],[131.892,-12.215],[131.939,-12.273],[132.07,-12.304],[132.238,-12.17],[132.262,-12.173],[132.278,-12.224],[132.353,-12.199],[132.389,-12.236],[132.417,-12.222],[132.442,-12.146],[132.557,-12.085],[132.577,-12.106],[132.629,-12.087],[132.618,-12.019],[132.655,-11.89],[132.636,-11.821],[132.58,-11.788],[132.645,-11.728],[132.547,-11.721],[132.5,-11.68],[132.508,-11.636],[132.597,-11.654],[132.544,-11.602],[132.555,-11.555],[132.497,-11.505],[132.527,-11.469],[132.484,-11.486],[132.457,-11.457],[132.355,-11.441],[132.304,-11.466],[132.238,-11.456],[132.116,-11.517],[132.116,-11.54],[132.066,-11.524],[132.035,-11.483],[132.06,-11.432],[131.991,-11.429],[131.992,-11.403],[131.94,-11.397],[131.985,-11.378],[131.974,-11.345],[131.917,-11.357],[131.944,-11.32],[131.86,-11.294],[131.777,-11.326],[131.759,-11.302],[131.802,-11.298],[131.806,-11.266],[131.851,-11.282],[131.815,-11.213],[131.841,-11.227],[131.861,-11.21],[131.881,-11.235],[131.883,-11.182],[131.929,-11.259],[131.962,-11.253],[131.987,-11.219],[131.962,-11.179],[131.996,-11.174],[131.971,-11.136],[131.994,-11.125],[132.045,-11.199],[132.076,-11.18],[132.086,-11.233],[132.115,-11.212],[132.101,-11.33],[132.124,-11.351],[132.138,-11.297],[132.157,-11.323],[132.145,-11.383],[132.17,-11.421],[132.177,-11.397],[132.202,-11.418],[132.186,-11.359],[132.223,-11.37],[132.238,-11.342],[132.198,-11.302],[132.173,-11.324],[132.2,-11.224],[132.136,-11.122],[132.188,-11.131],[132.284,-11.275],[132.266,-11.176],[132.317,-11.171],[132.334,-11.116],[132.383,-11.207],[132.373,-11.295],[132.398,-11.3],[132.422,-11.223],[132.451,-11.218],[132.507,-11.272],[132.487,-11.3],[132.51,-11.292],[132.502,-11.33],[132.548,-11.343],[132.627,-11.417],[132.668,-11.516],[132.734,-11.518],[132.842,-11.395],[132.896,-11.427],[132.909,-11.385],[132.865,-11.34],[132.918,-11.332],[132.969,-11.418],[133.007,-11.433],[133.076,-11.52],[133.071,-11.556],[133.153,-11.707],[133.25,-11.733],[133.34,-11.694],[133.354,-11.719],[133.316,-11.725],[133.317,-11.768],[133.37,-11.777],[133.403,-11.733],[133.398,-11.769],[133.448,-11.779],[133.46,-11.803],[133.534,-11.761],[133.515,-11.876],[133.563,-11.808],[133.629,-11.838],[133.664,-11.819],[133.667,-11.777],[133.74,-11.783],[133.796,-11.725],[133.837,-11.723],[133.868,-11.755],[133.918,-11.744],[133.941,-11.771],[133.891,-11.813],[133.847,-11.814],[133.823,-11.84],[133.839,-11.877],[133.916,-11.921],[134.039,-11.855],[134.079,-11.898],[134.076,-11.937],[134.132,-11.9],[134.176,-11.956],[134.151,-11.985],[134.183,-11.994],[134.194,-12.029],[134.162,-12.101],[134.182,-12.136],[134.194,-12.075],[134.254,-12.035],[134.248,-11.984],[134.286,-11.983],[134.362,-12.047],[134.497,-12.073],[134.61,-12.048],[134.689,-11.962],[134.749,-11.949],[134.772,-11.959],[134.765,-12.002],[134.799,-12.049],[134.844,-12.062],[134.856,-12.132],[134.971,-12.159],[135.055,-12.262],[135.145,-12.237],[135.213,-12.296],[135.161,-12.226],[135.267,-12.225],[135.305,-12.259],[135.343,-12.247],[135.353,-12.231],[135.314,-12.243],[135.223,-12.19],[135.308,-12.16],[135.305,-12.125],[135.366,-12.085],[135.422,-12.083],[135.415,-12.114],[135.453,-12.115],[135.518,-12.06],[135.57,-12.101],[135.654,-12.039],[135.908,-11.952],[135.877,-11.987],[135.833,-11.983],[135.759,-12.08],[135.654,-12.157],[135.662,-12.222],[135.722,-12.282],[135.708,-12.31],[135.746,-12.263],[135.77,-12.271],[135.804,-12.199],[135.886,-12.15],[135.893,-12.19],[135.914,-12.149],[135.958,-12.153],[136.003,-12.115],[136.003,-12.084],[136.045,-12.063],[135.928,-12.224],[135.968,-12.274],[136.001,-12.269],[136.013,-12.234],[136.063,-12.249],[136.029,-12.296],[136.009,-12.29],[136.023,-12.32],[135.967,-12.413],[136.015,-12.397],[135.996,-12.444],[136.016,-12.494],[136.063,-12.43],[136.085,-12.458],[136.152,-12.436],[136.16,-12.463],[136.223,-12.462],[136.22,-12.479],[136.306,-12.398],[136.343,-12.264],[136.379,-12.25],[136.342,-12.206],[136.228,-12.214],[136.212,-12.184],[136.17,-12.192],[136.167,-12.164],[136.215,-12.154],[136.268,-12.065],[136.341,-12.058],[136.415,-11.958],[136.431,-11.971],[136.443,-11.941],[136.491,-11.953],[136.531,-11.915],[136.562,-11.918],[136.563,-11.877],[136.581,-11.916],[136.472,-11.961],[136.473,-11.998],[136.457,-11.978],[136.445,-11.999],[136.47,-12.0],[136.49,-12.038],[136.503,-11.997],[136.531,-11.991],[136.562,-12.079],[136.591,-12.095],[136.579,-12.154],[136.6,-12.203],[136.647,-12.236],[136.648,-12.269],[136.706,-12.288],[136.741,-12.273],[136.762,-12.233],[136.748,-12.214],[136.722,-12.229],[136.73,-12.213],[136.7,-12.19],[136.678,-12.202],[136.681,-12.185],[136.782,-12.159],[136.815,-12.209],[136.874,-12.22],[136.901,-12.28],[136.927,-12.281],[136.934,-12.335],[136.871,-12.382],[136.922,-12.343],[136.954,-12.358],[136.979,-12.342],[136.964,-12.374],[136.902,-12.39],[136.773,-12.556],[136.761,-12.525],[136.795,-12.494],[136.794,-12.452],[136.725,-12.483],[136.739,-12.554],[136.669,-12.591],[136.68,-12.604],[136.697,-12.569],[136.747,-12.551],[136.762,-12.578],[136.694,-12.625],[136.678,-12.668],[136.694,-12.711],[136.633,-12.699],[136.606,-12.723],[136.622,-12.839],[136.585,-12.818],[136.585,-12.769],[136.551,-12.74],[136.525,-12.756],[136.543,-12.807],[136.484,-12.768],[136.466,-12.781],[136.489,-12.805],[136.481,-12.841],[136.555,-12.877],[136.546,-12.915],[136.638,-12.95],[136.668,-13.004],[136.629,-13.017],[136.616,-12.967],[136.584,-13.019],[136.562,-13.019],[136.56,-12.965],[136.533,-12.992],[136.454,-12.979],[136.481,-13.007],[136.508,-12.996],[136.535,-13.019],[136.534,-13.053],[136.567,-13.058],[136.532,-13.154],[136.511,-13.139],[136.484,-13.161],[136.469,-13.247],[136.447,-13.248],[136.438,-13.219],[136.332,-13.326],[136.328,-13.25],[136.368,-13.253],[136.388,-13.226],[136.356,-13.148],[136.372,-13.073],[136.333,-13.032],[136.291,-13.107],[136.321,-13.12],[136.316,-13.159],[136.255,-13.154],[136.254,-13.121],[136.244,-13.146],[136.219,-13.137],[136.247,-13.173],[136.245,-13.214],[136.222,-13.202],[136.201,-13.247],[136.162,-13.242],[136.181,-13.282],[136.134,-13.207],[136.145,-13.121],[136.097,-13.161],[136.084,-13.233],[136.05,-13.239],[136.046,-13.31],[136.012,-13.214],[135.976,-13.232],[135.964,-13.296],[135.948,-13.252],[135.919,-13.27],[135.88,-13.362],[135.921,-13.378],[135.926,-13.418],[135.973,-13.402],[135.961,-13.446],[135.929,-13.442],[135.931,-13.467],[135.894,-13.425],[135.86,-13.44],[135.869,-13.562],[135.84,-13.566],[135.835,-13.591],[135.879,-13.668],[135.908,-13.658],[135.922,-13.676],[135.879,-13.712],[135.914,-13.747],[135.958,-13.743],[136.034,-13.682],[136.026,-13.652],[136.083,-13.655],[136.013,-13.763],[135.989,-13.896],[135.911,-13.987],[135.879,-14.167],[135.904,-14.191],[135.881,-14.181],[135.794,-14.226],[135.737,-14.283],[135.703,-14.271],[135.73,-14.297],[135.671,-14.423],[135.617,-14.426],[135.59,-14.505],[135.534,-14.567],[135.518,-14.625],[135.541,-14.653],[135.465,-14.676],[135.416,-14.735],[135.382,-14.726],[135.411,-14.873],[135.48,-14.98],[135.58,-15.045],[135.663,-15.056],[135.982,-15.287],[136.24,-15.416],[136.317,-15.626],[136.327,-15.602],[136.412,-15.626],[136.555,-15.75],[136.644,-15.672],[136.672,-15.664],[136.724,-15.696],[136.683,-15.778],[136.643,-15.769],[136.714,-15.857],[136.691,-15.903],[136.706,-15.931],[136.771,-15.889],[136.761,-15.916],[136.823,-15.899],[136.953,-15.938],[136.912,-15.901],[136.978,-15.851],[137.084,-15.944],[137.254,-16.012],[137.295,-16.081],[137.372,-16.133],[137.357,-16.116],[137.73,-16.232],[137.862,-16.423],[137.995,-16.538],[137.999,-25.997],[129.001,-25.999],[129.001,-14.88],[129.104,-14.918],[129.108,-14.989],[129.13,-14.949],[129.153,-14.983],[129.189,-14.987],[129.169,-15.045],[129.201,-15.123],[129.158,-15.198],[129.188,-15.189],[129.199,-15.147],[129.231,-15.176],[129.215,-15.154],[129.249,-15.092],[129.236,-15.068],[129.256,-15.034],[129.256,-15.062],[129.278,-15.029],[129.302,-15.037],[129.233,-15.008],[129.228,-14.839],[129.482,-14.94],[129.525,-15.028],[129.604,-15.108],[129.56,-15.155],[129.564,-15.18],[129.626,-15.138],[129.685,-15.143],[129.641,-15.077],[129.663,-15.028],[129.635,-15.033],[129.622,-14.951],[129.593,-14.967],[129.5,-14.79],[129.592,-14.891],[129.618,-14.871],[129.578,-14.798],[129.632,-14.844],[129.805,-14.858],[129.881,-14.82],[129.864,-14.802],[129.903,-14.773],[129.813,-14.823],[129.758,-14.825],[129.754,-14.803],[129.81,-14.76],[129.725,-14.792],[129.672,-14.763],[129.665,-14.726],[129.589,-14.661],[129.585,-14.614],[129.692,-14.613],[129.776,-14.537],[129.665,-14.581],[129.526,-14.552],[129.488,-14.503],[129.523,-14.466],[129.49,-14.46],[129.507,-14.472],[129.483,-14.501],[129.482,-14.45],[129.454,-14.446],[129.474,-14.493],[129.453,-14.505],[129.398,-14.416],[129.357,-14.424],[129.369,-14.333],[129.42,-14.29],[129.409,-14.236],[129.512,-14.127],[129.477,-14.05],[129.516,-14.075],[129.536,-14.058],[129.542,-14.145],[129.567,-14.084],[129.595,-14.091],[129.609,-14.07],[129.599,-14.01],[129.641,-14.047],[129.727,-14.008],[129.752,-13.951],[129.715,-13.882],[129.74,-13.827],[129.795,-13.79],[129.79,-13.667],[129.835,-13.561],[129.817,-13.502],[129.877,-13.502],[129.897,-13.44],[129.91,-13.514],[130.008,-13.533],[130.106,-13.456],[130.142,-13.457],[130.182,-13.409],[130.239,-13.282],[130.163,-13.177],[130.116,-13.164],[130.129,-12.967],[130.176,-12.91],[130.213,-12.947],[130.247,-12.948],[130.338,-12.891],[130.352,-12.67],[130.404,-12.701],[130.393,-12.663],[130.461,-12.639],[130.514,-12.668],[130.501,-12.718],[130.52,-12.751],[130.531,-12.724],[130.511,-12.71],[130.558,-12.702],[130.583,-12.718],[130.57,-12.744],[130.596,-12.718],[130.63,-12.728],[130.624,-12.775],[130.644,-12.744],[130.621,-12.705],[130.687,-12.728],[130.687,-12.751],[130.739,-12.711],[130.69,-12.72],[130.702,-12.69],[130.674,-12.708],[130.622,-12.67],[130.585,-12.684],[130.546,-12.635],[130.55,-12.616],[130.582,-12.622],[130.587,-12.66],[130.607,-12.604],[130.641,-12.644],[130.644,-12.628],[130.592,-12.596],[130.604,-12.578],[130.568,-12.59],[130.583,-12.512],[130.606,-12.501],[130.581,-12.463],[130.623,-12.449],[130.579,-12.405],[130.619,-12.381],[130.765,-12.437],[130.727,-12.526],[130.779,-12.475],[130.774,-12.546],[130.729,-12.582],[130.734,-12.601],[130.73,-12.583],[130.779,-12.559],[130.767,-12.602],[130.792,-12.622],[130.788,-12.548],[130.81,-12.54],[130.828,-12.588],[130.816,-12.558],[130.841,-12.555],[130.868,-12.601],[130.847,-12.613],[130.87,-12.613],[130.87,-12.659],[130.88,-12.631],[130.9,-12.655],[130.896,-12.682],[130.908,-12.656],[130.882,-12.606],[130.967,-12.63],[130.953,-12.597],[130.884,-12.574],[130.877,-12.553],[130.901,-12.556],[130.859,-12.507],[130.904,-12.513],[130.908,-12.541],[130.923,-12.509],[130.954,-12.555],[130.931,-12.488],[130.947,-12.471],[130.884,-12.493],[130.87,-12.483],[130.917,-12.457],[130.893,-12.466],[130.886,-12.443],[130.882,-12.465],[130.85,-12.439],[130.841,-12.473],[130.815,-12.454],[130.836,-12.428],[130.816,-12.407],[130.843,-12.408],[130.841,-12.38],[130.895,-12.33],[130.945,-12.357],[130.983,-12.342],[131.019,-12.372],[131.009,-12.356],[131.055,-12.348],[131.031,-12.347],[131.031,-12.325],[131.061,-12.332]]],[[[136.949,-15.736],[136.929,-15.725],[136.939,-15.689],[136.918,-15.684],[136.948,-15.676],[136.936,-15.66],[136.961,-15.64],[136.991,-15.673],[136.977,-15.634],[137.0,-15.623],[136.991,-15.584],[137.01,-15.587],[137.032,-15.634],[137.065,-15.627],[137.082,-15.656],[137.073,-15.746],[137.106,-15.773],[137.098,-15.812],[137.075,-15.846],[137.04,-15.836],[137.036,-15.798],[136.995,-15.794],[136.97,-15.749],[136.981,-15.715],[136.964,-15.731],[136.954,-15.71],[136.949,-15.736]]],[[[136.617,-15.555],[136.59,-15.645],[136.494,-15.643],[136.525,-15.531],[136.579,-15.511],[136.61,-15.523],[136.617,-15.555]]],[[[136.75,-15.647],[136.795,-15.645],[136.837,-15.687],[136.791,-15.684],[136.78,-15.702],[136.805,-15.723],[136.738,-15.763],[136.75,-15.647]]],[[[136.872,-15.61],[136.882,-15.636],[136.845,-15.647],[136.842,-15.541],[136.881,-15.506],[136.905,-15.591],[136.872,-15.61]]],[[[135.69,-14.906],[135.72,-14.876],[135.71,-14.852],[135.748,-14.837],[135.764,-14.902],[135.69,-14.906]]],[[[136.417,-13.853],[136.422,-13.816],[136.495,-13.84],[136.525,-13.821],[136.528,-13.786],[136.552,-13.82],[136.573,-13.798],[136.601,-13.806],[136.594,-13.787],[136.631,-13.789],[136.575,-13.691],[136.636,-13.688],[136.618,-13.704],[136.631,-13.72],[136.676,-13.702],[136.695,-13.651],[136.719,-13.666],[136.727,-13.651],[136.733,-13.673],[136.72,-13.717],[136.681,-13.737],[136.697,-13.775],[136.735,-13.771],[136.712,-13.794],[136.725,-13.842],[136.824,-13.852],[136.839,-13.803],[136.797,-13.834],[136.839,-13.745],[136.905,-13.764],[136.924,-13.807],[136.882,-13.846],[136.858,-13.913],[136.813,-13.904],[136.771,-13.951],[136.764,-14.009],[136.807,-14.019],[136.806,-14.038],[136.759,-14.048],[136.752,-14.088],[136.72,-14.07],[136.699,-14.125],[136.711,-14.176],[136.763,-14.197],[136.788,-14.189],[136.776,-14.145],[136.864,-14.212],[136.896,-14.202],[136.914,-14.137],[136.927,-14.165],[136.963,-14.166],[136.933,-14.205],[136.959,-14.245],[136.94,-14.262],[136.964,-14.284],[136.934,-14.285],[136.951,-14.304],[136.913,-14.285],[136.889,-14.308],[136.857,-14.279],[136.814,-14.295],[136.81,-14.272],[136.754,-14.259],[136.649,-14.297],[136.629,-14.266],[136.492,-14.238],[136.437,-14.196],[136.325,-14.246],[136.324,-14.213],[136.411,-14.169],[136.443,-14.123],[136.408,-13.976],[136.436,-13.894],[136.417,-13.853]]],[[[136.192,-13.789],[136.185,-13.768],[136.15,-13.777],[136.168,-13.835],[136.118,-13.83],[136.113,-13.731],[136.172,-13.749],[136.181,-13.677],[136.242,-13.667],[136.293,-13.708],[136.302,-13.736],[136.252,-13.753],[136.276,-13.757],[136.284,-13.788],[136.26,-13.785],[136.247,-13.851],[136.205,-13.857],[136.192,-13.789]]],[[[136.142,-13.524],[136.121,-13.483],[136.14,-13.415],[136.095,-13.357],[136.151,-13.385],[136.206,-13.454],[136.166,-13.485],[136.141,-13.472],[136.168,-13.514],[136.141,-13.565],[136.142,-13.524]]],[[[136.499,-13.717],[136.531,-13.703],[136.541,-13.774],[136.519,-13.792],[136.466,-13.738],[136.499,-13.717]]],[[[130.661,-11.403],[130.702,-11.441],[130.711,-11.489],[130.722,-11.47],[130.755,-11.479],[130.814,-11.526],[130.726,-11.421],[130.697,-11.427],[130.705,-11.385],[130.849,-11.355],[130.899,-11.309],[131.033,-11.367],[131.052,-11.342],[131.04,-11.319],[131.092,-11.304],[131.113,-11.259],[131.148,-11.25],[131.168,-11.313],[131.188,-11.335],[131.208,-11.311],[131.209,-11.344],[131.221,-11.313],[131.191,-11.303],[131.204,-11.237],[131.278,-11.19],[131.316,-11.229],[131.303,-11.274],[131.353,-11.25],[131.382,-11.299],[131.401,-11.259],[131.437,-11.267],[131.43,-11.304],[131.463,-11.328],[131.468,-11.39],[131.523,-11.394],[131.544,-11.453],[131.461,-11.514],[131.472,-11.607],[131.426,-11.614],[131.38,-11.584],[131.281,-11.74],[131.258,-11.733],[131.082,-11.836],[131.049,-11.882],[130.949,-11.94],[130.861,-11.854],[130.687,-11.797],[130.683,-11.761],[130.6,-11.719],[130.587,-11.69],[130.573,-11.702],[130.557,-11.674],[130.495,-11.658],[130.477,-11.621],[130.49,-11.553],[130.432,-11.503],[130.41,-11.365],[130.384,-11.346],[130.411,-11.314],[130.365,-11.258],[130.373,-11.17],[130.402,-11.166],[130.516,-11.28],[130.555,-11.266],[130.596,-11.289],[130.604,-11.321],[130.555,-11.36],[130.569,-11.398],[130.627,-11.383],[130.657,-11.336],[130.661,-11.403]]],[[[130.615,-11.736],[130.641,-11.761],[130.606,-11.827],[130.568,-11.811],[130.499,-11.83],[130.315,-11.771],[130.131,-11.825],[130.049,-11.824],[130.021,-11.78],[130.033,-11.756],[130.074,-11.765],[130.076,-11.669],[130.158,-11.706],[130.202,-11.649],[130.21,-11.719],[130.234,-11.741],[130.208,-11.694],[130.22,-11.67],[130.303,-11.728],[130.294,-11.695],[130.246,-11.679],[130.264,-11.662],[130.193,-11.644],[130.2,-11.581],[130.175,-11.558],[130.224,-11.504],[130.264,-11.562],[130.272,-11.544],[130.23,-11.496],[130.202,-11.511],[130.183,-11.483],[130.148,-11.482],[130.245,-11.366],[130.257,-11.398],[130.252,-11.346],[130.337,-11.318],[130.401,-11.424],[130.376,-11.508],[130.465,-11.576],[130.469,-11.667],[130.615,-11.736]]],[[[132.586,-11.144],[132.59,-11.179],[132.632,-11.187],[132.603,-11.202],[132.62,-11.287],[132.588,-11.357],[132.543,-11.251],[132.47,-11.158],[132.508,-11.142],[132.513,-11.089],[132.462,-11.034],[132.503,-11.059],[132.548,-11.042],[132.565,-10.979],[132.595,-10.97],[132.579,-11.005],[132.614,-11.129],[132.586,-11.144]]],[[[135.56,-12.036],[135.595,-11.95],[135.631,-11.975],[135.666,-11.936],[135.734,-11.939],[135.835,-11.838],[135.869,-11.837],[135.889,-11.805],[135.866,-11.784],[135.877,-11.756],[135.931,-11.779],[135.938,-11.804],[135.797,-11.965],[135.741,-11.976],[135.736,-12.002],[135.637,-12.018],[135.567,-12.072],[135.56,-12.036]]],[[[136.497,-11.413],[136.577,-11.331],[136.626,-11.206],[136.707,-11.169],[136.694,-11.119],[136.722,-11.108],[136.7,-11.093],[136.737,-11.079],[136.713,-11.055],[136.76,-11.018],[136.72,-11.195],[136.667,-11.225],[136.684,-11.25],[136.626,-11.284],[136.627,-11.329],[136.535,-11.444],[136.475,-11.451],[136.497,-11.413]]],[[[136.313,-11.598],[136.295,-11.58],[136.342,-11.59],[136.366,-11.554],[136.377,-11.587],[136.333,-11.623],[136.297,-11.642],[136.272,-11.616],[136.263,-11.663],[136.223,-11.653],[136.159,-11.693],[136.181,-11.675],[136.166,-11.644],[136.231,-11.646],[136.222,-11.62],[136.243,-11.62],[136.264,-11.572],[136.281,-11.605],[136.313,-11.598]]],[[[136.141,-12.045],[136.133,-12.026],[136.193,-12.028],[136.189,-12.001],[136.219,-12.036],[136.278,-11.977],[136.314,-11.974],[136.309,-12.013],[136.194,-12.077],[136.128,-12.074],[136.118,-12.051],[136.143,-12.061],[136.141,-12.045]]],[[[133.36,-11.637],[133.348,-11.624],[133.408,-11.585],[133.466,-11.592],[133.481,-11.618],[133.421,-11.646],[133.414,-11.626],[133.388,-11.634],[133.402,-11.662],[133.37,-11.682],[133.36,-11.637]]],[[[135.992,-11.716],[135.953,-11.701],[135.953,-11.679],[136.048,-11.644],[135.992,-11.716]]],[[[134.929,-12.097],[134.902,-12.14],[134.869,-12.127],[134.847,-12.045],[134.929,-12.097]]],[[[132.336,-12.094],[132.401,-12.076],[132.422,-12.121],[132.389,-12.14],[132.336,-12.094]]],[[[136.373,-11.564],[136.367,-11.534],[136.383,-11.546],[136.474,-11.467],[136.45,-11.532],[136.373,-11.564]]],[[[133.391,-11.495],[133.467,-11.465],[133.493,-11.515],[133.436,-11.506],[133.385,-11.548],[133.391,-11.495]]],[[[130.518,-12.569],[130.503,-12.612],[130.541,-12.71],[130.486,-12.621],[130.485,-12.58],[130.518,-12.569]]],[[[134.909,-12.033],[134.956,-12.016],[134.991,-12.037],[134.957,-12.066],[134.909,-12.033]]]]}},{"type":"Feature","properties":{"code":"8","State":"Australian Capital Territory"},"geometry":{"type":"MultiPolygon","coordinates":[[[[149.062,-35.159],[149.137,-35.127],[149.186,-35.161],[149.205,-35.229],[149.239,-35.222],[149.234,-35.243],[149.274,-35.275],[149.399,-35.319],[149.357,-35.351],[149.255,-35.33],[149.207,-35.345],[149.146,-35.415],[149.143,-35.593],[149.078,-35.586],[149.109,-35.697],[149.096,-35.846],[149.046,-35.921],[148.962,-35.897],[148.909,-35.853],[148.887,-35.719],[148.856,-35.761],[148.791,-35.704],[148.799,-35.667],[148.767,-35.647],[148.789,-35.588],[148.763,-35.494],[148.809,-35.383],[148.794,-35.338],[148.81,-35.307],[149.062,-35.159]]]]}}]}