{"type":"FeatureCollection","features":[{"type":"Feature","properties":{"State":"New South Wales","Code":"1","Short":"NSW","Contracts":84340,"Previous":90630,"Population":8641100,"Rate":9.76033,"Change":-6.9,"Longitude":146,"Latitude":-32,"Column":3,"Row":2,"AreaPerContract":4.653329758320301,"LinearScale":0.7},"geometry":{"type":"MultiPolygon","coordinates":[[[[1461.143,-806.382],[1463.667,-804.985],[1464.295,-806.096],[1462.545,-807.045],[1465.663,-805.571],[1466.217,-806.751],[1464.626,-807.484],[1467.108,-806.398],[1469.191,-808.26],[1471.789,-805.375],[1472.129,-806.685],[1468.097,-818.22],[1464.551,-813.791],[1464.001,-814.98],[1463.087,-813.593],[1460.486,-817.506],[1460.716,-815.8],[1459.52,-816.981],[1456.419,-814.511],[1454.598,-815.53],[1455.618,-812.272],[1455.167,-814.185],[1453.988,-813.316],[1453.345,-814.73],[1456.507,-815.786],[1454.585,-818.528],[1456.582,-816.191],[1459.521,-817.455],[1458.962,-818.722],[1460.189,-817.782],[1461.031,-820.185],[1462.52,-817.307],[1463.466,-818.461],[1462.089,-819.065],[1466.39,-817.91],[1466.552,-820.064],[1462.356,-820.443],[1461.311,-822.907],[1460.927,-821.434],[1458.577,-822.538],[1458.519,-820.083],[1455.428,-821.404],[1457.78,-821.247],[1458.123,-823.029],[1456.312,-823.496],[1462.245,-824.138],[1449.193,-833.669],[1444.21,-840.025],[1441.689,-851.203],[1440.124,-850.364],[1441.942,-851.237],[1442.15,-853.551],[1438.553,-856.857],[1439.954,-853.101],[1436.532,-852.174],[1433.711,-856.452],[1434.18,-857.775],[1437.908,-856.377],[1438.186,-860.592],[1439.948,-861.378],[1436.737,-862.291],[1436.71,-866.858],[1433.042,-875.118],[1430.538,-875.102],[1427.497,-880.136],[1429.075,-886.172],[1428.376,-890.489],[1432.26,-893.129],[1430.626,-897.715],[1428.522,-899.089],[1426.881,-897.928],[1428.075,-894.228],[1426.865,-890.762],[1421.737,-892.213],[1420.67,-895.457],[1422.09,-896.352],[1421.813,-900.409],[1414.801,-901.142],[1414.514,-904.803],[1410.822,-906.131],[1410.658,-908.863],[1406.168,-911.426],[1405.162,-916.722],[1406.14,-917.556],[1399.034,-924.105],[1399.234,-929.476],[1391.236,-937.64],[1391.35,-940.718],[1388.376,-943.557],[1386.672,-941.454],[1383.038,-940.991],[1385.81,-949.196],[1385.359,-951.73],[1382.323,-951.107],[1382.433,-953.24],[1379.511,-955.224],[1379.241,-964.842],[1375.446,-974.243],[1375.751,-984.319],[1369.465,-993.476],[1370.191,-996.232],[1367.74,-1000.623],[1367.977,-1005.745],[1357.367,-1024.919],[1356.455,-1031.689],[1354.224,-1032.426],[1354.502,-1034.729],[1356.506,-1035.293],[1355.031,-1037.532],[1355.43,-1043.368],[1354.147,-1042.582],[1353.363,-1044.829],[1350.56,-1045.651],[1352.769,-1047.569],[1355.533,-1047.056],[1358.298,-1050.53],[1357.98,-1056.039],[1360.026,-1060.203],[1356.104,-1057.99],[1353.126,-1060.741],[1354.502,-1063.257],[1352.641,-1068.101],[1353.05,-1078.302],[1249.331,-1010.635],[1243.947,-1010.427],[1245.888,-1005.408],[1251.574,-999.555],[1252.467,-995.511],[1247.444,-992.528],[1247.775,-984.434],[1245.564,-983.328],[1242.976,-978.193],[1244.954,-972.858],[1243.525,-972.074],[1244.786,-964.076],[1243.872,-961.471],[1245.162,-958.952],[1243.099,-958.724],[1241.995,-954.376],[1243.595,-951.342],[1239.449,-951.043],[1238.583,-946.799],[1230.287,-943.861],[1226.487,-940.318],[1219.244,-943.456],[1216.04,-942.018],[1218.092,-943.568],[1216.032,-945.07],[1212.775,-939.949],[1209.996,-941.064],[1207.003,-939.418],[1200.979,-947.943],[1198.904,-946.004],[1190.084,-945.011],[1189.12,-941.468],[1183.83,-949.843],[1177.996,-946.901],[1176.821,-949.754],[1172.831,-946.064],[1169.646,-946.916],[1168.659,-944.158],[1165.168,-944.277],[1164.39,-941.305],[1161.377,-942.334],[1157.15,-938.394],[1157.389,-936.619],[1154.231,-935.916],[1153.107,-937.682],[1150.42,-934.758],[1149.417,-937.241],[1145.672,-934.763],[1141.507,-941.161],[1139.752,-939.036],[1136.186,-939.943],[1136.355,-937.535],[1129.983,-939.347],[1129.402,-937.493],[1126.825,-937.326],[1127.201,-936.032],[1124.248,-937.159],[1120.614,-934.782],[1116.762,-936.061],[1116.097,-931.698],[1114.309,-932.547],[1112.963,-930.701],[1106.724,-933.17],[1105.127,-930.599],[1101.302,-929.542],[1100.387,-927.113],[1098.782,-927.357],[1095.69,-923.79],[1096.223,-922.119],[1094.561,-922.984],[1090.992,-916.952],[1083.46,-918.306],[1079.295,-920.983],[1073.187,-919.19],[1072.639,-917.5],[1066.645,-917.99],[1064.281,-916.064],[1054.874,-918.688],[1053.606,-926.081],[1051.279,-928.147],[1053.477,-930.523],[1054.364,-934.895],[1046.996,-933.171],[1045.402,-936.315],[1041.2,-938.223],[1037.544,-936.666],[1037.852,-934.505],[1035.53,-935.091],[1036.071,-932.403],[1033.722,-933.3],[1032.58,-931.096],[1031.452,-933.267],[1031.68,-929.772],[1029.565,-930.142],[1028.516,-927.556],[1025.587,-926.299],[1025.772,-924.049],[1019.385,-918.682],[1019.921,-915.21],[1018.073,-914.591],[1018.201,-909.913],[1016.598,-907.829],[1013.219,-906.54],[1013.515,-905.235],[1011.464,-906.32],[1009.069,-901.438],[1003.661,-896.943],[1002.394,-892.934],[998.428,-889.337],[995.302,-889.56],[994.375,-885.188],[987.493,-883.089],[984.922,-879.372],[981.831,-878.275],[982.022,-875.787],[978.542,-875.6],[977.111,-873.536],[973.598,-875.459],[969.578,-870.621],[971.739,-866.404],[970.555,-860.135],[964.451,-860.931],[963.359,-858.503],[959.394,-857.898],[959.876,-854.804],[957.261,-851.404],[957.806,-848.314],[956.122,-846.078],[957.29,-844.05],[956.282,-839.515],[958.046,-838.079],[956.906,-834.473],[959.109,-832.285],[959.231,-827.127],[954.836,-826.962],[953.17,-825.275],[954.687,-823.741],[951.475,-823.978],[951.326,-821.618],[948.012,-820.596],[947.939,-818.946],[946.89,-820.202],[945.682,-818.314],[944.355,-819.002],[944.917,-817.398],[943.533,-818.865],[942.198,-816.969],[941.128,-818.538],[940.182,-817.453],[940.024,-818.773],[937.0,-815.426],[935.743,-817.844],[933.073,-813.976],[930.417,-816.297],[928.844,-815.013],[929.559,-812.086],[924.543,-808.763],[926.217,-806.764],[925.157,-805.437],[923.637,-807.056],[924.401,-808.048],[922.188,-807.661],[922.962,-809.437],[919.014,-809.167],[918.026,-813.329],[919.304,-815.217],[917.226,-815.702],[918.349,-818.91],[913.176,-818.872],[914.169,-823.088],[906.967,-820.96],[905.545,-819.3],[906.951,-816.418],[905.674,-816.412],[906.69,-815.54],[905.697,-814.143],[906.958,-813.444],[904.366,-813.976],[905.066,-811.125],[903.04,-810.834],[904.479,-805.527],[903.236,-804.974],[903.356,-807.018],[898.213,-802.529],[900.304,-801.883],[898.741,-801.31],[900.134,-799.601],[897.867,-800.0],[899.52,-798.229],[897.574,-797.631],[898.709,-794.964],[897.824,-791.851],[901.057,-787.519],[893.898,-786.189],[894.183,-783.779],[890.992,-784.512],[892.029,-781.367],[891.016,-775.189],[887.082,-774.466],[886.356,-771.754],[881.818,-773.425],[881.583,-770.04],[878.6,-769.46],[879.304,-767.466],[877.679,-767.756],[878.221,-769.358],[875.469,-768.166],[874.84,-770.008],[873.259,-768.577],[872.655,-770.029],[870.674,-767.79],[868.692,-769.705],[859.824,-765.557],[858.878,-767.381],[856.191,-766.122],[851.922,-768.765],[852.153,-770.268],[850.006,-769.67],[851.1,-772.869],[846.622,-772.604],[845.031,-774.547],[845.713,-771.688],[844.48,-769.735],[840.97,-770.47],[835.916,-765.711],[833.486,-767.765],[833.095,-765.627],[828.464,-763.482],[828.519,-761.37],[826.145,-761.314],[824.604,-763.578],[824.175,-762.065],[822.727,-762.689],[822.849,-760.502],[819.151,-759.982],[818.65,-762.07],[817.293,-759.879],[815.708,-760.653],[815.496,-758.683],[814.688,-760.519],[813.236,-758.872],[834.726,-363.419],[1368.047,-409.355],[1373.379,-406.652],[1377.72,-398.043],[1380.92,-397.947],[1381.926,-395.766],[1384.64,-395.772],[1385.504,-393.654],[1393.487,-389.374],[1397.741,-387.902],[1399.636,-389.084],[1404.882,-381.704],[1408.5,-380.478],[1414.14,-381.088],[1418.811,-384.599],[1418.867,-386.353],[1421.46,-386.831],[1422.774,-385.009],[1439.874,-387.538],[1442.821,-385.209],[1447.136,-386.071],[1452.23,-384.017],[1456.077,-386.413],[1461.74,-384.198],[1470.372,-395.399],[1476.161,-395.355],[1477.785,-396.997],[1478.112,-395.53],[1483.153,-398.095],[1491.489,-395.773],[1499.029,-401.539],[1501.242,-401.277],[1503.863,-405.601],[1507.698,-406.431],[1508.891,-414.778],[1512.914,-414.683],[1523.303,-424.277],[1521.905,-437.046],[1523.962,-439.87],[1523.555,-442.358],[1528.684,-444.013],[1537.009,-436.729],[1537.313,-432.556],[1541.156,-427.838],[1547.404,-426.875],[1552.769,-423.008],[1554.647,-423.191],[1556.554,-430.457],[1558.706,-429.645],[1560.12,-431.196],[1562.122,-427.102],[1566.347,-429.448],[1571.855,-427.522],[1572.722,-428.599],[1574.998,-425.501],[1573.619,-424.191],[1576.728,-415.243],[1579.265,-413.694],[1578.719,-411.309],[1575.333,-409.714],[1573.27,-397.804],[1575.32,-396.821],[1575.467,-398.672],[1577.351,-398.859],[1581.518,-394.995],[1587.942,-393.047],[1591.79,-394.792],[1598.702,-389.02],[1603.724,-390.224],[1606.352,-387.659],[1606.536,-384.979],[1608.412,-385.251],[1610.194,-382.405],[1614.907,-383.411],[1613.881,-386.685],[1617.122,-389.787],[1620.199,-384.663],[1620.736,-387.53],[1628.283,-393.42],[1637.543,-390.492],[1640.832,-393.213],[1652.243,-396.518],[1653.85,-393.573],[1656.999,-392.215],[1658.132,-388.8],[1661.704,-390.537],[1665.23,-388.522],[1670.677,-390.547],[1679.331,-384.619],[1682.965,-386.852],[1684.272,-385.937],[1679.673,-389.534],[1681.512,-390.056],[1681.489,-387.98],[1683.094,-387.35],[1684.425,-389.389],[1682.355,-391.701],[1683.371,-391.778],[1684.468,-386.446],[1685.419,-393.609],[1679.996,-413.66],[1681.228,-422.062],[1684.442,-423.357],[1679.751,-434.27],[1679.912,-439.397],[1678.384,-441.791],[1677.685,-438.814],[1677.457,-441.17],[1674.093,-440.89],[1678.226,-441.926],[1668.167,-451.536],[1665.199,-457.137],[1666.244,-460.963],[1656.989,-471.738],[1656.274,-475.533],[1658.242,-477.746],[1655.424,-489.982],[1651.15,-499.367],[1651.725,-501.366],[1648.276,-506.257],[1648.557,-508.848],[1643.559,-522.184],[1638.369,-528.403],[1637.648,-537.609],[1632.088,-544.569],[1632.297,-548.978],[1629.227,-551.062],[1622.285,-561.955],[1619.612,-573.965],[1616.847,-578.562],[1616.555,-589.893],[1618.047,-592.423],[1620.59,-592.407],[1621.053,-595.102],[1616.588,-602.145],[1617.778,-606.22],[1610.708,-614.224],[1608.797,-619.424],[1608.967,-625.411],[1603.928,-631.971],[1604.624,-637.558],[1597.192,-644.635],[1596.996,-649.532],[1593.449,-652.421],[1593.114,-656.025],[1587.455,-662.018],[1588.483,-664.473],[1578.326,-670.52],[1569.735,-683.152],[1568.819,-687.621],[1572.349,-691.47],[1568.462,-696.852],[1569.77,-700.534],[1566.608,-705.942],[1567.747,-708.964],[1553.308,-713.686],[1549.617,-718.306],[1543.231,-721.589],[1542.263,-724.225],[1543.285,-725.798],[1541.482,-723.716],[1538.562,-723.933],[1538.422,-721.694],[1537.576,-723.475],[1534.164,-723.464],[1534.648,-720.522],[1533.094,-722.678],[1528.682,-719.992],[1526.842,-721.396],[1528.733,-723.803],[1525.946,-726.34],[1533.661,-725.611],[1534.212,-727.275],[1534.246,-724.268],[1535.523,-726.827],[1542.133,-726.504],[1540.548,-730.239],[1537.342,-730.177],[1536.539,-732.122],[1532.578,-730.924],[1523.535,-732.732],[1515.8,-736.0],[1514.005,-738.995],[1514.85,-734.362],[1516.978,-731.809],[1514.278,-731.431],[1512.806,-733.521],[1508.642,-730.485],[1510.478,-735.176],[1509.102,-731.421],[1513.973,-734.081],[1513.623,-737.516],[1511.056,-735.257],[1513.11,-736.969],[1513.319,-739.215],[1512.594,-737.847],[1512.302,-738.994],[1515.076,-738.828],[1510.316,-741.962],[1509.293,-745.54],[1505.16,-747.972],[1504.14,-750.601],[1502.782,-750.491],[1504.466,-746.847],[1502.757,-745.026],[1504.226,-741.985],[1502.365,-740.776],[1502.158,-744.152],[1500.137,-743.159],[1501.898,-747.44],[1499.301,-745.893],[1500.701,-746.641],[1499.117,-748.637],[1501.147,-750.027],[1497.396,-747.845],[1494.358,-749.958],[1497.8,-751.067],[1493.876,-753.453],[1497.197,-756.839],[1496.558,-754.377],[1498.857,-752.875],[1498.676,-751.346],[1499.196,-756.087],[1502.484,-749.342],[1502.781,-751.441],[1504.428,-750.878],[1501.408,-755.682],[1501.737,-757.547],[1496.146,-762.548],[1496.752,-765.243],[1495.631,-766.274],[1491.159,-769.375],[1494.682,-764.64],[1493.178,-763.246],[1496.189,-762.238],[1497.996,-759.561],[1497.303,-758.436],[1496.107,-758.587],[1496.115,-761.832],[1492.913,-759.966],[1493.125,-763.159],[1487.65,-765.965],[1489.218,-767.842],[1487.405,-767.751],[1487.874,-770.03],[1489.132,-770.836],[1490.594,-768.743],[1491.244,-770.177],[1486.626,-775.789],[1486.115,-779.989],[1484.027,-782.39],[1478.96,-783.752],[1478.65,-781.734],[1480.385,-781.892],[1479.319,-779.216],[1481.428,-780.453],[1482.194,-778.186],[1480.022,-779.312],[1479.158,-778.008],[1481.639,-775.58],[1479.786,-776.276],[1478.814,-774.325],[1478.359,-778.137],[1477.442,-777.221],[1477.87,-778.86],[1476.571,-779.316],[1479.116,-778.793],[1479.682,-781.321],[1473.149,-784.858],[1472.44,-780.019],[1474.568,-778.253],[1471.729,-781.424],[1470.095,-779.069],[1472.873,-777.311],[1472.987,-775.508],[1469.795,-777.921],[1469.749,-781.63],[1467.313,-777.507],[1468.965,-772.987],[1464.125,-776.524],[1462.69,-773.643],[1463.838,-776.722],[1467.725,-775.902],[1465.875,-777.55],[1467.336,-778.3],[1466.999,-780.31],[1464.429,-778.619],[1466.244,-780.603],[1464.405,-781.698],[1466.299,-781.638],[1466.399,-783.311],[1463.071,-784.838],[1464.414,-785.967],[1465.87,-784.82],[1465.165,-783.777],[1466.965,-784.415],[1466.459,-781.422],[1468.446,-779.715],[1469.538,-782.708],[1471.772,-782.062],[1470.254,-784.623],[1472.373,-785.305],[1468.33,-785.864],[1469.96,-787.27],[1465.307,-790.433],[1474.799,-785.161],[1476.428,-786.094],[1473.115,-791.808],[1474.103,-790.757],[1475.583,-792.776],[1477.216,-786.044],[1478.016,-789.71],[1475.064,-795.629],[1472.407,-796.057],[1474.947,-795.534],[1475.172,-798.646],[1473.398,-798.8],[1472.773,-801.954],[1473.296,-804.79],[1467.588,-799.986],[1469.278,-801.4],[1468.1,-801.477],[1469.067,-802.003],[1468.049,-803.761],[1469.938,-802.753],[1471.108,-804.65],[1469.465,-806.718],[1463.293,-803.907],[1463.502,-801.882],[1463.155,-803.968],[1464.93,-805.234],[1457.291,-802.705],[1459.415,-802.832],[1459.1,-804.211],[1460.032,-803.073],[1461.143,-806.382]]]]}},{"type":"Feature","properties":{"State":"Victoria","Code":"2","Short":"VIC","Contracts":57015,"Previous":64400,"Population":7121900,"Rate":8.00559,"Change":-11.5,"Longitude":144.5,"Latitude":-37,"Column":3,"Row":3,"AreaPerContract":4.653329758320301,"LinearScale":1.0792225730985996},"geometry":{"type":"MultiPolygon","coordinates":[[[[986.001,-1331.735],[981.727,-1330.525],[973.757,-1334.609],[971.472,-1341.218],[957.661,-1341.464],[953.825,-1332.898],[937.321,-1316.338],[952.171,-1325.472],[962.772,-1323.987],[969.37,-1320.373],[974.284,-1308.727],[983.139,-1301.248],[984.642,-1292.768],[982.41,-1286.593],[975.244,-1281.066],[971.937,-1266.182],[965.48,-1263.354],[966.221,-1267.008],[957.356,-1266.611],[954.628,-1272.842],[927.076,-1284.653],[925.762,-1290.164],[915.508,-1287.171],[911.785,-1290.693],[911.788,-1295.355],[916.618,-1296.944],[917.772,-1293.333],[921.742,-1298.439],[930.073,-1298.051],[937.369,-1292.919],[943.116,-1294.954],[945.415,-1298.255],[943.317,-1306.207],[942.379,-1303.738],[935.187,-1309.948],[938.66,-1312.866],[934.024,-1314.749],[926.756,-1311.638],[923.352,-1313.627],[916.627,-1311.999],[906.948,-1316.228],[898.873,-1324.293],[887.169,-1327.893],[884.1,-1331.827],[877.317,-1332.246],[870.822,-1342.354],[865.863,-1345.069],[857.124,-1356.196],[842.018,-1360.284],[839.419,-1365.807],[834.978,-1366.901],[828.596,-1373.688],[824.53,-1373.623],[812.304,-1360.924],[799.596,-1361.069],[781.793,-1343.589],[765.3,-1339.333],[738.452,-1315.325],[730.158,-1312.863],[721.312,-1305.719],[710.687,-1306.816],[709.021,-1310.524],[699.405,-1309.31],[680.441,-1294.877],[661.965,-1290.521],[648.457,-1296.866],[652.537,-1306.529],[650.26,-1308.062],[645.654,-1305.642],[642.119,-1310.796],[640.148,-1305.554],[634.945,-1301.911],[629.789,-1302.326],[630.164,-1305.686],[626.439,-1304.397],[628.692,-1296.659],[620.451,-1284.497],[607.419,-1272.546],[589.948,-1262.868],[616.388,-774.727],[621.696,-784.562],[622.842,-781.726],[628.1,-786.969],[628.873,-783.751],[634.575,-784.552],[634.386,-787.924],[636.619,-786.962],[637.28,-789.295],[639.656,-785.804],[643.317,-785.891],[643.231,-789.148],[650.371,-792.454],[650.974,-795.75],[654.721,-792.584],[662.512,-799.921],[667.734,-798.656],[669.825,-801.799],[668.774,-806.206],[671.227,-803.21],[678.13,-803.62],[676.444,-798.687],[679.755,-799.61],[679.398,-797.293],[685.98,-793.217],[690.122,-795.158],[690.988,-792.311],[705.253,-798.741],[707.815,-795.758],[710.77,-799.203],[712.294,-797.002],[714.731,-799.209],[715.701,-796.369],[719.944,-798.206],[719.109,-795.737],[721.614,-795.29],[720.529,-798.364],[725.127,-799.258],[723.89,-801.597],[727.629,-805.096],[733.654,-802.217],[733.605,-806.081],[738.944,-806.182],[741.093,-809.704],[739.263,-821.184],[744.553,-820.439],[744.114,-824.156],[755.152,-826.206],[750.167,-832.885],[751.532,-837.684],[749.781,-841.796],[752.781,-842.718],[750.233,-845.449],[753.728,-844.833],[751.581,-847.469],[753.99,-848.352],[750.767,-849.347],[758.696,-856.269],[758.511,-853.118],[760.427,-853.969],[758.208,-862.152],[761.333,-862.601],[760.252,-866.996],[764.249,-866.176],[762.305,-867.253],[763.837,-869.407],[762.269,-870.751],[764.239,-870.762],[762.071,-875.204],[767.182,-879.769],[774.55,-881.472],[776.199,-878.929],[773.699,-878.035],[773.836,-874.545],[781.599,-874.83],[780.128,-868.936],[783.17,-869.143],[781.314,-865.998],[783.547,-862.166],[781.609,-861.672],[785.053,-858.888],[788.923,-859.999],[787.73,-857.26],[791.142,-857.857],[789.964,-856.327],[792.307,-853.832],[793.942,-855.877],[791.362,-858.959],[799.095,-864.083],[797.993,-868.594],[800.418,-870.574],[804.512,-866.996],[808.628,-872.959],[810.567,-869.232],[815.229,-874.391],[815.472,-872.356],[816.93,-874.029],[818.581,-871.611],[820.639,-874.534],[822.772,-872.272],[821.906,-874.745],[823.953,-873.684],[825.814,-876.595],[827.431,-874.658],[827.544,-877.202],[832.653,-878.777],[832.883,-882.416],[837.835,-882.051],[835.496,-884.416],[838.065,-887.017],[844.842,-887.271],[844.652,-895.224],[841.256,-898.597],[843.014,-904.157],[840.295,-906.371],[841.848,-913.363],[840.047,-916.489],[842.644,-919.937],[841.803,-924.7],[845.836,-929.942],[845.803,-935.729],[851.205,-935.646],[852.889,-939.389],[862.85,-938.685],[861.834,-943.072],[864.124,-947.826],[860.794,-954.329],[865.993,-960.748],[868.115,-962.475],[872.407,-958.822],[874.614,-962.004],[878.281,-961.44],[879.685,-966.128],[884.451,-967.82],[888.414,-973.551],[899.024,-976.787],[900.453,-983.528],[905.925,-983.596],[925.371,-1009.367],[928.533,-1007.694],[928.077,-1009.706],[931.482,-1009.861],[930.376,-1011.458],[935.758,-1014.907],[934.293,-1018.522],[938.41,-1023.073],[937.583,-1028.426],[947.431,-1036.701],[947.145,-1040.169],[951.66,-1042.108],[953.278,-1046.095],[956.539,-1045.523],[955.561,-1050.258],[958.42,-1047.486],[959.688,-1050.963],[963.309,-1049.581],[962.475,-1053.725],[966.604,-1053.229],[966.313,-1056.696],[974.176,-1058.082],[980.152,-1050.764],[991.512,-1053.423],[986.859,-1041.823],[990.343,-1039.833],[992.299,-1028.435],[994.758,-1027.081],[1008.254,-1024.516],[1010.446,-1027.359],[1019.688,-1026.604],[1020.532,-1029.21],[1029.949,-1031.974],[1036.37,-1027.847],[1047.79,-1025.741],[1053.486,-1035.058],[1056.047,-1033.725],[1055.227,-1036.302],[1059.993,-1041.8],[1062.467,-1041.424],[1063.879,-1045.17],[1069.776,-1046.799],[1072.516,-1050.909],[1081.857,-1046.957],[1083.932,-1049.803],[1086.688,-1048.494],[1087.715,-1055.22],[1093.653,-1053.248],[1099.255,-1056.913],[1103.808,-1055.176],[1103.228,-1057.17],[1107.201,-1057.428],[1108.388,-1060.314],[1117.922,-1057.493],[1117.661,-1061.205],[1123.159,-1059.807],[1125.864,-1063.084],[1131.985,-1053.31],[1139.219,-1057.153],[1139.799,-1053.231],[1143.749,-1057.719],[1145.481,-1054.996],[1150.351,-1056.08],[1149.982,-1058.817],[1156.5,-1064.891],[1161.145,-1063.305],[1162.344,-1067.887],[1167.726,-1067.703],[1169.248,-1071.956],[1174.158,-1070.643],[1180.309,-1076.331],[1182.121,-1071.933],[1191.116,-1076.469],[1199.271,-1063.557],[1200.757,-1069.018],[1214.356,-1070.55],[1217.556,-1073.538],[1227.144,-1060.307],[1231.458,-1062.934],[1235.742,-1061.215],[1240.28,-1069.059],[1243.939,-1066.794],[1240.775,-1064.405],[1245.715,-1066.621],[1256.399,-1061.732],[1262.74,-1067.245],[1275.531,-1071.775],[1275.883,-1077.487],[1283.258,-1078.779],[1280.805,-1083.338],[1281.394,-1087.747],[1285.674,-1090.512],[1283.686,-1094.395],[1285.095,-1098.412],[1283.15,-1110.743],[1285.328,-1112.19],[1282.305,-1120.178],[1286.294,-1128.094],[1289.703,-1129.798],[1289.192,-1142.279],[1296.936,-1146.878],[1295.56,-1153.111],[1286.793,-1162.135],[1283.801,-1169.873],[1292.102,-1170.194],[1451.914,-1274.507],[1444.801,-1278.188],[1431.958,-1278.392],[1420.992,-1292.309],[1405.736,-1296.688],[1401.587,-1300.749],[1387.349,-1299.264],[1381.186,-1301.766],[1378.78,-1298.594],[1366.695,-1296.791],[1337.098,-1294.39],[1329.213,-1296.957],[1288.244,-1291.683],[1238.216,-1303.558],[1206.408,-1323.521],[1144.331,-1375.119],[1148.871,-1370.68],[1135.247,-1372.77],[1135.068,-1375.5],[1130.701,-1377.332],[1128.172,-1375.049],[1126.053,-1378.182],[1122.712,-1377.372],[1122.582,-1373.895],[1121.041,-1376.967],[1115.688,-1377.273],[1115.349,-1379.748],[1115.289,-1377.472],[1112.124,-1377.758],[1113.925,-1378.771],[1112.268,-1380.16],[1107.182,-1376.794],[1106.891,-1378.796],[1101.655,-1377.925],[1096.544,-1380.651],[1096.488,-1376.347],[1093.896,-1374.662],[1092.465,-1376.673],[1080.488,-1375.758],[1081.986,-1376.976],[1078.231,-1379.481],[1079.883,-1381.072],[1077.474,-1381.438],[1081.23,-1389.796],[1084.942,-1389.675],[1085.693,-1401.561],[1097.658,-1396.517],[1100.767,-1387.987],[1104.472,-1389.902],[1102.478,-1399.613],[1104.033,-1404.061],[1099.475,-1408.984],[1097.469,-1415.944],[1101.399,-1417.402],[1099.853,-1418.682],[1101.733,-1421.728],[1096.81,-1421.723],[1095.581,-1429.472],[1088.059,-1428.025],[1086.346,-1422.256],[1089.471,-1420.294],[1080.526,-1411.918],[1082.773,-1410.226],[1080.393,-1403.437],[1071.523,-1392.089],[1062.295,-1388.35],[1058.637,-1391.943],[1058.612,-1396.235],[1050.689,-1398.831],[1047.374,-1382.535],[1038.874,-1368.737],[1033.922,-1365.774],[1023.674,-1368.776],[1013.4,-1353.161],[1003.038,-1349.963],[1002.358,-1347.992],[1009.343,-1345.392],[1008.568,-1334.93],[1017.728,-1336.83],[1021.506,-1331.914],[1021.399,-1327.841],[1018.658,-1327.593],[1019.748,-1322.911],[1017.323,-1314.921],[1003.804,-1311.438],[998.526,-1315.034],[995.192,-1311.751],[991.381,-1321.455],[988.659,-1319.901],[990.545,-1329.865],[987.007,-1328.956],[991.439,-1333.766],[986.001,-1331.735]]],[[[995.638,-1331.509],[998.641,-1319.108],[1005.018,-1323.5],[1013.223,-1323.398],[1017.374,-1329.15],[1008.09,-1330.706],[1002.48,-1335.939],[996.687,-1332.558],[994.935,-1334.075],[995.638,-1331.509]]],[[[983.805,-1340.501],[988.671,-1338.181],[997.054,-1339.16],[994.515,-1339.891],[997.998,-1340.319],[996.277,-1345.779],[1002.453,-1346.925],[1000.155,-1349.228],[1001.694,-1353.306],[993.939,-1345.333],[988.959,-1347.879],[979.071,-1345.699],[983.805,-1340.501]]],[[[1113.424,-1384.812],[1122.759,-1386.454],[1110.313,-1390.356],[1103.781,-1383.387],[1111.141,-1382.915],[1106.689,-1386.657],[1113.424,-1384.812]]]]}},{"type":"Feature","properties":{"State":"Queensland","Code":"3","Short":"QLD","Contracts":69925,"Previous":76375,"Population":5712100,"Rate":12.24156,"Change":-8.4,"Longitude":144,"Latitude":-22.5,"Column":3,"Row":1,"AreaPerContract":4.653329758320301,"LinearScale":0.43280362133091915},"geometry":{"type":"MultiPolygon","coordinates":[[[[1410.844,261.812],[1410.714,260.649],[1412.344,260.258],[1411.662,258.882],[1410.647,259.33],[1410.509,258.119],[1412.155,258.415],[1412.251,257.612],[1412.579,258.647],[1413.823,257.13],[1413.869,255.991],[1412.32,254.893],[1413.949,254.797],[1412.436,253.644],[1413.085,253.646],[1412.304,252.187],[1413.502,252.105],[1411.962,251.351],[1412.406,249.117],[1414.623,252.085],[1413.429,253.348],[1414.781,252.849],[1415.315,254.099],[1414.744,256.056],[1416.019,257.342],[1414.998,258.038],[1416.155,257.667],[1417.111,251.661],[1419.044,250.433],[1420.324,251.176],[1415.799,243.534],[1412.027,233.657],[1412.223,230.376],[1414.027,230.055],[1411.846,223.585],[1411.22,217.422],[1412.646,215.482],[1412.247,209.432],[1411.029,209.321],[1409.876,205.651],[1408.123,204.831],[1407.82,205.665],[1406.675,203.176],[1407.436,201.682],[1406.515,202.116],[1408.55,198.558],[1408.172,197.186],[1409.968,196.324],[1406.45,195.129],[1404.411,192.085],[1406.598,190.426],[1407.92,190.966],[1407.112,187.589],[1405.809,187.736],[1406.021,189.429],[1405.087,189.471],[1405.878,187.627],[1405.018,185.884],[1408.489,181.715],[1405.805,178.917],[1403.358,179.383],[1403.293,177.816],[1401.284,178.069],[1401.104,175.731],[1399.726,176.775],[1399.487,174.889],[1398.116,175.981],[1396.562,175.276],[1396.236,172.517],[1395.557,173.111],[1396.277,172.511],[1396.603,175.27],[1398.469,175.78],[1399.472,174.793],[1399.628,176.691],[1401.132,175.628],[1401.36,178.008],[1403.313,177.666],[1403.511,179.262],[1406.153,178.963],[1410.375,182.612],[1408.503,180.678],[1409.061,176.75],[1411.184,176.97],[1411.721,174.326],[1412.932,174.437],[1412.23,172.622],[1413.544,170.894],[1412.689,170.039],[1412.871,165.082],[1411.689,165.706],[1411.792,164.704],[1413.955,165.213],[1415.656,164.361],[1416.279,162.59],[1417.438,162.659],[1416.622,160.664],[1413.267,160.142],[1414.949,156.682],[1413.557,157.584],[1413.956,155.749],[1412.167,154.889],[1414.856,156.351],[1414.493,150.097],[1415.762,153.107],[1415.352,145.726],[1417.441,141.659],[1418.952,141.279],[1415.904,142.142],[1410.553,138.476],[1407.186,139.729],[1405.006,138.483],[1402.797,139.556],[1402.096,137.445],[1400.15,136.606],[1399.156,134.785],[1392.101,136.828],[1390.067,138.51],[1384.341,136.7],[1379.675,140.342],[1379.343,142.114],[1377.441,138.946],[1375.437,140.864],[1376.071,142.889],[1373.158,143.51],[1372.055,141.751],[1370.896,141.919],[1370.782,140.262],[1369.157,138.676],[1366.052,139.42],[1361.779,135.852],[1359.399,136.931],[1355.427,135.726],[1352.851,133.337],[1351.686,133.453],[1351.595,134.598],[1350.328,133.99],[1351.603,126.626],[1353.696,125.64],[1354.034,124.165],[1352.466,123.207],[1350.544,117.674],[1351.396,116.865],[1349.989,114.949],[1349.452,115.615],[1345.923,114.442],[1343.435,115.875],[1342.197,113.344],[1341.323,114.302],[1339.992,113.8],[1338.813,118.293],[1337.652,118.406],[1334.335,116.015],[1330.472,115.42],[1328.096,112.503],[1327.908,109.923],[1322.76,105.419],[1320.573,105.669],[1318.548,109.877],[1319.433,117.621],[1313.01,123.553],[1310.523,123.494],[1309.785,128.655],[1307.414,129.169],[1305.793,131.842],[1304.425,131.68],[1299.763,135.245],[1294.609,133.81],[1291.492,135.396],[1291.29,134.489],[1290.286,135.504],[1286.707,135.477],[1281.369,142.402],[1277.868,141.032],[1275.489,142.514],[1272.34,141.244],[1269.672,141.777],[1267.85,140.337],[1257.277,141.901],[1256.465,140.774],[1254.862,141.07],[1254.827,142.154],[1251.939,144.325],[1248.452,144.702],[1246.215,143.944],[1242.971,139.381],[1241.799,140.112],[1239.169,139.202],[1234.233,136.556],[1233.699,135.246],[1232.021,135.25],[1231.399,133.901],[1229.421,133.842],[1226.737,128.519],[1223.44,126.848],[893.692,155.249],[901.702,301.335],[773.614,306.802],[787.76,764.559],[793.328,759.01],[802.51,753.956],[804.42,754.323],[809.799,752.026],[816.71,752.547],[828.277,746.5],[835.38,744.927],[837.429,740.667],[840.645,739.097],[839.776,737.018],[840.245,732.627],[843.714,724.987],[846.797,722.696],[852.508,721.638],[853.359,721.073],[852.654,719.66],[853.541,721.017],[854.583,720.636],[862.104,713.718],[865.525,713.085],[867.069,711.62],[869.975,711.825],[870.494,710.117],[875.03,708.801],[875.789,706.359],[878.09,704.47],[882.15,703.893],[895.637,705.4],[905.415,708.754],[910.956,712.702],[916.487,714.574],[920.139,719.96],[920.94,725.4],[923.611,732.084],[923.056,734.614],[924.14,737.535],[928.693,742.139],[929.907,745.676],[935.837,750.676],[937.459,755.579],[939.297,756.915],[941.053,760.847],[940.4,764.052],[943.774,772.639],[948.132,779.581],[945.784,787.291],[946.965,787.558],[947.815,790.144],[949.443,799.678],[956.708,816.576],[957.234,820.706],[960.195,823.16],[960.042,825.32],[961.941,828.791],[958.874,837.241],[956.907,854.925],[961.12,866.263],[961.33,872.97],[956.067,880.854],[955.87,884.77],[959.331,898.459],[968.398,912.509],[965.519,917.717],[965.332,923.377],[963.789,925.51],[966.208,929.256],[971.615,931.777],[975.217,939.903],[977.989,939.069],[978.768,940.064],[976.401,941.252],[979.765,943.794],[976.298,943.486],[971.145,947.732],[970.369,945.979],[967.828,945.136],[965.392,946.04],[972.134,960.929],[979.426,972.544],[982.338,973.736],[981.152,972.438],[983.507,964.678],[982.434,963.657],[983.684,964.431],[983.101,968.204],[984.432,969.492],[986.103,968.537],[987.027,969.472],[985.285,972.37],[983.901,972.551],[983.947,974.061],[985.273,979.886],[987.392,982.965],[994.206,1000.659],[994.443,1007.433],[996.728,1012.141],[996.091,1020.377],[999.136,1021.736],[1004.93,1021.314],[1008.976,1025.285],[1011.565,1030.667],[1014.488,1030.049],[1016.127,1031.304],[1019.708,1028.194],[1016.545,1024.5],[1015.016,1024.132],[1014.71,1020.998],[1012.852,1017.873],[1016.626,1020.635],[1016.848,1022.503],[1018.582,1021.586],[1018.365,1022.684],[1019.642,1021.468],[1019.387,1019.131],[1021.937,1018.817],[1023.28,1017.171],[1024.203,1017.909],[1027.218,1012.379],[1026.903,1002.878],[1030.217,997.648],[1027.893,993.421],[1028.935,985.463],[1028.077,975.883],[1033.636,971.334],[1037.872,971.318],[1039.523,972.856],[1041.832,971.461],[1042.559,968.855],[1044.779,969.593],[1046.261,968.777],[1043.463,968.033],[1037.67,960.355],[1038.381,957.511],[1037.049,952.302],[1037.326,951.477],[1041.928,951.384],[1045.005,949.457],[1046.201,948.09],[1045.75,943.857],[1047.182,941.146],[1053.355,937.752],[1048.854,929.306],[1048.277,924.696],[1050.542,924.292],[1050.847,925.837],[1052.958,926.583],[1054.329,925.721],[1057.546,926.526],[1055.061,922.058],[1054.552,913.307],[1054.992,903.861],[1057.461,901.202],[1057.936,898.027],[1053.704,883.443],[1057.298,873.165],[1059.806,870.592],[1060.19,861.309],[1062.782,852.52],[1066.648,848.115],[1070.702,846.797],[1074.548,847.069],[1081.467,851.488],[1083.096,854.128],[1083.14,857.037],[1089.733,854.31],[1094.428,856.171],[1097.427,860.413],[1098.694,860.26],[1101.997,855.547],[1101.215,850.693],[1104.194,850.683],[1102.224,845.21],[1104.968,841.301],[1109.264,841.274],[1109.446,838.964],[1115.319,837.508],[1115.771,835.078],[1116.979,834.304],[1116.836,831.542],[1119.286,830.422],[1119.871,828.458],[1126.691,825.567],[1129.224,825.967],[1128.683,823.573],[1131.314,819.75],[1134.597,819.602],[1134.589,817.927],[1131.274,815.587],[1128.296,811.155],[1129.309,805.603],[1131.573,805.162],[1132.878,806.628],[1133.458,804.18],[1129.985,802.619],[1129.821,799.709],[1126.713,795.859],[1128.304,795.815],[1129.129,794.015],[1128.386,791.97],[1129.967,791.302],[1130.859,789.207],[1129.811,786.901],[1131.866,782.638],[1130.974,778.925],[1132.002,777.345],[1130.773,774.044],[1133.039,772.209],[1135.625,765.634],[1133.533,760.534],[1135.316,755.998],[1133.407,755.497],[1131.718,753.292],[1130.853,747.789],[1133.52,746.395],[1133.453,744.62],[1137.832,735.993],[1141.718,733.278],[1142.017,731.469],[1143.911,729.85],[1145.921,726.485],[1145.795,723.123],[1149.32,726.121],[1150.08,724.316],[1151.872,724.631],[1152.571,726.156],[1154.217,724.411],[1151.221,720.643],[1150.326,717.014],[1152.796,713.215],[1155.08,702.58],[1157.253,700.155],[1156.933,694.827],[1154.888,694.683],[1154.451,692.986],[1156.498,694.627],[1159.57,687.623],[1157.724,685.673],[1157.369,681.939],[1156.238,680.693],[1157.302,677.838],[1156.121,676.066],[1155.884,672.125],[1154.595,671.619],[1150.941,665.534],[1150.799,659.647],[1154.404,654.129],[1155.94,653.403],[1156.79,649.353],[1158.216,648.926],[1157.615,647.919],[1164.136,644.774],[1162.717,639.101],[1163.698,639.781],[1159.996,631.275],[1160.264,627.421],[1166.826,617.963],[1176.294,611.404],[1180.426,611.282],[1181.073,608.646],[1183.388,608.122],[1183.117,606.791],[1185.074,604.992],[1188.428,604.409],[1191.823,608.673],[1191.664,610.241],[1193.329,606.48],[1192.226,604.604],[1195.436,598.207],[1197.095,598.861],[1200.785,597.168],[1203.425,598.058],[1209.658,596.772],[1210.161,599.389],[1207.694,602.756],[1209.074,602.028],[1211.453,594.397],[1214.335,589.865],[1214.565,586.051],[1216.19,583.837],[1214.621,581.478],[1215.051,579.974],[1217.813,576.13],[1222.025,575.239],[1222.117,581.548],[1225.247,581.111],[1226.431,579.476],[1226.359,574.233],[1228.503,571.033],[1231.716,569.757],[1235.9,571.533],[1237.103,568.481],[1243.461,566.167],[1243.504,563.73],[1242.068,563.842],[1241.849,562.699],[1243.984,561.146],[1243.592,560.071],[1246.165,557.202],[1250.238,556.011],[1252.471,558.143],[1250.906,558.71],[1251.592,561.163],[1254.753,559.099],[1256.382,560.276],[1256.257,555.228],[1257.529,555.277],[1256.683,553.816],[1258.451,554.636],[1257.415,553.099],[1258.66,552.518],[1259.332,554.826],[1259.709,552.592],[1260.996,554.342],[1260.236,549.318],[1262.259,550.009],[1263.18,548.977],[1263.068,550.354],[1263.916,549.866],[1264.016,551.12],[1264.814,550.979],[1264.92,549.165],[1266.001,548.747],[1264.418,547.957],[1266.552,546.491],[1266.34,545.055],[1266.658,545.846],[1267.337,545.085],[1266.044,543.677],[1267.069,543.167],[1266.8,541.25],[1268.318,539.173],[1269.493,539.181],[1268.484,538.276],[1270.273,535.825],[1267.063,536.542],[1265.634,538.219],[1266.204,541.563],[1265.931,540.767],[1264.756,542.316],[1264.627,540.431],[1263.175,542.305],[1264.249,540.67],[1263.191,539.332],[1259.666,541.639],[1260.919,538.815],[1258.061,534.76],[1259.234,533.992],[1259.329,532.08],[1260.691,532.166],[1259.546,530.447],[1260.652,529.49],[1260.401,528.106],[1264.875,523.979],[1262.709,523.159],[1264.595,522.354],[1264.576,519.87],[1266.001,519.752],[1266.503,520.961],[1267.592,518.737],[1269.324,519.313],[1271.472,517.305],[1273.342,517.523],[1273.865,516.242],[1271.996,516.414],[1271.461,513.404],[1274.922,513.775],[1275.793,512.404],[1277.754,512.268],[1279.439,508.31],[1280.45,508.872],[1279.783,504.804],[1278.759,506.0],[1276.696,505.27],[1279.446,504.991],[1278.226,501.916],[1277.327,502.658],[1278.844,500.329],[1277.133,498.776],[1278.106,498.66],[1277.593,497.745],[1280.64,499.967],[1281.289,498.279],[1282.423,498.386],[1282.518,492.468],[1280.667,492.349],[1283.254,490.768],[1281.493,491.029],[1281.233,488.863],[1280.133,488.653],[1280.957,486.943],[1282.316,487.072],[1281.568,487.553],[1282.975,488.458],[1283.263,486.762],[1285.43,487.282],[1284.215,485.378],[1285.172,484.041],[1286.927,484.121],[1287.051,482.934],[1286.099,483.196],[1287.316,482.902],[1286.875,482.222],[1289.129,484.928],[1288.944,483.046],[1286.474,480.024],[1286.509,476.258],[1287.48,476.531],[1287.672,474.798],[1285.763,476.007],[1286.735,475.547],[1285.25,475.092],[1284.943,473.663],[1285.497,474.915],[1285.208,471.432],[1286.757,470.218],[1285.939,466.066],[1287.907,460.987],[1287.396,458.263],[1289.644,448.257],[1290.958,447.362],[1291.878,444.363],[1293.415,444.565],[1294.11,443.354],[1295.116,444.306],[1296.555,443.003],[1295.59,442.388],[1295.511,439.952],[1297.246,442.477],[1298.416,442.233],[1301.118,436.465],[1304.119,433.838],[1306.918,427.514],[1303.098,443.41],[1305.227,449.748],[1308.225,452.698],[1310.176,453.332],[1311.679,451.821],[1312.129,448.34],[1315.441,442.879],[1314.682,441.116],[1316.111,439.417],[1319.761,438.754],[1319.657,437.593],[1327.366,429.841],[1327.348,431.753],[1329.412,429.526],[1328.127,429.889],[1329.294,428.954],[1328.494,427.589],[1329.236,426.807],[1329.537,429.118],[1331.74,429.321],[1330.201,433.194],[1332.542,432.056],[1329.584,434.939],[1331.988,433.94],[1329.89,435.242],[1330.708,435.723],[1329.753,437.267],[1330.46,439.623],[1331.692,441.225],[1334.418,440.282],[1334.854,438.511],[1333.886,439.274],[1334.834,437.681],[1333.378,437.431],[1335.275,435.959],[1333.743,434.788],[1335.094,435.591],[1335.373,433.987],[1335.957,436.408],[1335.209,438.171],[1336.217,439.067],[1336.698,434.939],[1339.226,433.872],[1339.349,432.779],[1337.496,430.525],[1335.777,433.004],[1335.463,431.967],[1334.285,433.15],[1335.815,429.57],[1335.189,428.183],[1336.507,429.088],[1337.316,428.149],[1337.067,425.242],[1335.635,426.508],[1336.012,424.989],[1338.339,425.124],[1337.466,425.239],[1337.763,426.816],[1339.486,430.116],[1340.193,428.406],[1339.079,424.34],[1341.292,421.941],[1334.726,400.756],[1336.497,399.101],[1335.943,396.919],[1337.43,394.467],[1335.344,392.046],[1334.062,392.706],[1335.391,391.402],[1335.617,387.107],[1337.763,383.34],[1336.687,382.208],[1334.138,382.594],[1337.719,380.354],[1337.019,378.731],[1341.044,379.519],[1340.809,377.098],[1339.19,376.185],[1341.166,376.805],[1341.791,379.174],[1343.932,378.054],[1344.318,375.352],[1347.399,372.73],[1347.786,371.353],[1346.66,371.162],[1348.282,369.814],[1347.706,367.831],[1348.659,368.046],[1348.732,365.337],[1351.213,365.148],[1353.059,362.885],[1354.878,362.686],[1355.689,358.648],[1358.493,355.711],[1358.457,351.297],[1358.924,353.737],[1359.61,351.384],[1360.849,351.459],[1359.02,355.393],[1363.255,352.993],[1361.297,352.477],[1362.317,351.6],[1362.031,350.166],[1363.028,350.078],[1362.739,348.939],[1363.247,350.391],[1363.57,348.922],[1363.644,350.729],[1364.419,349.983],[1363.456,350.952],[1364.156,352.524],[1366.994,351.149],[1368.746,348.597],[1368.85,351.235],[1367.241,352.293],[1367.598,353.913],[1365.973,353.599],[1366.475,355.002],[1371.35,352.163],[1370.123,351.548],[1370.274,349.17],[1371.786,353.084],[1372.868,352.344],[1373.127,347.297],[1372.351,346.767],[1373.325,346.827],[1374.83,344.11],[1376.584,344.109],[1375.111,342.057],[1376.563,343.031],[1377.17,345.157],[1382.08,326.622],[1381.391,326.081],[1382.311,326.098],[1385.146,320.531],[1389.794,315.783],[1392.936,313.953],[1392.295,313.751],[1394.454,313.881],[1393.936,310.907],[1394.251,312.484],[1395.576,312.587],[1397.521,309.451],[1397.973,304.466],[1397.203,301.873],[1399.258,296.554],[1397.354,296.635],[1399.08,296.531],[1402.195,292.236],[1401.493,291.306],[1398.731,291.76],[1398.158,290.22],[1398.703,291.272],[1401.209,290.855],[1402.083,288.217],[1405.147,285.994],[1408.807,285.748],[1409.255,286.715],[1409.983,284.884],[1413.151,283.674],[1412.585,276.964],[1411.531,277.762],[1411.912,277.114],[1407.886,274.562],[1413.93,276.665],[1410.844,273.728],[1410.896,271.751],[1409.077,271.48],[1410.288,265.342],[1408.817,265.068],[1410.844,261.812]]],[[[1432.504,297.351],[1434.158,296.755],[1433.952,293.979],[1419.543,269.815],[1417.309,264.192],[1417.145,259.931],[1416.412,258.515],[1415.17,258.603],[1413.319,262.722],[1413.24,269.727],[1412.277,269.378],[1414.762,272.651],[1415.089,275.704],[1418.652,280.34],[1419.283,285.415],[1416.917,286.46],[1424.635,291.749],[1428.466,296.044],[1429.299,299.808],[1427.464,304.123],[1425.353,305.476],[1431.795,310.212],[1432.492,309.909],[1431.112,301.404],[1432.504,297.351]]],[[[843.066,756.621],[841.534,756.539],[841.548,759.178],[843.839,760.812],[845.501,764.054],[848.642,765.987],[855.991,766.444],[860.089,768.905],[862.565,768.222],[866.881,764.049],[867.246,761.826],[864.728,762.562],[861.737,760.966],[859.758,765.562],[860.366,764.625],[858.852,762.867],[856.29,762.594],[858.144,761.507],[857.618,760.042],[856.645,761.139],[855.182,760.53],[856.081,759.868],[855.254,760.047],[855.614,757.633],[854.41,757.636],[854.893,755.936],[853.263,755.717],[852.681,757.278],[851.428,757.234],[851.293,755.128],[848.432,753.136],[844.498,753.155],[843.165,754.505],[843.066,756.621]]],[[[1354.103,371.528],[1355.15,367.263],[1354.064,367.362],[1353.576,365.71],[1352.94,368.152],[1351.911,366.084],[1350.639,366.109],[1347.758,372.78],[1344.437,375.582],[1342.352,382.385],[1346.032,383.854],[1346.546,381.774],[1351.821,380.032],[1350.884,378.638],[1353.47,381.133],[1352.276,375.26],[1354.103,371.528]]],[[[1160.936,656.263],[1160.446,661.196],[1161.436,659.069],[1164.009,658.628],[1162.28,654.972],[1165.586,649.813],[1162.787,646.454],[1159.099,647.632],[1158.623,652.227],[1153.291,659.315],[1155.938,659.644],[1160.936,656.263]]],[[[1417.597,174.268],[1420.062,179.214],[1424.106,176.916],[1419.885,168.889],[1418.114,162.9],[1417.635,163.664],[1416.778,162.514],[1415.732,164.3],[1417.425,167.295],[1417.597,174.268]]],[[[1418.784,192.373],[1419.208,195.71],[1423.88,196.572],[1420.408,187.886],[1419.726,180.646],[1418.297,188.899],[1418.784,192.373]]],[[[1000.148,1036.725],[1003.778,1031.224],[1003.137,1030.324],[1002.121,1031.143],[1001.408,1029.872],[1000.334,1030.552],[998.748,1028.537],[995.847,1031.027],[995.832,1033.85],[1000.148,1036.725]]],[[[1410.909,205.397],[1412.587,196.372],[1412.033,194.977],[1410.714,195.029],[1407.86,201.372],[1408.304,204.607],[1410.85,206.145],[1411.358,209.222],[1410.909,205.397]]],[[[1007.114,1054.077],[1005.135,1052.14],[1002.24,1053.36],[1000.927,1055.697],[1002.762,1058.441],[1005.134,1058.898],[1007.895,1057.827],[1008.666,1056.181],[1007.114,1054.077]]],[[[855.534,734.201],[855.464,735.789],[853.03,734.98],[853.142,733.294],[851.414,736.058],[852.758,736.193],[854.666,738.706],[855.915,737.692],[855.209,738.443],[856.234,740.801],[858.98,738.088],[859.868,735.166],[855.534,734.201]]],[[[1272.901,549.353],[1273.298,550.426],[1272.31,550.104],[1274.062,553.843],[1274.187,551.442],[1275.124,551.331],[1274.646,549.196],[1276.248,549.737],[1275.559,548.114],[1276.09,548.782],[1277.563,546.708],[1275.626,545.622],[1274.224,546.761],[1272.906,545.553],[1272.479,546.918],[1273.78,548.372],[1271.915,546.741],[1270.891,547.64],[1272.901,549.353]]],[[[1027.943,1092.045],[1033.396,1091.391],[1028.657,1089.564],[1023.357,1091.0],[1025.828,1092.703],[1027.943,1092.045]]],[[[997.794,1057.821],[996.249,1059.608],[997.789,1061.574],[1001.125,1061.83],[1001.141,1057.513],[999.837,1056.189],[998.434,1056.373],[997.794,1057.821]]],[[[1301.923,452.167],[1303.357,456.878],[1304.645,457.549],[1305.104,453.383],[1303.253,448.919],[1301.785,449.641],[1301.923,452.167]]],[[[1327.897,443.187],[1328.228,444.368],[1329.266,443.793],[1328.397,444.64],[1329.31,445.5],[1328.252,446.274],[1329.266,446.876],[1331.774,442.194],[1328.154,440.021],[1327.985,441.463],[1329.06,442.204],[1327.453,442.51],[1327.897,443.187]]],[[[1001.09,1098.818],[1005.515,1100.403],[1006.501,1098.938],[1009.032,1098.587],[1007.972,1097.394],[1001.09,1098.818]]],[[[1173.979,632.236],[1174.129,636.533],[1176.857,632.678],[1178.865,633.108],[1179.213,632.007],[1177.0,631.355],[1173.979,632.236]]],[[[1273.671,557.443],[1273.342,553.879],[1272.292,553.028],[1272.54,555.141],[1271.633,553.203],[1271.104,553.703],[1271.971,555.695],[1270.462,553.632],[1271.862,558.24],[1274.415,558.378],[1273.671,557.443]]],[[[1183.467,611.17],[1181.347,614.1],[1186.012,614.26],[1185.357,612.289],[1183.467,611.17]]],[[[1002.309,1036.303],[1005.644,1037.497],[1006.485,1035.468],[1003.443,1034.302],[1002.309,1036.303]]],[[[1356.621,362.251],[1355.398,365.854],[1355.931,367.5],[1357.869,361.737],[1356.907,361.132],[1356.621,362.251]]],[[[842.441,754.918],[842.463,753.19],[840.392,752.313],[840.694,755.229],[842.031,756.231],[842.441,754.918]]],[[[1308.894,454.472],[1310.08,453.98],[1308.908,454.226],[1309.155,453.363],[1305.468,451.674],[1305.362,452.959],[1308.894,454.472]]],[[[1253.077,563.865],[1252.67,561.478],[1251.854,561.474],[1251.743,565.282],[1253.077,563.865]]]]}},{"type":"Feature","properties":{"State":"South Australia","Code":"4","Short":"SA","Contracts":21235,"Previous":22130,"Population":1910600,"Rate":11.11431,"Change":-4.1,"Longitude":135.5,"Latitude":-30,"Column":2,"Row":2,"AreaPerContract":4.653329758320301,"LinearScale":0.3183697619228735},"geometry":{"type":"MultiPolygon","coordinates":[[[[247.991,-547.947],[247.369,-549.237],[245.01,-550.855],[237.92,-550.469],[235.276,-551.303],[232.766,-549.804],[234.87,-546.113],[237.192,-545.55],[238.67,-544.429],[239.995,-541.884],[243.014,-540.426],[243.17,-537.592],[243.985,-536.591],[244.121,-531.874],[245.631,-529.228],[244.786,-520.315],[245.902,-519.928],[245.252,-522.748],[245.852,-521.348],[247.281,-521.896],[246.316,-518.876],[243.538,-516.184],[243.728,-514.875],[238.981,-509.237],[237.929,-503.225],[237.099,-501.881],[235.767,-501.625],[236.349,-499.864],[234.29,-496.808],[231.72,-500.606],[232.133,-502.291],[231.598,-504.516],[228.925,-507.172],[227.998,-509.918],[227.549,-513.211],[228.459,-513.843],[227.505,-515.627],[227.038,-519.558],[224.987,-523.192],[225.158,-524.263],[223.681,-527.238],[223.837,-528.805],[222.698,-529.198],[223.615,-531.426],[221.222,-533.238],[220.039,-533.205],[217.723,-531.329],[213.93,-530.551],[211.846,-531.773],[211.324,-532.967],[208.498,-532.788],[206.616,-535.296],[201.638,-534.679],[200.621,-536.216],[198.201,-537.332],[196.456,-535.377],[197.191,-534.754],[197.192,-533.406],[198.496,-533.222],[199.983,-531.339],[200.602,-529.543],[199.747,-527.748],[200.929,-526.675],[201.15,-524.655],[202.238,-523.935],[202.26,-522.977],[204.234,-523.983],[209.899,-523.2],[212.65,-525.403],[214.83,-523.969],[216.874,-513.862],[215.966,-509.891],[216.301,-507.197],[215.761,-506.72],[214.641,-508.362],[214.304,-507.89],[215.265,-505.711],[216.142,-505.557],[216.951,-502.556],[217.002,-499.64],[215.633,-496.364],[217.767,-496.209],[219.132,-493.292],[218.006,-491.766],[221.124,-488.934],[220.264,-487.307],[228.719,-477.545],[229.93,-477.261],[229.097,-478.625],[229.83,-478.612],[230.407,-476.064],[230.854,-476.791],[231.63,-476.351],[231.478,-475.598],[230.53,-475.89],[230.863,-474.617],[228.67,-470.451],[228.855,-469.208],[229.319,-469.401],[229.074,-467.789],[228.275,-467.979],[227.079,-465.697],[227.935,-463.654],[230.958,-461.998],[231.535,-462.373],[232.782,-461.128],[233.492,-462.898],[233.35,-461.788],[234.417,-460.644],[233.546,-460.224],[234.188,-459.496],[233.449,-457.689],[231.508,-456.593],[230.254,-448.419],[231.547,-447.709],[228.452,-445.438],[229.403,-444.324],[227.543,-442.198],[228.523,-441.12],[226.921,-440.215],[226.483,-435.989],[225.867,-445.86],[226.809,-445.995],[227.622,-447.483],[227.119,-452.5],[225.646,-453.384],[226.654,-456.232],[222.398,-454.503],[219.135,-459.441],[216.658,-460.622],[216.033,-464.135],[214.21,-466.333],[214.488,-469.157],[213.691,-471.524],[212.281,-472.663],[209.179,-479.318],[207.747,-480.351],[202.596,-481.438],[190.822,-487.377],[190.294,-488.933],[183.99,-493.295],[182.779,-497.294],[179.967,-501.442],[176.498,-503.481],[176.223,-504.259],[176.992,-505.232],[175.875,-505.96],[176.604,-505.865],[176.724,-507.36],[175.809,-510.012],[174.916,-507.722],[173.955,-507.813],[173.791,-509.019],[172.345,-508.606],[171.11,-509.511],[170.264,-511.702],[171.184,-512.32],[171.25,-513.707],[169.992,-512.48],[168.834,-514.204],[168.808,-516.052],[169.559,-516.205],[169.257,-517.053],[169.861,-517.346],[169.099,-517.974],[168.498,-517.397],[166.789,-519.398],[169.891,-519.265],[171.743,-517.552],[172.452,-518.558],[172.424,-516.603],[173.232,-516.829],[173.46,-518.929],[171.809,-520.786],[173.038,-525.492],[171.434,-526.391],[170.858,-524.323],[168.757,-523.546],[168.691,-522.089],[166.822,-521.139],[164.62,-521.286],[164.426,-522.74],[163.641,-523.013],[163.8,-524.152],[161.891,-524.092],[161.515,-521.743],[157.836,-516.939],[155.162,-514.884],[153.395,-514.688],[154.216,-513.808],[153.91,-512.561],[151.151,-509.832],[147.246,-511.253],[148.144,-508.24],[150.145,-505.628],[150.528,-508.12],[154.384,-508.976],[153.368,-508.859],[152.746,-510.026],[154.391,-511.038],[154.578,-512.497],[155.735,-512.936],[154.629,-513.208],[159.08,-512.263],[157.379,-511.284],[156.937,-511.812],[157.801,-512.39],[156.674,-511.951],[157.05,-509.539],[156.004,-509.598],[155.9,-508.459],[155.454,-509.414],[156.348,-509.957],[155.576,-511.513],[156.327,-511.841],[155.372,-511.581],[155.431,-506.144],[154.567,-505.352],[154.359,-500.265],[153.054,-496.943],[151.23,-495.715],[152.347,-494.73],[151.666,-489.813],[149.599,-485.985],[145.542,-481.641],[141.03,-478.189],[140.948,-477.44],[139.369,-476.967],[140.354,-474.266],[139.91,-470.416],[138.615,-466.345],[134.401,-462.971],[136.226,-462.802],[135.765,-460.91],[132.653,-459.576],[131.501,-460.319],[132.643,-461.643],[133.91,-461.15],[133.611,-462.254],[134.58,-462.58],[133.576,-463.359],[132.583,-461.857],[128.325,-459.772],[125.908,-460.869],[125.648,-459.122],[123.68,-457.298],[123.213,-455.443],[122.796,-457.581],[125.616,-459.906],[125.377,-461.402],[124.67,-461.686],[122.702,-460.041],[122.765,-458.081],[121.797,-456.082],[120.678,-455.831],[119.999,-456.578],[119.117,-455.222],[120.767,-455.082],[121.006,-453.264],[120.182,-452.05],[119.149,-452.584],[118.531,-451.513],[117.439,-451.976],[116.85,-451.333],[119.124,-448.553],[116.823,-444.663],[121.108,-444.774],[119.571,-444.736],[120.959,-445.523],[120.868,-447.307],[121.606,-447.094],[123.622,-443.744],[122.981,-439.497],[120.382,-436.03],[118.102,-434.957],[117.479,-435.528],[116.798,-434.635],[117.598,-435.706],[116.117,-435.313],[114.813,-436.919],[112.71,-436.563],[111.883,-438.241],[110.58,-438.242],[111.078,-433.173],[112.679,-434.171],[113.627,-432.814],[109.766,-427.248],[108.224,-428.322],[107.804,-426.216],[105.517,-426.149],[105.929,-424.434],[104.443,-424.224],[105.273,-423.722],[105.181,-422.615],[102.92,-422.014],[102.33,-423.123],[102.719,-423.943],[101.771,-424.982],[100.848,-424.45],[100.934,-423.45],[100.105,-424.31],[99.414,-422.491],[98.766,-423.78],[97.073,-423.966],[97.584,-425.285],[99.128,-425.064],[99.846,-426.275],[98.475,-425.281],[97.439,-426.071],[94.881,-425.37],[92.868,-426.488],[90.067,-425.041],[89.096,-426.44],[89.505,-425.331],[88.276,-423.768],[85.528,-421.967],[84.732,-422.83],[84.244,-421.334],[77.751,-417.249],[71.464,-416.779],[68.801,-418.133],[68.577,-419.243],[69.66,-420.23],[68.04,-419.142],[65.525,-420.246],[61.509,-420.229],[57.702,-416.39],[48.2,-409.47],[29.802,-400.685],[26.186,-403.413],[19.674,-406.002],[-0.03,-405.508],[-34.059,-410.621],[-42.025,-207.061],[334.964,-209.906],[319.362,-496.586],[318.853,-496.807],[318.305,-495.067],[310.506,-639.068],[306.834,-638.341],[301.974,-638.789],[294.765,-633.456],[291.3,-625.498],[287.394,-621.079],[287.7,-619.402],[285.814,-617.478],[284.167,-617.647],[279.153,-609.831],[277.513,-606.615],[277.639,-605.703],[278.908,-605.866],[279.118,-604.357],[277.796,-602.85],[277.797,-600.943],[275.886,-598.597],[280.978,-594.692],[281.696,-588.962],[277.983,-575.809],[272.335,-564.935],[264.857,-555.761],[257.485,-549.545],[250.951,-546.495],[247.991,-547.947]]],[[[101.52,-429.411],[101.694,-428.339],[105.371,-427.185],[103.504,-428.19],[104.01,-428.617],[103.213,-429.905],[102.294,-430.301],[101.52,-429.411]]],[[[128.247,-481.79],[128.812,-479.264],[130.513,-478.772],[131.062,-480.448],[130.185,-480.195],[128.247,-481.79]]],[[[217.562,-547.468],[219.552,-547.276],[219.319,-548.404],[217.596,-549.313],[219.75,-550.437],[217.865,-553.078],[223.941,-553.537],[224.206,-554.289],[222.466,-555.868],[222.713,-557.222],[224.484,-556.53],[222.894,-555.952],[223.434,-555.152],[225.515,-555.64],[226.79,-554.332],[226.913,-553.13],[228.041,-552.881],[231.169,-553.901],[232.054,-555.878],[233.425,-556.099],[233.637,-557.524],[230.93,-559.634],[227.224,-557.96],[222.243,-557.598],[221.875,-558.402],[218.571,-559.582],[218.188,-563.007],[214.089,-565.196],[211.586,-562.402],[207.17,-561.438],[204.684,-563.501],[200.862,-562.808],[198.493,-563.709],[196.281,-562.739],[192.468,-564.284],[191.417,-561.147],[189.394,-560.574],[187.699,-557.884],[189.317,-553.062],[192.481,-552.809],[195.009,-551.446],[203.277,-550.536],[210.311,-547.521],[216.216,-548.282],[217.562,-547.468]]],[[[177.105,-526.198],[175.196,-524.462],[176.016,-523.836],[178.374,-526.432],[178.684,-528.603],[177.309,-527.87],[177.105,-526.198]]]]}},{"type":"Feature","properties":{"State":"Western Australia","Code":"5","Short":"WA","Contracts":35760,"Previous":38880,"Population":3076500,"Rate":11.6236,"Change":-8,"Longitude":122,"Latitude":-25,"Column":1,"Row":2,"AreaPerContract":4.653329758320301,"LinearScale":0.2564162716529898},"geometry":{"type":"MultiPolygon","coordinates":[[[[-1281.752,-156.116],[-1283.783,-152.937],[-1293.336,-145.808],[-1294.415,-145.878],[-1299.453,-143.489],[-1303.459,-144.284],[-1303.617,-143.699],[-1302.855,-142.92],[-1303.612,-143.09],[-1303.462,-142.663],[-1304.154,-143.432],[-1303.339,-144.295],[-1303.364,-145.399],[-1304.043,-145.934],[-1307.086,-142.855],[-1306.988,-141.132],[-1308.51,-138.578],[-1308.638,-136.134],[-1309.853,-131.997],[-1309.6,-129.872],[-1310.587,-127.265],[-1309.614,-125.321],[-1310.624,-122.398],[-1308.478,-123.179],[-1307.447,-124.65],[-1305.494,-125.114],[-1301.684,-124.262],[-1300.255,-122.951],[-1297.618,-118.275],[-1296.764,-113.946],[-1296.004,-114.243],[-1296.374,-108.031],[-1300.069,-95.765],[-1299.873,-93.791],[-1298.263,-91.264],[-1297.919,-92.318],[-1298.919,-92.898],[-1299.48,-94.344],[-1297.118,-98.88],[-1296.908,-97.834],[-1298.907,-94.145],[-1296.918,-94.758],[-1296.279,-94.347],[-1296.348,-93.195],[-1296.942,-92.41],[-1297.894,-92.489],[-1298.228,-91.346],[-1297.672,-90.685],[-1297.684,-88.596],[-1298.808,-86.986],[-1298.214,-85.912],[-1299.897,-84.121],[-1298.65,-84.058],[-1298.062,-81.765],[-1298.523,-80.233],[-1299.203,-80.215],[-1298.698,-79.357],[-1299.645,-77.983],[-1298.549,-76.517],[-1297.764,-76.928],[-1297.139,-76.054],[-1296.651,-77.263],[-1295.728,-76.608],[-1296.783,-76.846],[-1297.337,-75.007],[-1296.371,-74.985],[-1296.466,-74.156],[-1295.709,-74.367],[-1294.563,-72.548],[-1295.944,-73.907],[-1295.756,-74.374],[-1296.478,-74.07],[-1296.447,-74.967],[-1297.416,-74.96],[-1298.107,-76.221],[-1298.947,-75.935],[-1298.713,-76.89],[-1299.843,-77.953],[-1299.326,-77.007],[-1299.763,-73.291],[-1301.291,-68.743],[-1306.845,-60.268],[-1309.784,-56.826],[-1314.091,-48.609],[-1316.88,-44.972],[-1317.689,-44.801],[-1321.175,-38.181],[-1321.138,-37.273],[-1322.311,-36.165],[-1322.03,-35.249],[-1323.93,-30.928],[-1323.641,-29.398],[-1324.107,-28.593],[-1324.919,-28.598],[-1325.153,-25.718],[-1326.633,-23.578],[-1326.526,-19.684],[-1328.145,-13.015],[-1327.976,-7.535],[-1332.659,2.789],[-1339.5,8.784],[-1340.357,10.96],[-1341.312,11.164],[-1340.452,11.909],[-1340.928,14.697],[-1343.643,19.186],[-1349.929,25.955],[-1352.189,26.918],[-1354.131,28.893],[-1356.989,36.042],[-1355.848,41.159],[-1356.163,41.723],[-1356.196,40.316],[-1358.537,45.91],[-1363.164,53.1],[-1369.092,61.015],[-1374.937,67.299],[-1383.632,74.164],[-1384.569,77.081],[-1388.275,80.627],[-1385.473,79.946],[-1385.011,78.53],[-1385.31,85.061],[-1383.148,76.056],[-1382.454,76.345],[-1381.839,74.456],[-1381.224,74.761],[-1380.954,74.045],[-1382.618,77.195],[-1383.096,77.147],[-1382.786,79.8],[-1382.228,79.832],[-1383.712,85.322],[-1382.438,82.693],[-1381.013,81.492],[-1378.867,76.781],[-1379.045,76.138],[-1378.539,76.015],[-1378.498,74.97],[-1378.995,75.357],[-1378.396,74.343],[-1378.765,72.675],[-1378.197,72.796],[-1378.004,75.868],[-1379.112,77.502],[-1378.861,78.478],[-1378.178,78.53],[-1376.727,74.291],[-1376.935,73.205],[-1376.147,72.279],[-1376.303,70.237],[-1374.933,69.493],[-1375.502,70.015],[-1375.717,72.144],[-1375.3,72.883],[-1374.872,71.491],[-1374.996,73.692],[-1374.612,70.509],[-1374.008,69.291],[-1373.566,70.034],[-1373.209,67.811],[-1372.245,68.316],[-1372.967,69.955],[-1371.626,69.702],[-1370.996,70.708],[-1369.917,70.179],[-1369.997,71.16],[-1368.518,73.412],[-1369.351,78.336],[-1371.797,80.372],[-1374.696,80.903],[-1376.393,83.495],[-1377.947,83.917],[-1379.165,88.135],[-1380.31,88.71],[-1380.749,90.627],[-1382.249,91.641],[-1382.4,94.481],[-1383.111,94.424],[-1382.134,92.361],[-1383.814,93.843],[-1383.821,96.735],[-1382.407,100.56],[-1381.572,97.626],[-1380.59,96.966],[-1380.078,97.458],[-1379.088,94.987],[-1375.786,93.15],[-1375.474,91.037],[-1374.393,90.859],[-1374.82,88.716],[-1374.413,87.29],[-1375.194,85.763],[-1374.765,83.405],[-1373.872,82.145],[-1374.404,81.475],[-1373.399,81.432],[-1373.2,82.107],[-1372.564,81.331],[-1371.698,82.639],[-1370.521,86.186],[-1371.216,89.436],[-1370.123,88.529],[-1370.384,86.939],[-1369.566,84.526],[-1368.547,84.074],[-1368.621,82.28],[-1367.021,78.471],[-1363.872,75.344],[-1361.064,78.443],[-1360.547,80.364],[-1362.387,83.962],[-1361.759,85.842],[-1361.529,84.534],[-1360.869,85.221],[-1363.085,89.578],[-1361.322,89.94],[-1362.042,91.435],[-1361.71,92.596],[-1363.418,93.352],[-1365.532,95.212],[-1366.106,96.582],[-1369.505,99.232],[-1376.186,111.142],[-1378.798,112.449],[-1380.67,114.778],[-1381.064,116.584],[-1380.483,117.641],[-1381.315,118.472],[-1381.643,118.098],[-1381.927,118.899],[-1380.46,119.923],[-1382.671,119.335],[-1382.959,122.414],[-1389.054,128.323],[-1390.216,130.996],[-1391.368,136.475],[-1390.216,137.889],[-1391.392,141.757],[-1390.585,142.734],[-1390.835,146.051],[-1389.966,147.622],[-1389.848,149.801],[-1389.089,150.449],[-1388.421,154.263],[-1385.315,157.766],[-1384.884,159.497],[-1385.272,164.393],[-1386.985,169.368],[-1385.824,170.662],[-1386.053,174.415],[-1388.771,179.723],[-1390.141,180.698],[-1391.135,180.481],[-1390.983,182.166],[-1392.177,184.335],[-1390.909,186.316],[-1390.506,189.585],[-1389.109,192.779],[-1387.722,202.577],[-1386.547,205.731],[-1382.639,208.935],[-1381.731,208.233],[-1382.59,206.586],[-1382.315,203.982],[-1383.098,198.155],[-1381.246,195.302],[-1381.378,193.273],[-1379.892,194.262],[-1379.691,192.809],[-1380.849,190.91],[-1380.339,188.166],[-1379.871,188.385],[-1379.759,187.499],[-1379.646,188.129],[-1379.313,187.686],[-1378.648,188.168],[-1377.978,190.136],[-1376.634,191.015],[-1375.64,190.908],[-1374.776,188.917],[-1374.761,189.676],[-1373.901,189.576],[-1373.869,190.571],[-1373.331,190.509],[-1374.074,191.209],[-1373.404,191.662],[-1373.958,192.682],[-1373.161,192.66],[-1373.916,192.921],[-1373.772,193.875],[-1372.557,193.713],[-1373.808,194.451],[-1373.346,195.57],[-1372.469,194.687],[-1372.631,195.739],[-1373.512,196.127],[-1372.448,196.611],[-1373.294,197.121],[-1372.272,197.016],[-1373.118,197.351],[-1373.211,198.123],[-1371.938,197.941],[-1373.36,199.438],[-1372.472,199.691],[-1371.893,199.024],[-1372.31,200.531],[-1371.61,200.289],[-1371.626,202.119],[-1372.175,202.413],[-1371.269,202.552],[-1371.288,203.887],[-1370.773,203.297],[-1371.077,204.414],[-1370.489,204.039],[-1370.312,204.967],[-1370.126,204.443],[-1370.145,205.778],[-1369.742,205.403],[-1370.149,206.155],[-1369.592,206.328],[-1370.046,206.52],[-1369.039,207.401],[-1369.584,207.318],[-1369.74,209.213],[-1368.806,209.704],[-1368.68,208.706],[-1368.551,210.295],[-1366.598,211.26],[-1363.507,214.721],[-1361.867,215.49],[-1362.692,214.785],[-1361.989,215.414],[-1360.309,215.026],[-1358.726,217.063],[-1357.701,216.432],[-1358.02,216.791],[-1356.883,217.192],[-1357.324,217.475],[-1356.941,217.939],[-1356.063,217.575],[-1356.728,217.941],[-1356.163,218.432],[-1355.923,217.886],[-1355.444,219.148],[-1355.26,218.623],[-1353.219,219.389],[-1352.761,218.992],[-1353.131,219.518],[-1351.444,220.346],[-1351.171,221.025],[-1351.967,220.647],[-1351.209,221.281],[-1350.244,220.871],[-1350.133,221.932],[-1350.019,220.787],[-1349.844,221.771],[-1349.502,220.892],[-1349.521,221.383],[-1348.672,221.216],[-1349.159,221.639],[-1348.492,222.171],[-1349.286,222.694],[-1348.461,223.424],[-1348.734,222.92],[-1348.538,223.587],[-1349.039,223.369],[-1348.325,224.315],[-1347.53,223.792],[-1347.441,224.646],[-1348.077,224.989],[-1347.332,225.91],[-1346.907,225.188],[-1346.692,226.09],[-1347.244,226.039],[-1346.883,226.671],[-1346.478,226.266],[-1346.799,226.829],[-1346.054,227.024],[-1346.605,227.147],[-1346.271,227.601],[-1345.447,227.43],[-1345.881,228.035],[-1345.042,228.127],[-1344.662,229.372],[-1344.523,228.782],[-1344.33,229.477],[-1343.419,229.26],[-1343.38,230.281],[-1343.335,229.418],[-1342.636,230.301],[-1342.636,229.373],[-1342.472,230.644],[-1341.737,230.169],[-1342.042,230.619],[-1341.063,230.672],[-1341.763,230.717],[-1341.161,231.354],[-1341.546,231.995],[-1340.862,232.064],[-1341.097,232.958],[-1339.857,235.861],[-1339.92,235.185],[-1338.156,237.233],[-1335.49,238.77],[-1335.229,237.299],[-1335.328,238.763],[-1334.154,238.581],[-1334.395,239.156],[-1333.234,240.014],[-1333.449,241.926],[-1332.551,242.573],[-1333.474,242.299],[-1333.3,243.917],[-1331.89,243.39],[-1332.207,242.795],[-1330.639,242.666],[-1329.631,244.255],[-1328.281,244.935],[-1325.649,244.459],[-1327.145,245.034],[-1326.159,245.055],[-1326.547,245.349],[-1325.634,245.706],[-1326.018,245.972],[-1325.433,246.574],[-1324.598,246.341],[-1325.486,246.769],[-1325.252,247.207],[-1324.702,246.703],[-1325.219,247.356],[-1323.141,247.613],[-1323.557,248.106],[-1322.847,248.782],[-1322.72,248.249],[-1322.626,248.928],[-1322.523,247.784],[-1322.331,248.534],[-1321.643,248.194],[-1322.32,248.651],[-1321.056,248.013],[-1321.641,248.571],[-1321.122,249.278],[-1321.664,248.741],[-1322.36,249.138],[-1320.518,251.329],[-1319.407,251.624],[-1319.938,251.986],[-1318.736,253.394],[-1319.281,253.262],[-1318.65,254.737],[-1317.14,255.057],[-1318.679,250.797],[-1317.459,249.689],[-1314.925,249.943],[-1314.919,249.105],[-1314.816,249.727],[-1314.117,249.705],[-1314.869,249.922],[-1314.195,250.881],[-1313.148,251.253],[-1313.719,251.321],[-1313.472,251.672],[-1312.199,252.161],[-1312.071,251.599],[-1310.791,253.043],[-1310.385,252.2],[-1309.731,252.316],[-1308.518,254.27],[-1307.951,253.217],[-1308.883,253.181],[-1308.417,252.895],[-1309.006,252.296],[-1308.39,252.696],[-1308.627,251.652],[-1307.834,252.133],[-1308.45,251.126],[-1307.718,251.049],[-1307.924,251.803],[-1306.956,251.15],[-1307.203,250.596],[-1307.079,251.481],[-1305.927,250.649],[-1303.75,250.761],[-1303.656,250.05],[-1304.343,249.989],[-1303.48,249.524],[-1303.123,250.873],[-1302.621,249.492],[-1302.579,250.394],[-1302.129,250.221],[-1302.503,251.04],[-1300.751,250.517],[-1301.241,251.205],[-1298.619,252.211],[-1298.595,251.404],[-1298.423,252.352],[-1297.319,252.495],[-1297.539,253.16],[-1296.545,253.751],[-1296.079,253.869],[-1296.833,253.078],[-1296.178,253.394],[-1296.433,252.464],[-1295.675,252.388],[-1295.219,253.835],[-1294.486,253.12],[-1292.882,254.163],[-1291.725,254.109],[-1292.757,254.237],[-1290.592,256.132],[-1290.607,256.882],[-1289.78,256.9],[-1290.571,257.233],[-1290.297,257.817],[-1289.44,257.174],[-1288.988,257.405],[-1289.375,258.136],[-1288.686,257.558],[-1288.683,258.166],[-1287.875,258.123],[-1288.073,258.85],[-1288.284,258.187],[-1288.764,258.387],[-1288.375,259.332],[-1289.093,258.663],[-1288.98,260.094],[-1288.353,259.797],[-1288.713,260.098],[-1287.071,260.883],[-1283.183,264.923],[-1282.623,264.299],[-1283.366,264.236],[-1283.065,264.62],[-1282.592,264.043],[-1283.158,264.291],[-1282.641,264.008],[-1283.465,263.53],[-1282.435,263.861],[-1282.573,263.035],[-1282.189,264.036],[-1279.466,264.546],[-1280.317,264.932],[-1278.876,265.629],[-1278.247,264.436],[-1278.195,265.107],[-1277.147,264.86],[-1276.608,265.706],[-1275.028,265.495],[-1275.141,266.203],[-1274.517,266.134],[-1274.586,265.606],[-1273.975,266.749],[-1273.644,266.01],[-1273.365,266.794],[-1274.211,266.922],[-1273.113,267.373],[-1273.379,265.811],[-1272.864,266.422],[-1272.628,265.584],[-1272.674,266.185],[-1272.193,265.752],[-1271.765,265.978],[-1272.496,266.264],[-1271.365,266.43],[-1272.898,266.706],[-1272.398,267.662],[-1272.326,267.065],[-1271.224,267.487],[-1270.383,266.289],[-1267.925,268.345],[-1265.569,268.367],[-1266.344,268.794],[-1266.116,270.033],[-1264.931,269.309],[-1265.53,270.738],[-1263.374,273.36],[-1262.753,276.058],[-1260.791,276.953],[-1260.203,278.579],[-1257.152,277.061],[-1258.133,277.408],[-1258.305,278.887],[-1252.864,278.508],[-1252.834,278.021],[-1250.191,278.382],[-1247.406,276.536],[-1245.211,277.765],[-1244.159,279.382],[-1244.276,278.043],[-1242.668,278.771],[-1242.815,279.85],[-1243.451,280.009],[-1242.523,280.113],[-1242.537,280.717],[-1239.864,280.583],[-1237.04,281.99],[-1231.287,283.138],[-1220.173,288.471],[-1212.05,293.083],[-1208.001,296.373],[-1202.913,302.289],[-1198.82,309.734],[-1197.569,313.791],[-1197.963,314.499],[-1196.71,314.679],[-1197.333,314.417],[-1196.807,316.794],[-1195.898,318.289],[-1195.58,317.803],[-1195.69,319.773],[-1196.724,320.39],[-1196.877,321.408],[-1196.484,320.987],[-1196.427,321.509],[-1195.146,321.145],[-1194.75,321.815],[-1193.58,321.755],[-1192.315,323.254],[-1192.499,324.613],[-1194.255,325.391],[-1192.785,327.598],[-1192.526,326.877],[-1192.122,328.034],[-1192.452,327.515],[-1192.894,328.161],[-1192.284,329.166],[-1191.631,329.429],[-1190.694,328.715],[-1188.766,329.844],[-1185.92,333.352],[-1183.991,334.219],[-1182.616,336.382],[-1182.458,335.852],[-1182.174,337.196],[-1179.586,338.322],[-1178.357,339.752],[-1178.335,343.678],[-1181.864,344.442],[-1182.903,342.714],[-1183.859,343.627],[-1183.125,344.526],[-1183.116,346.788],[-1183.943,351.891],[-1185.762,355.298],[-1185.782,363.759],[-1184.813,364.535],[-1184.473,366.195],[-1184.034,365.893],[-1184.041,366.863],[-1183.131,367.404],[-1182.089,367.1],[-1182.981,367.561],[-1182.151,367.78],[-1182.898,367.854],[-1182.646,368.392],[-1183.533,367.596],[-1183.985,368.04],[-1181.534,370.636],[-1181.227,371.777],[-1178.554,373.79],[-1179.493,372.335],[-1178.115,372.574],[-1178.439,374.943],[-1177.197,373.97],[-1177.473,373.374],[-1174.612,373.317],[-1175.848,374.234],[-1177.063,376.751],[-1176.67,377.271],[-1176.054,376.841],[-1176.626,377.703],[-1176.026,378.984],[-1174.345,378.021],[-1171.757,378.907],[-1171.209,379.868],[-1171.526,379.099],[-1170.678,379.773],[-1170.326,379.205],[-1170.525,379.9],[-1168.666,378.78],[-1169.349,379.348],[-1169.004,380.119],[-1170.775,380.249],[-1170.597,381.349],[-1171.332,380.942],[-1171.776,381.615],[-1171.216,384.317],[-1170.262,385.684],[-1170.605,384.884],[-1169.594,385.286],[-1170.071,385.387],[-1168.932,386.541],[-1168.276,386.285],[-1169.144,386.751],[-1167.783,387.582],[-1168.098,388.666],[-1167.502,390.371],[-1166.649,390.075],[-1165.797,390.747],[-1165.9,390.025],[-1164.454,391.489],[-1164.928,390.907],[-1164.464,390.32],[-1164.997,390.103],[-1164.148,389.208],[-1163.218,389.287],[-1164.011,388.251],[-1164.691,388.79],[-1165.729,388.359],[-1165.292,387.77],[-1165.932,386.888],[-1164.889,386.607],[-1166.24,385.037],[-1165.011,384.516],[-1164.943,383.41],[-1164.293,384.492],[-1163.817,384.077],[-1163.319,382.124],[-1162.55,382.133],[-1162.454,382.94],[-1162.374,382.006],[-1161.461,381.627],[-1160.923,382.415],[-1161.671,379.584],[-1160.266,379.219],[-1159.449,377.691],[-1160.079,375.726],[-1158.354,375.131],[-1156.736,373.527],[-1155.772,370.868],[-1152.826,367.089],[-1152.535,365.229],[-1150.661,364.413],[-1148.979,362.581],[-1147.971,360.293],[-1146.99,359.659],[-1146.801,358.017],[-1146.419,360.019],[-1147.649,363.033],[-1146.745,365.02],[-1146.477,369.125],[-1145.933,369.511],[-1147.685,371.852],[-1147.97,373.655],[-1146.246,374.708],[-1145.883,373.625],[-1143.613,373.01],[-1142.115,370.733],[-1139.981,369.048],[-1138.632,369.298],[-1141.037,371.304],[-1142.26,374.944],[-1138.175,379.831],[-1138.451,380.551],[-1138.621,379.568],[-1142.469,377.551],[-1145.123,381.872],[-1145.944,381.834],[-1147.86,383.759],[-1151.049,384.068],[-1149.187,385.19],[-1149.574,386.213],[-1148.075,386.734],[-1148.23,387.292],[-1150.688,387.376],[-1150.185,386.619],[-1150.855,386.735],[-1150.945,385.816],[-1151.5,386.539],[-1150.987,386.667],[-1153.446,388.43],[-1151.548,388.131],[-1152.31,389.35],[-1150.55,388.384],[-1147.52,388.033],[-1149.21,388.836],[-1147.058,389.125],[-1151.551,390.837],[-1149.424,390.784],[-1151.534,391.978],[-1147.104,390.716],[-1146.306,391.408],[-1148.301,392.898],[-1147.337,392.235],[-1145.856,392.668],[-1148.51,394.788],[-1148.955,394.837],[-1148.53,394.018],[-1149.201,393.792],[-1150.666,394.84],[-1150.71,395.377],[-1149.337,395.461],[-1150.012,395.947],[-1148.849,395.558],[-1150.346,396.66],[-1149.393,396.823],[-1150.422,396.91],[-1150.665,397.858],[-1147.019,398.866],[-1146.71,397.781],[-1146.738,398.803],[-1146.045,398.774],[-1146.795,399.51],[-1144.833,398.473],[-1143.515,397.184],[-1144.704,397.202],[-1143.912,395.928],[-1144.341,396.463],[-1144.298,395.926],[-1145.447,395.805],[-1143.819,394.427],[-1141.874,394.24],[-1141.488,392.847],[-1142.637,393.439],[-1141.469,390.884],[-1141.655,391.837],[-1140.729,391.626],[-1141.322,393.544],[-1140.617,393.343],[-1141.292,393.859],[-1140.423,393.672],[-1141.435,394.958],[-1139.747,393.497],[-1138.437,393.316],[-1140.08,395.265],[-1138.282,395.549],[-1140.932,397.674],[-1138.342,396.312],[-1134.909,396.153],[-1133.308,395.423],[-1131.922,392.455],[-1129.108,392.755],[-1129.156,391.214],[-1127.263,392.04],[-1126.534,389.304],[-1125.831,389.841],[-1126.055,390.622],[-1125.013,390.671],[-1126.854,391.359],[-1127.355,392.887],[-1128.77,392.666],[-1127.476,394.871],[-1126.335,393.619],[-1125.739,393.749],[-1125.719,393.124],[-1117.489,394.328],[-1114.933,393.26],[-1112.877,393.777],[-1112.801,394.637],[-1112.059,394.661],[-1111.991,395.263],[-1113.326,393.888],[-1115.737,393.715],[-1119.116,395.491],[-1122.549,395.694],[-1126.513,394.516],[-1127.352,395.051],[-1127.009,396.357],[-1127.761,396.813],[-1127.183,397.568],[-1128.053,398.498],[-1127.605,399.869],[-1126.595,399.661],[-1126.59,402.903],[-1125.624,402.549],[-1126.125,401.858],[-1124.522,400.356],[-1124.535,399.046],[-1123.263,401.615],[-1122.175,401.468],[-1120.993,402.295],[-1121.758,402.551],[-1122.54,401.925],[-1122.798,405.801],[-1121.283,405.486],[-1122.561,405.961],[-1121.889,407.346],[-1122.515,407.954],[-1121.23,409.299],[-1120.415,408.364],[-1119.937,410.53],[-1118.902,410.378],[-1120.138,411.396],[-1119.642,411.801],[-1120.096,412.336],[-1120.823,411.289],[-1120.087,412.593],[-1121.242,411.344],[-1122.019,411.372],[-1125.305,404.933],[-1125.002,406.803],[-1125.714,407.091],[-1125.943,406.449],[-1126.118,408.056],[-1125.448,407.964],[-1126.569,408.903],[-1126.7,409.917],[-1126.201,409.897],[-1126.774,410.906],[-1127.141,408.406],[-1127.572,408.999],[-1127.703,408.165],[-1127.979,408.513],[-1128.925,412.619],[-1127.844,412.246],[-1127.532,412.894],[-1128.602,412.388],[-1128.817,413.764],[-1129.485,413.798],[-1129.211,414.217],[-1128.257,413.692],[-1128.323,414.937],[-1127.426,414.067],[-1127.403,415.971],[-1125.925,415.116],[-1126.052,415.703],[-1127.269,415.669],[-1127.316,416.29],[-1128.584,415.457],[-1128.016,416.749],[-1128.4,417.43],[-1127.101,417.868],[-1127.266,418.594],[-1126.606,419.041],[-1125.938,418.267],[-1126.463,419.364],[-1127.724,418.787],[-1125.892,419.889],[-1124.063,419.173],[-1123.934,418.558],[-1122.976,419.111],[-1122.627,418.512],[-1123.055,420.184],[-1122.422,421.394],[-1122.398,420.317],[-1121.401,419.964],[-1121.443,419.394],[-1121.035,420.275],[-1121.591,420.66],[-1121.588,422.136],[-1119.762,423.375],[-1120.871,423.351],[-1120.849,423.807],[-1122.036,423.323],[-1122.131,424.252],[-1120.872,424.514],[-1121.224,425.141],[-1122.051,425.052],[-1121.917,426.254],[-1121.095,425.661],[-1121.091,426.371],[-1119.166,425.121],[-1120.049,423.893],[-1119.557,423.617],[-1118.85,425.37],[-1117.458,424.563],[-1117.712,424.999],[-1117.071,425.357],[-1116.934,423.835],[-1116.18,424.172],[-1114.541,423.381],[-1114.639,422.807],[-1114.051,423.133],[-1113.23,422.51],[-1112.461,421.458],[-1113.758,420.174],[-1112.597,420.625],[-1112.421,419.701],[-1112.001,420.837],[-1111.794,419.859],[-1112.35,419.479],[-1111.882,418.746],[-1111.701,419.723],[-1111.188,419.532],[-1111.577,419.931],[-1110.924,420.118],[-1111.094,420.958],[-1110.057,421.201],[-1100.446,415.246],[-1110.627,421.813],[-1110.214,424.254],[-1108.244,425.071],[-1108.459,425.766],[-1110.301,424.701],[-1109.635,427.102],[-1110.102,426.218],[-1110.813,427.246],[-1110.218,426.295],[-1110.625,425.359],[-1112.059,426.393],[-1112.118,425.652],[-1113.468,424.706],[-1114.911,423.894],[-1115.578,424.3],[-1115.376,424.967],[-1115.796,424.625],[-1116.263,425.329],[-1115.556,426.713],[-1115.028,426.325],[-1115.0,427.49],[-1113.872,428.052],[-1112.788,427.278],[-1111.56,429.576],[-1112.768,429.746],[-1113.374,428.484],[-1113.252,429.513],[-1113.94,429.408],[-1113.824,428.169],[-1114.863,428.69],[-1114.561,427.975],[-1116.372,426.456],[-1115.966,427.393],[-1116.574,426.952],[-1116.314,427.991],[-1116.811,428.325],[-1115.938,428.954],[-1117.555,428.611],[-1117.718,429.337],[-1115.715,430.898],[-1113.887,430.234],[-1112.944,431.462],[-1112.38,430.964],[-1111.953,432.014],[-1112.978,433.132],[-1113.137,434.594],[-1111.884,434.201],[-1111.488,434.908],[-1110.882,434.611],[-1111.745,433.417],[-1111.055,433.097],[-1111.312,432.399],[-1110.588,432.393],[-1110.433,433.367],[-1109.857,433.095],[-1109.874,431.734],[-1108.766,430.195],[-1107.0,431.621],[-1105.705,431.398],[-1105.459,431.869],[-1105.342,430.573],[-1103.838,430.137],[-1103.572,430.722],[-1099.812,430.635],[-1099.907,431.223],[-1102.181,431.127],[-1103.307,431.732],[-1102.132,432.463],[-1102.172,433.055],[-1103.039,432.713],[-1102.941,433.315],[-1100.078,435.037],[-1101.753,434.273],[-1102.101,434.901],[-1102.674,433.899],[-1103.336,435.044],[-1103.579,434.518],[-1104.037,435.11],[-1105.539,434.668],[-1105.771,435.219],[-1105.055,435.749],[-1106.438,435.201],[-1106.308,436.145],[-1107.563,435.351],[-1107.774,435.988],[-1107.19,436.821],[-1106.509,436.641],[-1106.508,437.434],[-1105.379,436.407],[-1105.446,437.394],[-1104.406,438.087],[-1105.181,438.006],[-1105.764,438.788],[-1107.208,438.292],[-1106.998,439.298],[-1107.878,438.303],[-1108.669,439.268],[-1108.255,440.542],[-1109.215,440.306],[-1110.021,441.467],[-1109.525,441.955],[-1108.69,441.588],[-1109.014,442.641],[-1108.452,442.991],[-1108.128,442.334],[-1108.175,443.831],[-1107.607,444.096],[-1106.767,443.248],[-1106.836,444.262],[-1105.571,444.547],[-1107.286,445.533],[-1105.817,446.511],[-1105.97,447.122],[-1105.225,446.438],[-1105.189,447.147],[-1104.622,447.016],[-1104.871,448.216],[-1104.289,448.707],[-1104.389,446.466],[-1103.16,446.889],[-1102.963,447.694],[-1102.167,445.003],[-1101.673,445.546],[-1102.089,446.338],[-1101.294,446.137],[-1101.702,446.817],[-1100.859,447.156],[-1101.344,448.142],[-1100.625,447.426],[-1100.834,448.459],[-1099.959,449.168],[-1099.667,448.565],[-1098.79,448.821],[-1099.422,447.393],[-1097.617,447.569],[-1098.422,447.912],[-1097.322,449.031],[-1098.057,449.152],[-1097.303,452.566],[-1098.28,452.954],[-1098.179,455.674],[-1098.902,456.022],[-1098.43,456.505],[-1097.922,456.03],[-1098.331,456.709],[-1097.667,456.837],[-1095.224,455.019],[-1094.513,455.715],[-1095.353,454.418],[-1094.513,453.992],[-1096.254,454.076],[-1095.822,453.454],[-1096.519,452.561],[-1095.257,449.505],[-1096.181,445.259],[-1094.724,449.908],[-1092.925,450.194],[-1092.099,451.264],[-1092.12,450.274],[-1090.823,450.979],[-1090.568,450.486],[-1091.697,449.792],[-1090.709,448.752],[-1091.306,448.488],[-1090.665,448.076],[-1091.147,447.31],[-1089.301,446.382],[-1088.871,445.334],[-1088.197,445.716],[-1089.197,447.831],[-1088.731,448.85],[-1087.538,449.434],[-1086.5,448.481],[-1086.147,449.522],[-1085.125,449.274],[-1086.197,452.571],[-1087.157,452.257],[-1087.427,453.003],[-1086.607,452.856],[-1085.564,454.08],[-1084.561,454.143],[-1084.943,454.882],[-1084.404,455.226],[-1085.553,457.047],[-1083.334,457.835],[-1082.703,459.427],[-1083.265,459.9],[-1082.476,460.288],[-1084.441,462.143],[-1086.474,461.48],[-1087.555,462.175],[-1087.972,464.35],[-1087.044,463.42],[-1087.056,462.262],[-1086.723,463.666],[-1086.463,463.09],[-1085.867,463.437],[-1086.87,464.221],[-1086.449,464.671],[-1085.654,464.523],[-1085.28,463.022],[-1084.529,463.125],[-1085.097,464.586],[-1084.501,464.933],[-1085.163,464.751],[-1087.248,466.23],[-1085.818,465.811],[-1085.007,467.215],[-1085.242,466.467],[-1084.602,466.563],[-1085.17,465.766],[-1084.673,466.362],[-1083.941,465.871],[-1083.21,466.762],[-1084.02,465.33],[-1083.087,465.218],[-1084.356,463.503],[-1081.497,465.372],[-1081.323,464.818],[-1082.119,464.995],[-1083.429,463.927],[-1081.86,464.418],[-1081.264,463.382],[-1083.154,462.194],[-1081.999,462.575],[-1082.615,461.183],[-1081.399,462.386],[-1081.086,461.389],[-1082.252,460.753],[-1081.404,460.636],[-1081.993,459.724],[-1081.46,459.249],[-1080.388,459.596],[-1080.163,458.65],[-1081.036,457.806],[-1080.362,458.242],[-1080.0,457.813],[-1079.524,458.745],[-1079.529,457.898],[-1079.228,458.481],[-1078.669,458.034],[-1078.39,458.983],[-1077.045,459.431],[-1078.914,460.702],[-1078.539,461.91],[-1077.671,461.934],[-1078.059,463.266],[-1076.379,463.31],[-1076.357,464.355],[-1075.265,465.323],[-1074.781,464.731],[-1073.929,465.035],[-1073.714,466.148],[-1072.577,466.864],[-1071.426,466.367],[-1073.793,464.62],[-1073.511,463.649],[-1074.789,462.501],[-1073.88,461.821],[-1072.76,462.79],[-1073.316,461.289],[-1072.825,460.556],[-1071.317,461.124],[-1071.33,458.949],[-1070.295,458.473],[-1070.219,460.059],[-1069.0,460.298],[-1069.325,463.018],[-1068.074,462.723],[-1067.862,461.465],[-1067.158,461.9],[-1067.164,463.48],[-1066.071,463.966],[-1066.383,465.02],[-1067.848,464.654],[-1067.814,466.011],[-1067.272,465.365],[-1066.471,465.579],[-1066.531,466.14],[-1065.215,466.186],[-1065.87,465.867],[-1065.21,466.102],[-1064.839,465.502],[-1064.099,466.306],[-1062.825,465.587],[-1062.23,465.987],[-1064.141,467.544],[-1065.059,467.408],[-1067.04,471.159],[-1066.425,471.702],[-1065.783,471.287],[-1064.952,471.982],[-1064.202,470.643],[-1063.39,471.196],[-1064.071,472.313],[-1063.217,472.615],[-1062.054,471.918],[-1061.45,472.177],[-1062.333,472.889],[-1060.93,472.939],[-1060.244,471.708],[-1059.936,472.233],[-1059.02,471.409],[-1059.627,470.699],[-1058.747,470.522],[-1058.507,471.268],[-1058.525,470.054],[-1057.503,470.364],[-1057.957,468.394],[-1056.82,469.16],[-1057.037,467.992],[-1055.58,466.463],[-1054.355,468.729],[-1053.746,466.787],[-1052.765,468.926],[-1050.689,467.315],[-1049.964,467.409],[-1050.644,468.614],[-1049.956,468.876],[-1048.115,467.449],[-1047.581,467.984],[-1047.687,467.302],[-1046.463,466.406],[-1046.888,464.861],[-1045.895,464.065],[-1045.649,464.755],[-1044.771,464.574],[-1045.192,464.016],[-1044.356,464.115],[-1044.699,463.138],[-1044.142,463.759],[-1040.52,461.345],[-1040.084,459.899],[-1037.253,457.497],[-1037.736,456.513],[-1037.088,456.968],[-1036.954,455.958],[-1035.791,455.591],[-1035.99,454.508],[-1035.095,453.337],[-1034.277,453.744],[-1032.165,452.206],[-1032.85,451.354],[-1032.06,450.572],[-1031.015,451.497],[-1028.844,449.819],[-1028.775,448.946],[-1028.289,449.279],[-1026.14,447.428],[-1024.426,447.139],[-1024.494,446.174],[-1025.454,446.442],[-1025.031,443.888],[-1027.109,443.058],[-1026.541,442.801],[-1027.307,440.701],[-1027.288,437.279],[-1028.019,436.254],[-1027.267,434.421],[-1027.706,432.504],[-1027.283,431.164],[-1028.735,430.757],[-1027.247,427.993],[-1028.182,425.428],[-1029.571,424.343],[-1027.193,425.616],[-1026.435,427.209],[-1026.264,430.73],[-1027.13,432.049],[-1026.495,433.947],[-1022.712,430.721],[-1021.967,429.565],[-1021.546,426.355],[-1020.112,425.257],[-1021.353,426.363],[-1021.474,430.324],[-1023.255,432.283],[-1023.93,435.564],[-1024.727,436.575],[-1023.9,439.188],[-1022.926,439.797],[-1022.243,440.083],[-1021.001,438.412],[-1022.169,440.284],[-1021.693,441.465],[-1020.101,437.547],[-1020.307,439.688],[-1018.812,438.594],[-1020.585,440.326],[-1020.439,442.68],[-1017.767,439.488],[-1019.224,442.903],[-1018.664,442.843],[-1015.808,439.205],[-1017.406,442.7],[-1019.906,444.485],[-1019.567,445.009],[-1018.306,444.838],[-1015.218,446.215],[-1014.169,445.129],[-1013.173,445.284],[-1013.248,445.761],[-1011.514,445.58],[-1009.935,444.429],[-1002.58,443.594],[-983.686,-38.49],[-1000.608,-47.956],[-1023.069,-56.706],[-1038.141,-59.029],[-1044.6,-58.685],[-1049.916,-57.508],[-1052.915,-58.989],[-1055.594,-59.416],[-1065.325,-67.622],[-1070.371,-69.661],[-1075.221,-73.077],[-1076.997,-73.605],[-1081.733,-78.09],[-1091.524,-81.0],[-1094.822,-83.036],[-1097.958,-88.03],[-1099.831,-95.374],[-1100.05,-99.219],[-1102.337,-100.551],[-1102.189,-101.518],[-1104.486,-103.571],[-1104.967,-105.537],[-1104.52,-106.393],[-1106.914,-108.054],[-1107.377,-109.041],[-1108.767,-109.384],[-1109.696,-111.013],[-1111.047,-110.089],[-1113.486,-110.004],[-1115.211,-112.536],[-1118.071,-113.87],[-1118.29,-111.847],[-1119.026,-110.701],[-1121.629,-109.543],[-1122.712,-110.96],[-1123.737,-110.588],[-1126.162,-111.491],[-1127.532,-110.69],[-1128.097,-111.258],[-1131.267,-111.482],[-1131.977,-112.265],[-1131.53,-112.772],[-1131.916,-113.468],[-1132.615,-112.783],[-1133.457,-113.405],[-1134.729,-112.657],[-1136.984,-112.545],[-1138.895,-113.872],[-1138.862,-115.25],[-1140.067,-114.987],[-1140.763,-115.886],[-1141.506,-115.523],[-1142.66,-116.063],[-1143.165,-115.707],[-1142.618,-114.994],[-1143.619,-112.87],[-1145.787,-110.943],[-1147.779,-111.39],[-1148.019,-112.594],[-1150.515,-113.696],[-1152.873,-112.54],[-1153.966,-113.712],[-1156.313,-111.953],[-1160.76,-111.987],[-1162.884,-113.236],[-1164.544,-113.201],[-1164.962,-114.223],[-1167.13,-113.606],[-1168.935,-114.481],[-1172.263,-114.333],[-1173.419,-115.519],[-1178.614,-115.859],[-1179.499,-116.443],[-1179.289,-117.084],[-1182.004,-118.698],[-1186.945,-118.075],[-1189.31,-118.966],[-1191.394,-118.3],[-1193.49,-120.117],[-1196.49,-120.594],[-1198.157,-123.03],[-1199.948,-123.923],[-1201.038,-125.373],[-1202.792,-130.099],[-1203.887,-130.224],[-1202.809,-130.158],[-1202.492,-132.111],[-1200.792,-132.754],[-1202.722,-133.607],[-1202.999,-132.63],[-1204.588,-132.754],[-1204.99,-134.184],[-1204.195,-135.159],[-1205.246,-136.058],[-1205.709,-135.102],[-1207.175,-135.271],[-1207.631,-135.814],[-1207.217,-137.351],[-1207.778,-137.791],[-1208.559,-137.766],[-1208.216,-137.265],[-1208.737,-136.836],[-1212.308,-136.129],[-1216.014,-136.681],[-1215.829,-137.841],[-1218.159,-138.263],[-1219.477,-139.66],[-1219.426,-140.865],[-1218.516,-141.188],[-1219.745,-142.719],[-1225.948,-146.469],[-1226.666,-148.863],[-1226.487,-149.936],[-1225.785,-150.109],[-1226.216,-150.998],[-1227.927,-150.459],[-1231.413,-152.274],[-1231.403,-153.108],[-1230.466,-153.28],[-1230.654,-154.6],[-1232.749,-153.795],[-1234.45,-155.016],[-1236.119,-154.996],[-1235.922,-152.838],[-1236.667,-153.077],[-1236.45,-154.606],[-1236.965,-155.737],[-1238.448,-155.694],[-1238.6,-156.348],[-1236.927,-157.144],[-1236.943,-155.907],[-1236.355,-157.216],[-1234.908,-156.976],[-1234.394,-157.516],[-1235.423,-157.357],[-1235.939,-158.287],[-1242.386,-156.658],[-1243.275,-157.407],[-1243.089,-159.4],[-1243.766,-159.43],[-1245.406,-158.172],[-1246.834,-158.559],[-1249.053,-157.205],[-1250.61,-157.149],[-1249.225,-156.247],[-1247.524,-156.688],[-1247.887,-156.418],[-1247.3,-155.881],[-1247.954,-155.187],[-1248.507,-155.807],[-1249.956,-155.506],[-1250.672,-156.321],[-1250.624,-157.757],[-1253.841,-157.402],[-1254.692,-158.783],[-1255.978,-158.118],[-1259.281,-158.184],[-1259.964,-159.574],[-1263.866,-158.688],[-1264.081,-159.352],[-1265.012,-159.247],[-1266.687,-160.399],[-1269.123,-159.089],[-1270.276,-159.594],[-1275.916,-156.422],[-1281.752,-156.116]]],[[[-1394.201,108.309],[-1394.406,105.322],[-1395.06,111.003],[-1394.668,113.494],[-1394.093,111.572],[-1394.201,108.309]]],[[[-1394.931,116.345],[-1394.775,120.433],[-1394.129,115.249],[-1394.667,113.641],[-1394.931,116.345]]],[[[-1394.863,98.111],[-1390.747,88.467],[-1389.512,88.144],[-1390.103,87.053],[-1389.57,85.532],[-1388.955,86.628],[-1388.806,85.57],[-1387.216,84.164],[-1386.444,82.273],[-1386.727,80.559],[-1394.774,90.433],[-1394.57,91.374],[-1396.353,94.207],[-1396.914,97.419],[-1396.067,98.993],[-1394.702,98.693],[-1394.863,98.111]]],[[[-1370.604,92.046],[-1370.378,90.943],[-1371.403,91.101],[-1372.426,93.014],[-1371.768,93.556],[-1370.994,93.212],[-1370.604,92.046]]],[[[-1356.577,241.297],[-1354.302,245.69],[-1353.255,245.495],[-1352.715,243.081],[-1353.75,240.088],[-1354.826,239.031],[-1355.075,239.633],[-1356.038,239.636],[-1356.252,238.908],[-1356.577,241.297]]],[[[-1318.375,255.671],[-1317.056,258.019],[-1317.517,256.857],[-1317.454,255.998],[-1316.808,256.374],[-1317.009,255.479],[-1318.343,255.039],[-1318.375,255.671]]],[[[-1325.167,251.648],[-1325.127,251.162],[-1327.434,251.191],[-1326.928,251.985],[-1325.787,251.679],[-1325.259,252.707],[-1325.166,252.227],[-1324.334,252.602],[-1325.167,251.648]]],[[[-1323.605,249.431],[-1323.67,248.93],[-1322.292,249.813],[-1324.015,248.13],[-1324.088,249.249],[-1323.605,249.431]]],[[[-1126.372,422.237],[-1126.244,422.757],[-1127.407,421.592],[-1126.994,422.758],[-1127.387,422.445],[-1127.623,422.995],[-1126.76,422.974],[-1126.866,424.016],[-1126.12,423.703],[-1126.7,424.397],[-1125.658,424.588],[-1126.816,424.842],[-1124.813,426.324],[-1125.02,424.238],[-1124.148,424.473],[-1124.36,423.578],[-1123.671,423.657],[-1123.011,422.23],[-1122.17,422.122],[-1125.743,420.496],[-1126.01,421.1],[-1125.623,421.498],[-1125.222,420.96],[-1124.002,422.866],[-1125.065,422.22],[-1125.789,422.99],[-1125.492,422.359],[-1126.09,421.804],[-1126.372,422.237]]],[[[-1129.986,423.754],[-1130.988,424.132],[-1128.37,425.918],[-1127.913,425.385],[-1128.266,424.535],[-1127.673,424.41],[-1128.464,423.84],[-1128.224,424.34],[-1128.836,423.982],[-1129.108,424.642],[-1129.578,423.501],[-1129.986,423.754]]],[[[-1118.245,427.002],[-1116.881,426.59],[-1118.024,425.09],[-1118.644,425.584],[-1118.245,427.002]]],[[[-1145.007,398.914],[-1147.383,399.946],[-1144.469,400.124],[-1144.172,399.18],[-1145.007,398.914]]],[[[-1026.503,434.711],[-1026.71,438.013],[-1024.485,435.539],[-1024.462,433.813],[-1026.503,434.711]]],[[[-1108.405,433.026],[-1108.372,432.547],[-1106.896,432.535],[-1106.895,431.713],[-1107.822,431.026],[-1108.462,431.038],[-1108.432,432.203],[-1109.363,433.186],[-1108.766,433.823],[-1108.405,433.026]]],[[[-1115.86,433.324],[-1115.607,433.683],[-1116.255,433.778],[-1115.665,434.5],[-1116.696,433.718],[-1116.873,434.244],[-1116.595,435.029],[-1115.664,434.869],[-1115.893,436.127],[-1115.003,434.972],[-1115.36,433.728],[-1114.562,433.87],[-1114.508,433.109],[-1115.001,432.592],[-1115.86,433.324]]],[[[-1110.413,444.299],[-1110.395,444.837],[-1111.144,444.361],[-1111.592,444.782],[-1111.668,447.069],[-1110.714,447.022],[-1110.55,446.27],[-1110.071,446.614],[-1110.613,447.171],[-1110.219,447.933],[-1110.672,447.619],[-1111.158,448.575],[-1110.136,449.155],[-1109.927,450.188],[-1109.452,448.976],[-1108.429,448.736],[-1109.304,446.837],[-1108.744,446.819],[-1108.265,445.551],[-1109.068,445.439],[-1109.105,444.757],[-1109.523,445.153],[-1109.895,444.08],[-1110.413,444.299]]],[[[-1086.731,456.183],[-1086.834,455.583],[-1085.591,454.955],[-1086.26,454.913],[-1086.326,454.174],[-1087.346,455.269],[-1086.731,456.183]]],[[[-1072.553,467.881],[-1073.293,467.583],[-1073.608,468.637],[-1070.327,468.236],[-1070.596,467.543],[-1072.553,467.881]]]]}},{"type":"Feature","properties":{"State":"Tasmania","Code":"6","Short":"TAS","Contracts":7375,"Previous":8970,"Population":579100,"Rate":12.73528,"Change":-17.8,"Longitude":146.5,"Latitude":-42,"Column":3,"Row":4,"AreaPerContract":4.653329758320301,"LinearScale":0.7107845277339345},"geometry":{"type":"MultiPolygon","coordinates":[[[[1097.343,-1807.757],[1098.129,-1808.839],[1096.572,-1808.831],[1097.501,-1809.696],[1095.904,-1811.222],[1096.661,-1816.606],[1095.239,-1819.916],[1090.623,-1820.59],[1089.229,-1819.601],[1090.006,-1817.299],[1086.311,-1817.149],[1088.287,-1814.816],[1087.253,-1811.481],[1086.403,-1811.009],[1084.92,-1815.546],[1080.52,-1812.329],[1085.941,-1801.501],[1084.869,-1799.083],[1082.923,-1799.346],[1084.81,-1799.077],[1085.889,-1801.419],[1080.196,-1808.452],[1080.575,-1810.028],[1078.699,-1810.222],[1080.082,-1810.747],[1079.744,-1813.48],[1084.799,-1817.301],[1086.595,-1820.789],[1084.255,-1823.775],[1083.235,-1822.058],[1078.673,-1822.82],[1083.685,-1825.252],[1080.82,-1828.721],[1080.494,-1831.911],[1076.511,-1831.736],[1074.111,-1829.497],[1074.501,-1831.532],[1078.348,-1832.46],[1079.328,-1834.555],[1075.799,-1834.042],[1075.654,-1836.635],[1077.802,-1835.473],[1073.857,-1839.061],[1073.017,-1836.751],[1071.344,-1839.726],[1072.907,-1840.191],[1070.863,-1842.131],[1073.621,-1840.8],[1073.685,-1843.107],[1070.369,-1845.837],[1067.684,-1845.872],[1068.347,-1844.023],[1066.64,-1842.625],[1060.739,-1844.41],[1059.721,-1841.473],[1058.155,-1842.237],[1058.256,-1840.024],[1054.9,-1838.388],[1053.442,-1830.806],[1052.455,-1834.16],[1054.858,-1837.004],[1051.885,-1835.101],[1043.548,-1835.587],[1040.202,-1833.192],[1036.777,-1835.314],[1035.491,-1833.811],[1036.117,-1831.648],[1032.658,-1830.395],[1031.998,-1834.165],[1028.707,-1831.167],[1028.386,-1833.283],[1026.295,-1832.701],[1025.99,-1835.278],[1024.341,-1833.818],[1021.29,-1835.828],[1022.451,-1831.11],[1021.991,-1827.77],[1020.572,-1827.636],[1020.455,-1823.177],[1016.143,-1820.778],[1019.695,-1819.193],[1020.304,-1822.243],[1020.421,-1817.19],[1025.795,-1820.997],[1024.517,-1818.728],[1026.248,-1818.738],[1028.759,-1819.974],[1028.915,-1823.979],[1030.425,-1825.043],[1028.844,-1821.594],[1030.089,-1822.94],[1031.286,-1822.287],[1030.122,-1820.718],[1033.429,-1821.111],[1033.956,-1823.08],[1034.971,-1818.113],[1031.626,-1818.099],[1031.414,-1815.315],[1027.737,-1819.417],[1025.461,-1817.589],[1025.269,-1814.577],[1024.648,-1817.973],[1021.051,-1817.479],[1018.75,-1813.349],[1020.679,-1809.999],[1017.05,-1807.892],[1018.915,-1803.305],[1017.65,-1804.031],[1017.859,-1806.278],[1016.82,-1805.874],[1017.445,-1810.693],[1013.416,-1812.236],[1014.421,-1813.635],[1017.132,-1812.123],[1017.068,-1814.726],[1011.815,-1815.311],[1012.699,-1814.165],[1010.648,-1812.44],[1010.668,-1807.068],[1007.941,-1805.51],[1006.073,-1801.113],[1007.044,-1799.666],[1002.924,-1797.598],[1004.716,-1795.687],[1004.307,-1794.266],[1002.295,-1794.005],[999.495,-1787.908],[993.599,-1788.834],[993.726,-1782.771],[991.786,-1781.674],[990.286,-1772.306],[988.455,-1771.295],[989.521,-1768.773],[988.219,-1762.496],[986.237,-1762.474],[986.593,-1760.502],[985.183,-1759.453],[982.305,-1759.352],[984.788,-1757.8],[985.15,-1755.751],[983.54,-1754.915],[981.699,-1747.815],[982.977,-1745.614],[980.284,-1736.505],[981.698,-1732.771],[980.054,-1726.063],[981.911,-1726.921],[984.018,-1733.824],[987.877,-1733.857],[987.153,-1736.572],[995.139,-1743.689],[995.555,-1753.136],[995.225,-1746.089],[997.347,-1745.277],[999.484,-1747.63],[1003.945,-1748.266],[1006.693,-1747.205],[1008.012,-1749.255],[1007.058,-1757.033],[1011.039,-1759.557],[1007.125,-1756.962],[1008.026,-1747.79],[999.22,-1747.22],[998.519,-1746.308],[1001.743,-1740.659],[998.874,-1741.711],[999.868,-1740.721],[998.157,-1737.633],[997.082,-1740.855],[996.295,-1737.543],[990.916,-1731.58],[991.677,-1727.787],[990.078,-1728.108],[999.525,-1726.483],[997.583,-1727.93],[992.011,-1727.43],[988.143,-1723.378],[988.618,-1725.506],[985.446,-1727.233],[986.858,-1726.972],[986.461,-1729.408],[982.635,-1728.298],[985.176,-1724.815],[985.291,-1713.929],[986.659,-1713.509],[985.465,-1713.326],[985.448,-1716.262],[982.496,-1707.188],[983.189,-1708.255],[983.398,-1706.571],[978.832,-1703.387],[973.647,-1696.128],[971.57,-1689.988],[968.116,-1688.53],[967.41,-1686.147],[973.497,-1681.016],[976.752,-1681.995],[977.817,-1684.411],[979.35,-1683.538],[976.967,-1683.718],[978.085,-1682.033],[975.426,-1681.182],[976.383,-1679.948],[967.983,-1684.414],[964.343,-1671.552],[959.161,-1664.524],[962.049,-1662.751],[956.664,-1650.039],[957.569,-1647.243],[956.312,-1636.032],[957.95,-1634.693],[963.29,-1638.717],[964.637,-1636.5],[964.584,-1639.292],[964.888,-1637.143],[963.045,-1637.997],[957.896,-1634.611],[956.277,-1635.719],[953.467,-1632.066],[955.141,-1631.04],[954.246,-1626.379],[956.718,-1623.864],[958.926,-1624.516],[960.896,-1620.715],[961.302,-1612.97],[959.663,-1609.875],[960.864,-1605.773],[963.131,-1604.328],[963.367,-1608.085],[965.453,-1609.506],[964.84,-1612.412],[966.292,-1609.733],[969.268,-1610.764],[969.403,-1613.499],[973.551,-1613.697],[974.547,-1615.65],[977.86,-1613.445],[978.863,-1616.022],[980.355,-1615.762],[979.864,-1617.198],[981.95,-1617.145],[982.519,-1619.762],[985.226,-1619.608],[985.847,-1621.608],[983.904,-1622.138],[988.709,-1620.38],[985.421,-1618.069],[994.503,-1618.555],[991.747,-1619.946],[994.394,-1619.79],[995.157,-1612.541],[997.72,-1616.816],[994.874,-1619.21],[995.567,-1621.762],[995.873,-1618.987],[997.476,-1622.32],[995.848,-1623.421],[1002.171,-1623.905],[1005.304,-1625.82],[1004.477,-1627.535],[1009.376,-1624.786],[1011.903,-1629.994],[1022.133,-1633.185],[1022.334,-1636.315],[1019.744,-1635.222],[1024.014,-1637.326],[1027.903,-1640.874],[1027.646,-1642.328],[1030.273,-1641.017],[1032.785,-1642.263],[1032.765,-1644.438],[1035.114,-1643.492],[1036.541,-1644.559],[1035.781,-1645.498],[1036.609,-1644.488],[1044.395,-1648.723],[1047.033,-1651.151],[1044.184,-1651.579],[1045.845,-1653.369],[1047.169,-1651.009],[1051.921,-1652.397],[1051.829,-1655.264],[1052.321,-1652.047],[1057.003,-1652.887],[1055.781,-1654.79],[1058.448,-1653.105],[1058.791,-1655.859],[1057.463,-1657.595],[1058.498,-1656.996],[1059.664,-1659.441],[1060.63,-1658.913],[1058.429,-1656.445],[1059.167,-1653.874],[1064.777,-1653.955],[1069.337,-1651.059],[1070.78,-1655.011],[1069.359,-1655.804],[1071.279,-1656.77],[1070.316,-1661.572],[1071.882,-1658.074],[1072.861,-1662.368],[1073.28,-1658.756],[1071.988,-1658.862],[1071.611,-1656.492],[1073.752,-1654.605],[1071.045,-1654.804],[1071.061,-1653.406],[1074.472,-1652.888],[1076.29,-1649.957],[1078.362,-1650.63],[1080.281,-1647.943],[1083.979,-1649.479],[1086.616,-1654.256],[1083.136,-1654.84],[1083.436,-1656.114],[1086.433,-1654.86],[1087.276,-1659.222],[1088.479,-1658.799],[1087.261,-1656.343],[1088.763,-1657.195],[1090.083,-1655.617],[1092.535,-1657.343],[1090.767,-1659.73],[1093.275,-1664.494],[1095.089,-1664.056],[1094.49,-1668.737],[1097.834,-1672.42],[1100.495,-1671.449],[1100.027,-1674.82],[1102.785,-1677.046],[1102.387,-1679.723],[1104.048,-1677.797],[1105.602,-1679.278],[1104.72,-1677.789],[1102.836,-1678.915],[1100.438,-1670.821],[1094.823,-1668.46],[1097.369,-1666.232],[1093.629,-1660.409],[1091.587,-1660.668],[1093.091,-1658.488],[1094.971,-1659.224],[1091.515,-1654.751],[1087.107,-1654.228],[1085.201,-1647.657],[1086.334,-1648.549],[1090.801,-1645.498],[1095.885,-1646.636],[1100.009,-1643.398],[1108.053,-1646.716],[1106.651,-1648.44],[1115.941,-1642.084],[1117.387,-1643.481],[1120.024,-1642.278],[1120.274,-1645.731],[1124.822,-1648.467],[1122.595,-1647.532],[1128.74,-1646.156],[1134.759,-1640.252],[1135.848,-1636.94],[1140.566,-1635.262],[1142.538,-1638.592],[1145.654,-1638.695],[1145.08,-1640.036],[1154.334,-1641.197],[1153.19,-1640.448],[1158.613,-1632.932],[1157.689,-1630.725],[1163.116,-1632.179],[1168.982,-1639.068],[1171.173,-1639.234],[1167.665,-1637.674],[1168.143,-1639.443],[1171.026,-1639.998],[1171.484,-1638.645],[1173.936,-1640.868],[1173.859,-1643.199],[1180.354,-1653.049],[1177.001,-1655.633],[1176.551,-1657.997],[1176.655,-1655.438],[1173.744,-1656.825],[1176.603,-1658.081],[1174.28,-1662.961],[1174.902,-1666.145],[1172.78,-1667.62],[1174.022,-1666.903],[1173.211,-1668.68],[1175.341,-1672.578],[1174.375,-1673.014],[1177.392,-1673.353],[1175.202,-1676.531],[1173.668,-1674.413],[1173.228,-1677.243],[1170.618,-1677.65],[1172.643,-1679.199],[1176.814,-1674.689],[1178.391,-1675.334],[1172.789,-1681.705],[1173.822,-1681.743],[1171.291,-1688.535],[1169.252,-1688.229],[1169.027,-1685.871],[1167.307,-1686.534],[1171.291,-1688.535],[1171.179,-1691.709],[1170.0,-1690.256],[1173.326,-1697.545],[1170.118,-1708.212],[1171.113,-1710.73],[1168.118,-1715.205],[1170.796,-1723.805],[1167.342,-1732.408],[1170.296,-1738.474],[1167.079,-1742.836],[1170.512,-1744.074],[1169.535,-1747.37],[1165.691,-1751.427],[1163.738,-1747.261],[1166.497,-1744.784],[1164.773,-1742.345],[1167.594,-1739.874],[1164.466,-1738.593],[1162.475,-1735.273],[1163.381,-1734.754],[1159.439,-1734.779],[1165.229,-1728.529],[1163.68,-1728.279],[1162.414,-1730.927],[1159.795,-1729.396],[1158.266,-1732.247],[1160.114,-1733.073],[1157.524,-1734.566],[1155.557,-1734.813],[1154.828,-1732.641],[1153.931,-1733.626],[1163.902,-1737.136],[1157.319,-1735.861],[1152.491,-1737.34],[1154.706,-1738.126],[1154.282,-1741.409],[1149.429,-1746.446],[1150.141,-1748.226],[1148.132,-1751.641],[1143.667,-1753.78],[1145.4,-1755.053],[1147.493,-1751.957],[1149.157,-1752.218],[1149.34,-1754.945],[1146.072,-1758.837],[1146.86,-1761.552],[1145.591,-1761.567],[1147.568,-1761.707],[1145.812,-1766.15],[1147.039,-1767.058],[1144.452,-1767.546],[1142.924,-1769.927],[1141.207,-1766.881],[1141.902,-1765.49],[1140.127,-1767.381],[1140.872,-1769.394],[1137.103,-1769.678],[1140.135,-1770.626],[1142.362,-1773.958],[1141.303,-1775.926],[1142.683,-1777.622],[1141.084,-1776.829],[1142.847,-1778.874],[1140.89,-1781.901],[1141.402,-1783.268],[1137.169,-1785.66],[1136.674,-1791.851],[1135.802,-1789.367],[1134.125,-1793.732],[1130.678,-1795.593],[1122.208,-1793.909],[1122.101,-1792.665],[1125.596,-1792.578],[1119.96,-1791.896],[1121.114,-1790.093],[1120.023,-1785.12],[1119.571,-1786.537],[1116.452,-1784.2],[1116.328,-1786.499],[1115.376,-1784.702],[1113.371,-1786.032],[1111.431,-1782.203],[1111.975,-1783.88],[1110.508,-1784.11],[1113.271,-1786.406],[1112.769,-1787.741],[1114.912,-1786.812],[1120.571,-1790.112],[1117.546,-1789.173],[1113.881,-1790.864],[1113.026,-1794.394],[1115.242,-1798.404],[1113.405,-1798.747],[1114.573,-1800.181],[1115.436,-1798.27],[1115.93,-1800.402],[1114.033,-1800.739],[1113.748,-1802.865],[1107.167,-1804.4],[1106.403,-1798.547],[1107.509,-1797.739],[1108.233,-1802.82],[1110.555,-1802.988],[1111.468,-1799.466],[1109.697,-1798.047],[1111.155,-1795.043],[1112.659,-1795.588],[1112.397,-1794.096],[1109.554,-1793.719],[1107.701,-1795.911],[1107.905,-1791.696],[1104.82,-1790.756],[1104.85,-1787.6],[1101.197,-1784.598],[1100.691,-1779.072],[1099.993,-1781.158],[1096.862,-1778.288],[1091.553,-1781.363],[1096.744,-1779.432],[1098.731,-1780.564],[1099.643,-1783.357],[1101.412,-1783.695],[1099.548,-1785.428],[1103.337,-1787.133],[1103.44,-1792.46],[1105.051,-1793.707],[1104.45,-1796.571],[1101.841,-1797.991],[1102.94,-1804.11],[1101.097,-1804.533],[1099.291,-1800.573],[1097.553,-1805.163],[1100.079,-1806.812],[1097.343,-1807.757]]],[[[925.35,-1556.506],[917.319,-1560.715],[917.211,-1562.891],[916.149,-1559.922],[914.397,-1559.474],[913.668,-1555.36],[915.621,-1554.809],[916.161,-1551.027],[913.053,-1544.15],[915.583,-1537.785],[914.908,-1528.121],[919.901,-1525.147],[920.552,-1519.176],[922.126,-1518.047],[931.536,-1525.904],[930.423,-1532.93],[931.687,-1538.032],[929.856,-1543.199],[931.653,-1546.231],[931.044,-1550.009],[928.989,-1554.921],[925.35,-1556.506]]],[[[1165.401,-1606.432],[1163.411,-1606.603],[1163.525,-1603.881],[1169.466,-1600.862],[1176.272,-1602.869],[1177.695,-1600.057],[1180.968,-1602.221],[1185.3,-1598.798],[1189.17,-1606.038],[1191.865,-1606.188],[1191.472,-1608.567],[1193.234,-1610.956],[1190.522,-1610.96],[1187.652,-1614.542],[1184.699,-1614.521],[1182.84,-1609.154],[1177.332,-1611.584],[1175.826,-1609.072],[1172.205,-1610.622],[1171.837,-1608.941],[1167.519,-1609.556],[1165.401,-1606.432]]],[[[1170.3,-1614.473],[1178.61,-1612.821],[1174.683,-1620.974],[1169.672,-1618.465],[1170.459,-1616.365],[1168.947,-1615.573],[1170.3,-1614.473]]],[[[971.069,-1589.576],[974.794,-1585.528],[978.679,-1586.095],[979.361,-1588.882],[977.97,-1591.49],[974.586,-1592.993],[971.069,-1589.576]]],[[[1148.994,-1779.937],[1145.652,-1778.565],[1147.479,-1777.84],[1146.873,-1776.229],[1149.93,-1772.011],[1152.901,-1773.499],[1155.284,-1778.628],[1153.754,-1779.925],[1149.996,-1779.045],[1148.986,-1780.554],[1150.144,-1783.692],[1145.21,-1784.767],[1147.176,-1780.585],[1148.994,-1779.937]]],[[[1165.483,-1755.426],[1162.192,-1752.969],[1166.014,-1752.314],[1168.45,-1756.456],[1165.483,-1755.426]]],[[[1161.866,-1572.253],[1161.057,-1566.057],[1156.324,-1566.325],[1153.257,-1562.625],[1157.012,-1559.977],[1159.444,-1560.398],[1159.505,-1558.132],[1161.458,-1556.699],[1160.422,-1553.686],[1162.404,-1554.843],[1166.559,-1552.005],[1167.725,-1552.681],[1167.571,-1556.349],[1167.76,-1555.194],[1168.937,-1556.891],[1167.516,-1552.894],[1178.837,-1571.541],[1185.693,-1573.326],[1184.406,-1581.483],[1180.18,-1585.001],[1183.641,-1584.998],[1184.503,-1582.276],[1186.188,-1592.562],[1183.14,-1593.862],[1178.557,-1591.784],[1176.819,-1594.641],[1172.773,-1596.068],[1168.285,-1593.695],[1167.193,-1582.309],[1164.831,-1579.623],[1163.895,-1581.399],[1163.338,-1576.328],[1158.787,-1574.97],[1161.866,-1572.253]]],[[[1125.732,-1809.689],[1122.805,-1810.144],[1119.416,-1807.087],[1119.767,-1802.12],[1123.652,-1801.151],[1122.968,-1797.458],[1126.671,-1799.32],[1125.317,-1804.641],[1126.796,-1803.723],[1127.083,-1806.064],[1128.182,-1805.336],[1128.357,-1807.048],[1130.679,-1807.762],[1132.339,-1807.942],[1132.884,-1805.692],[1133.431,-1807.83],[1134.492,-1805.251],[1137.702,-1804.985],[1133.092,-1804.328],[1132.74,-1802.596],[1133.934,-1802.109],[1131.378,-1800.214],[1134.766,-1799.427],[1131.703,-1798.324],[1132.486,-1796.097],[1131.473,-1794.908],[1135.79,-1794.992],[1137.575,-1796.806],[1137.562,-1794.723],[1135.067,-1793.912],[1137.115,-1791.668],[1138.837,-1791.857],[1139.623,-1794.563],[1141.692,-1793.788],[1140.761,-1795.151],[1142.936,-1797.779],[1141.76,-1799.73],[1142.577,-1801.592],[1137.711,-1805.448],[1140.254,-1812.348],[1138.404,-1814.454],[1141.467,-1814.944],[1138.538,-1818.7],[1141.128,-1821.293],[1134.579,-1818.19],[1134.901,-1814.148],[1133.194,-1811.653],[1131.858,-1815.124],[1133.312,-1814.975],[1132.049,-1817.222],[1133.153,-1819.188],[1131.407,-1817.614],[1127.561,-1821.042],[1122.807,-1815.145],[1122.46,-1812.8],[1125.486,-1811.972],[1124.761,-1810.354],[1126.406,-1811.224],[1125.732,-1809.689]]],[[[1093.964,-1827.005],[1093.428,-1825.26],[1096.675,-1822.217],[1098.295,-1818.16],[1099.464,-1822.432],[1102.142,-1819.715],[1101.43,-1816.797],[1104.081,-1816.075],[1104.024,-1813.763],[1097.994,-1812.439],[1100.271,-1810.139],[1101.194,-1811.62],[1102.941,-1810.957],[1103.453,-1808.934],[1101.302,-1810.016],[1100.268,-1808.447],[1103.674,-1805.111],[1106.71,-1818.966],[1102.667,-1819.847],[1099.629,-1823.141],[1099.83,-1828.078],[1101.984,-1826.921],[1102.628,-1828.755],[1096.771,-1839.042],[1093.639,-1837.027],[1094.057,-1833.003],[1091.422,-1832.499],[1094.026,-1831.004],[1091.757,-1830.999],[1089.949,-1836.337],[1087.76,-1836.725],[1087.27,-1833.375],[1085.169,-1831.163],[1086.602,-1830.005],[1089.445,-1834.29],[1090.937,-1831.989],[1089.692,-1830.171],[1090.79,-1825.908],[1092.084,-1828.422],[1093.964,-1827.005]]],[[[971.175,-1611.393],[971.721,-1607.859],[975.561,-1603.827],[975.862,-1606.033],[977.689,-1606.891],[977.097,-1604.504],[978.9,-1607.774],[982.478,-1608.94],[983.412,-1611.59],[978.039,-1610.658],[973.38,-1612.827],[971.175,-1611.393]]],[[[968.362,-1585.994],[967.905,-1594.295],[965.193,-1601.699],[963.5,-1599.22],[963.11,-1592.176],[965.915,-1592.412],[968.362,-1585.994]]]]}},{"type":"Feature","properties":{"State":"Northern Territory","Code":"7","Short":"NT","Contracts":3035,"Previous":3170,"Population":267500,"Rate":11.34579,"Change":-4.4,"Longitude":133.5,"Latitude":-19.5,"Column":2,"Row":1,"AreaPerContract":4.653329758320301,"LinearScale":0.10203578718831559},"geometry":{"type":"MultiPolygon","coordinates":[[[[-93.585,933.607],[-93.964,933.899],[-94.129,933.695],[-93.947,934.635],[-94.361,935.405],[-93.803,935.707],[-93.582,935.445],[-93.02,935.58],[-92.9,935.282],[-92.405,935.405],[-91.793,934.817],[-92.118,934.687],[-91.963,934.334],[-91.659,934.363],[-91.745,934.172],[-91.903,934.67],[-91.467,934.902],[-91.719,935.041],[-91.332,936.497],[-90.989,936.882],[-90.601,935.121],[-89.444,934.32],[-86.574,934.275],[-84.226,935.095],[-83.685,934.458],[-82.2,934.136],[-80.324,935.655],[-80.052,935.626],[-79.864,935.06],[-79.02,935.35],[-78.608,934.943],[-78.294,935.103],[-78.022,935.952],[-76.729,936.646],[-76.5,936.415],[-75.915,936.633],[-76.047,937.388],[-75.644,938.828],[-75.867,939.592],[-76.506,939.952],[-75.776,940.627],[-76.888,940.693],[-77.427,941.142],[-77.342,941.632],[-76.329,941.443],[-76.937,942.014],[-76.818,942.538],[-77.484,943.085],[-77.147,943.489],[-77.634,943.294],[-77.945,943.613],[-79.106,943.776],[-79.682,943.491],[-80.434,943.592],[-81.81,942.895],[-81.806,942.639],[-82.377,942.808],[-82.736,943.258],[-82.46,943.829],[-83.245,943.85],[-83.238,944.138],[-83.831,944.196],[-83.322,944.415],[-83.453,944.779],[-84.099,944.635],[-83.799,945.051],[-84.759,945.323],[-85.698,944.952],[-85.907,945.215],[-85.419,945.268],[-85.379,945.623],[-84.864,945.455],[-85.287,946.213],[-84.988,946.063],[-84.764,946.255],[-84.531,945.982],[-84.518,946.57],[-83.981,945.724],[-83.606,945.797],[-83.327,946.179],[-83.619,946.618],[-83.233,946.679],[-83.524,947.096],[-83.264,947.222],[-82.671,946.411],[-82.321,946.627],[-82.198,946.041],[-81.871,946.278],[-82.011,944.967],[-81.746,944.738],[-81.596,945.34],[-81.375,945.054],[-81.502,944.387],[-81.212,943.969],[-81.136,944.237],[-80.849,944.008],[-81.04,944.66],[-80.617,944.544],[-80.451,944.857],[-80.912,945.294],[-81.193,945.046],[-80.902,946.159],[-81.647,947.28],[-81.053,947.188],[-79.938,945.607],[-80.157,946.702],[-79.577,946.765],[-79.392,947.377],[-78.821,946.376],[-78.922,945.398],[-78.637,945.346],[-78.374,946.204],[-78.045,946.263],[-77.4,945.672],[-77.624,945.359],[-77.364,945.451],[-77.45,945.028],[-76.925,944.89],[-76.017,944.079],[-75.54,942.985],[-74.79,942.97],[-73.575,944.347],[-72.958,943.997],[-72.814,944.465],[-73.319,944.96],[-72.717,945.054],[-72.129,944.104],[-71.696,943.941],[-70.904,942.981],[-70.958,942.581],[-70.016,940.91],[-68.914,940.628],[-67.895,941.067],[-67.735,940.79],[-68.166,940.721],[-68.152,940.243],[-67.55,940.146],[-67.179,940.637],[-67.233,940.237],[-66.666,940.128],[-66.529,939.862],[-65.692,940.332],[-65.902,939.053],[-65.361,939.811],[-64.612,939.48],[-64.216,939.692],[-64.183,940.159],[-63.355,940.094],[-62.721,940.74],[-62.256,940.763],[-61.904,940.408],[-61.338,940.531],[-61.077,940.231],[-61.643,939.763],[-62.142,939.752],[-62.413,939.462],[-62.232,939.051],[-61.359,938.563],[-59.966,939.297],[-59.513,938.819],[-59.547,938.385],[-58.912,938.796],[-58.415,938.172],[-58.698,937.85],[-58.336,937.75],[-58.212,937.36],[-58.575,936.559],[-58.35,936.17],[-58.213,936.848],[-57.534,937.292],[-57.6,937.86],[-57.17,937.87],[-56.312,937.156],[-54.786,936.861],[-53.506,937.134],[-52.607,938.086],[-51.927,938.227],[-51.667,938.114],[-51.749,937.636],[-51.368,937.111],[-50.859,936.963],[-50.729,936.183],[-49.431,935.873],[-48.491,934.719],[-47.472,934.989],[-46.71,934.324],[-47.29,935.109],[-46.092,935.109],[-45.667,934.726],[-45.236,934.855],[-45.121,935.032],[-45.563,934.903],[-46.586,935.504],[-45.622,935.828],[-45.651,936.218],[-44.957,936.656],[-44.323,936.671],[-44.406,936.327],[-43.977,936.311],[-43.235,936.915],[-42.652,936.451],[-41.693,937.129],[-38.805,938.057],[-39.161,937.673],[-39.659,937.725],[-40.511,936.657],[-41.71,935.816],[-41.629,935.091],[-40.96,934.414],[-41.122,934.105],[-40.686,934.622],[-40.416,934.529],[-40.021,935.326],[-39.086,935.858],[-39.014,935.411],[-38.77,935.864],[-38.273,935.812],[-37.758,936.227],[-37.752,936.572],[-37.274,936.798],[-38.624,935.027],[-38.181,934.463],[-37.807,934.513],[-37.666,934.901],[-37.103,934.725],[-37.496,934.208],[-37.72,934.278],[-37.568,933.941],[-38.216,932.915],[-37.672,933.085],[-37.894,932.565],[-37.677,932.004],[-37.136,932.709],[-36.893,932.393],[-36.133,932.625],[-36.048,932.323],[-35.337,932.322],[-35.375,932.133],[-34.389,933.018],[-33.944,934.503],[-33.534,934.652],[-33.943,935.149],[-35.233,935.083],[-35.408,935.42],[-35.884,935.339],[-35.913,935.652],[-35.368,935.754],[-34.752,936.733],[-33.924,936.796],[-33.066,937.893],[-32.888,937.745],[-32.746,938.076],[-32.205,937.932],[-31.744,938.346],[-31.393,938.306],[-31.373,938.761],[-31.178,938.323],[-32.422,937.847],[-32.418,937.436],[-32.595,937.662],[-32.735,937.431],[-32.453,937.414],[-32.235,936.987],[-32.079,937.44],[-31.76,937.501],[-31.429,936.515],[-31.105,936.33],[-31.254,935.676],[-31.028,935.126],[-30.504,934.748],[-30.5,934.38],[-29.85,934.155],[-29.451,934.314],[-29.204,934.754],[-29.358,934.969],[-29.655,934.808],[-29.561,934.984],[-29.895,935.247],[-30.146,935.119],[-30.108,935.308],[-28.961,935.573],[-28.6,935.008],[-27.936,934.871],[-27.646,934.196],[-27.353,934.178],[-27.288,933.575],[-28.011,933.068],[-27.425,933.489],[-27.068,933.313],[-26.782,933.485],[-26.959,933.133],[-27.663,932.97],[-29.158,931.153],[-29.286,931.502],[-28.895,931.839],[-28.896,932.307],[-29.682,931.978],[-29.541,931.184],[-30.338,930.788],[-30.217,930.64],[-30.018,931.027],[-29.45,931.215],[-29.288,930.911],[-30.065,930.403],[-30.255,929.927],[-30.085,929.444],[-30.769,929.592],[-31.078,929.331],[-30.924,928.033],[-31.336,928.276],[-31.325,928.822],[-31.701,929.153],[-31.997,928.981],[-31.806,928.408],[-32.461,928.856],[-32.666,928.715],[-32.412,928.442],[-32.51,928.042],[-31.686,927.624],[-31.796,927.202],[-30.77,926.79],[-30.446,926.18],[-30.887,926.044],[-31.021,926.606],[-31.392,926.032],[-31.639,926.037],[-31.65,926.641],[-31.959,926.345],[-32.843,926.508],[-32.546,926.189],[-32.241,926.306],[-31.942,926.043],[-31.961,925.664],[-31.592,925.601],[-32.006,924.536],[-32.238,924.708],[-32.546,924.468],[-32.733,923.511],[-32.98,923.504],[-33.074,923.83],[-34.284,922.657],[-34.314,923.507],[-33.866,923.465],[-33.636,923.763],[-33.979,924.641],[-33.784,925.475],[-34.213,925.941],[-34.7,925.112],[-34.366,924.961],[-34.43,924.526],[-35.113,924.594],[-35.118,924.963],[-35.235,924.686],[-35.513,924.791],[-35.206,924.384],[-35.237,923.926],[-35.492,924.064],[-35.736,923.566],[-36.173,923.629],[-35.967,923.178],[-36.48,924.025],[-36.34,924.984],[-36.886,924.546],[-37.045,923.744],[-37.427,923.683],[-37.485,922.89],[-37.849,923.969],[-38.256,923.774],[-38.401,923.061],[-38.573,923.556],[-38.901,923.359],[-39.353,922.337],[-38.897,922.152],[-38.847,921.704],[-38.319,921.874],[-38.461,921.384],[-38.818,921.435],[-38.8,921.155],[-39.207,921.631],[-39.59,921.468],[-39.509,920.102],[-39.834,920.062],[-39.894,919.783],[-39.415,918.914],[-39.089,919.021],[-38.936,918.817],[-39.422,918.422],[-39.037,918.024],[-38.545,918.061],[-37.686,918.731],[-37.77,919.068],[-37.133,919.024],[-37.934,917.828],[-38.226,916.342],[-39.111,915.336],[-39.497,913.323],[-39.223,913.05],[-39.477,913.166],[-40.452,912.675],[-41.095,912.045],[-41.471,912.184],[-41.175,911.889],[-41.849,910.483],[-42.449,910.457],[-42.76,909.574],[-43.39,908.886],[-43.575,908.236],[-43.324,907.919],[-44.169,907.67],[-44.72,907.014],[-45.095,907.119],[-44.792,905.463],[-44.043,904.252],[-42.946,903.507],[-42.031,903.372],[-38.546,900.723],[-35.726,899.223],[-34.92,896.843],[-34.806,897.111],[-33.876,896.823],[-32.331,895.396],[-31.335,896.255],[-31.025,896.338],[-30.461,895.966],[-30.931,895.051],[-31.368,895.162],[-30.609,894.153],[-30.873,893.64],[-30.715,893.321],[-29.991,893.779],[-30.108,893.477],[-29.423,893.654],[-28.007,893.182],[-28.447,893.609],[-27.71,894.156],[-26.571,893.08],[-24.726,892.267],[-24.297,891.477],[-23.469,890.868],[-23.628,891.065],[-19.581,889.642],[-18.201,887.443],[-16.789,886.1],[-20.124,778.181],[-110.759,777.804],[-115.714,904.389],[-114.559,904.006],[-114.484,903.21],[-114.258,903.669],[-113.99,903.296],[-113.59,903.266],[-113.786,902.606],[-113.4,901.743],[-113.843,900.881],[-113.516,900.995],[-113.412,901.472],[-113.047,901.159],[-113.233,901.4],[-112.883,902.111],[-113.037,902.375],[-112.83,902.766],[-112.819,902.451],[-112.589,902.831],[-112.321,902.751],[-113.095,903.049],[-113.221,904.945],[-110.371,903.913],[-109.861,902.941],[-108.958,902.071],[-109.425,901.526],[-109.371,901.247],[-108.703,901.742],[-108.05,901.708],[-108.561,902.434],[-108.337,902.993],[-108.644,902.926],[-108.819,903.843],[-109.134,903.652],[-110.232,905.605],[-109.174,904.506],[-108.894,904.741],[-109.365,905.545],[-108.75,905.049],[-106.831,904.956],[-106.004,905.41],[-106.199,905.606],[-105.777,905.946],[-106.755,905.352],[-107.363,905.31],[-107.416,905.555],[-106.812,906.059],[-107.741,905.668],[-108.338,905.974],[-108.43,906.387],[-109.297,907.088],[-109.359,907.614],[-108.174,907.666],[-107.271,908.55],[-108.485,908.015],[-110.038,908.287],[-110.478,908.822],[-110.105,909.251],[-110.473,909.306],[-110.28,909.178],[-110.535,908.843],[-110.566,909.415],[-110.878,909.449],[-110.638,908.929],[-110.866,908.786],[-111.512,909.763],[-111.964,909.657],[-111.867,910.682],[-111.318,911.185],[-111.462,911.786],[-110.36,913.048],[-110.78,913.897],[-110.336,913.633],[-110.12,913.831],[-110.019,912.858],[-109.765,913.551],[-109.451,913.484],[-109.303,913.724],[-109.437,914.393],[-108.956,913.994],[-108.013,914.464],[-107.756,915.111],[-108.194,915.87],[-107.936,916.496],[-107.336,916.93],[-107.437,918.305],[-106.973,919.507],[-107.196,920.16],[-106.525,920.182],[-106.324,920.883],[-106.152,920.06],[-105.049,919.882],[-103.98,920.777],[-103.577,920.778],[-103.146,921.328],[-102.55,922.767],[-103.436,923.914],[-103.967,924.044],[-103.888,926.248],[-103.38,926.9],[-102.952,926.499],[-102.57,926.499],[-101.566,927.165],[-101.479,929.635],[-100.884,929.306],[-101.02,929.726],[-100.262,930.015],[-99.656,929.708],[-99.787,929.146],[-99.563,928.784],[-99.448,929.089],[-99.677,929.239],[-99.151,929.342],[-98.864,929.171],[-99.003,928.877],[-98.718,929.175],[-98.333,929.074],[-98.386,928.548],[-98.17,928.899],[-98.441,929.328],[-97.691,929.091],[-97.685,928.834],[-97.111,929.295],[-97.66,929.181],[-97.533,929.519],[-97.843,929.31],[-98.44,929.718],[-98.852,929.551],[-99.306,930.086],[-99.266,930.299],[-98.904,930.241],[-98.837,929.819],[-98.628,930.45],[-98.234,930.014],[-98.204,930.193],[-98.799,930.534],[-98.67,930.738],[-99.072,930.594],[-98.926,931.468],[-98.67,931.597],[-98.963,932.013],[-98.494,932.182],[-99.003,932.659],[-98.559,932.938],[-96.896,932.357],[-97.299,931.354],[-96.727,931.937],[-96.764,931.145],[-97.26,930.731],[-97.199,930.52],[-97.249,930.72],[-96.704,931.001],[-96.827,930.519],[-96.54,930.303],[-96.605,931.126],[-96.36,931.222],[-96.144,930.692],[-96.287,931.023],[-96.006,931.063],[-95.69,930.558],[-95.923,930.418],[-95.664,930.425],[-95.651,929.912],[-95.546,930.227],[-95.315,929.965],[-95.352,929.663],[-95.224,929.956],[-95.53,930.506],[-94.567,930.262],[-94.733,930.626],[-95.517,930.863],[-95.601,931.096],[-95.33,931.069],[-95.817,931.603],[-95.308,931.549],[-95.255,931.238],[-95.095,931.598],[-94.733,931.094],[-95.01,931.835],[-94.834,932.028],[-95.539,931.766],[-95.699,931.874],[-95.176,932.176],[-95.445,932.069],[-95.53,932.324],[-95.569,932.078],[-95.937,932.358],[-96.029,931.977],[-96.327,932.181],[-96.098,932.477],[-96.329,932.705],[-96.024,932.702],[-96.055,933.013],[-95.459,933.585],[-94.887,933.298],[-94.462,933.475],[-94.048,933.15],[-94.165,933.326],[-93.648,933.427],[-93.919,933.432],[-93.925,933.677],[-93.585,933.607]]],[[[-27.998,895.46],[-28.215,895.589],[-28.096,895.992],[-28.325,896.054],[-27.994,896.136],[-28.121,896.32],[-27.841,896.539],[-27.52,896.159],[-27.664,896.602],[-27.408,896.72],[-27.497,897.162],[-27.288,897.123],[-27.059,896.588],[-26.694,896.658],[-26.515,896.327],[-26.638,895.315],[-26.283,895.002],[-26.382,894.565],[-26.644,894.188],[-27.025,894.309],[-27.059,894.739],[-27.508,894.795],[-27.771,895.308],[-27.641,895.689],[-27.832,895.513],[-27.936,895.752],[-27.998,895.46]]],[[[-31.605,897.579],[-31.922,896.571],[-32.977,896.615],[-32.612,897.87],[-32.013,898.083],[-31.674,897.941],[-31.605,897.579]]],[[[-30.163,896.512],[-29.668,896.524],[-29.217,896.04],[-29.722,896.085],[-29.847,895.885],[-29.577,895.642],[-30.323,895.207],[-30.163,896.512]]],[[[-28.812,896.899],[-28.709,896.604],[-29.119,896.489],[-29.125,897.684],[-28.687,898.068],[-28.444,897.105],[-28.812,896.899]]],[[[-41.71,905.055],[-41.373,905.388],[-41.48,905.659],[-41.058,905.822],[-40.891,905.089],[-41.71,905.055]]],[[[-33.444,916.742],[-33.38,917.155],[-32.571,916.87],[-32.232,917.077],[-32.191,917.468],[-31.931,917.082],[-31.691,917.324],[-31.381,917.228],[-31.454,917.442],[-31.042,917.411],[-31.645,918.521],[-30.963,918.541],[-31.168,918.366],[-31.026,918.184],[-30.519,918.375],[-30.295,918.941],[-30.031,918.768],[-29.938,918.934],[-29.876,918.686],[-30.032,918.197],[-30.472,917.982],[-30.302,917.553],[-29.877,917.588],[-30.139,917.336],[-30.006,916.796],[-28.904,916.66],[-28.724,917.205],[-29.201,916.868],[-28.71,917.854],[-27.978,917.625],[-27.777,917.139],[-28.255,916.712],[-28.54,915.968],[-29.039,916.08],[-29.519,915.564],[-29.611,914.915],[-29.134,914.793],[-29.15,914.58],[-29.676,914.48],[-29.764,914.033],[-30.116,914.242],[-30.363,913.631],[-30.241,913.056],[-29.668,912.808],[-29.388,912.892],[-29.511,913.388],[-28.548,912.615],[-28.19,912.719],[-27.973,913.444],[-27.835,913.126],[-27.435,913.106],[-27.779,912.676],[-27.5,912.221],[-27.716,912.035],[-27.455,911.782],[-27.788,911.779],[-27.604,911.561],[-28.022,911.784],[-28.294,911.532],[-28.643,911.866],[-29.125,911.697],[-29.163,911.956],[-29.783,912.115],[-30.959,911.713],[-31.174,912.066],[-32.691,912.41],[-33.294,912.893],[-34.55,912.356],[-34.555,912.726],[-33.578,913.201],[-33.212,913.71],[-33.57,915.366],[-33.241,916.278],[-33.444,916.742]]],[[[-35.941,917.504],[-36.015,917.74],[-36.408,917.646],[-36.218,916.993],[-36.775,917.058],[-36.812,918.168],[-36.157,917.955],[-36.043,918.76],[-35.359,918.86],[-34.798,918.391],[-34.703,918.076],[-35.265,917.895],[-34.997,917.846],[-34.914,917.497],[-35.182,917.535],[-35.34,916.799],[-35.809,916.74],[-35.941,917.504]]],[[[-36.45,920.479],[-36.677,920.942],[-36.452,921.699],[-36.945,922.356],[-36.323,922.032],[-35.72,921.25],[-36.174,920.911],[-36.451,921.061],[-36.157,920.586],[-36.468,920.021],[-36.45,920.479]]],[[[-32.499,918.247],[-32.139,918.397],[-32.043,917.599],[-32.293,917.403],[-32.872,918.019],[-32.499,918.247]]],[[[-98.369,943.822],[-97.892,943.412],[-97.776,942.882],[-97.657,943.096],[-97.279,943.006],[-96.596,942.501],[-97.625,943.641],[-97.953,943.566],[-97.874,944.035],[-96.245,944.409],[-95.689,944.933],[-94.15,944.326],[-93.94,944.608],[-94.083,944.86],[-93.495,945.04],[-93.267,945.544],[-92.871,945.653],[-92.628,944.959],[-92.395,944.72],[-92.174,944.992],[-92.154,944.626],[-92.025,944.973],[-92.369,945.076],[-92.237,945.811],[-91.406,946.35],[-90.964,945.927],[-91.102,945.425],[-90.538,945.703],[-90.197,945.167],[-89.99,945.615],[-89.578,945.534],[-89.65,945.122],[-89.269,944.864],[-89.198,944.177],[-88.572,944.145],[-88.321,943.495],[-89.251,942.799],[-89.105,941.769],[-89.626,941.681],[-90.155,942.003],[-91.242,940.247],[-91.504,940.319],[-93.474,939.131],[-93.836,938.611],[-94.953,937.939],[-95.973,938.871],[-97.96,939.455],[-98.016,939.854],[-98.969,940.296],[-99.125,940.614],[-99.28,940.476],[-99.47,940.782],[-100.178,940.941],[-100.394,941.346],[-100.267,942.105],[-100.941,942.642],[-101.234,944.166],[-101.535,944.368],[-101.238,944.732],[-101.779,945.338],[-101.716,946.316],[-101.387,946.37],[-100.054,945.142],[-99.615,945.309],[-99.142,945.067],[-99.041,944.714],[-99.587,944.267],[-99.416,943.85],[-98.761,944.034],[-98.434,944.564],[-98.369,943.822]]],[[[-98.794,940.111],[-98.492,939.841],[-98.869,939.097],[-99.304,939.264],[-100.08,939.031],[-102.184,939.628],[-104.251,938.967],[-105.18,938.949],[-105.513,939.428],[-105.385,939.699],[-104.917,939.614],[-104.927,940.681],[-103.985,940.298],[-103.505,940.946],[-103.391,940.171],[-103.112,939.935],[-103.422,940.448],[-103.294,940.719],[-102.334,940.102],[-102.446,940.466],[-102.996,940.627],[-102.797,940.822],[-103.609,940.998],[-103.55,941.7],[-103.841,941.947],[-103.303,942.563],[-102.83,941.933],[-102.745,942.135],[-103.237,942.654],[-103.55,942.478],[-103.775,942.782],[-104.173,942.781],[-103.109,944.101],[-102.963,943.75],[-103.036,944.325],[-102.079,944.664],[-101.318,943.509],[-101.575,942.569],[-100.544,941.842],[-100.47,940.833],[-98.794,940.111]]],[[[-76.517,947.102],[-76.467,946.714],[-75.988,946.631],[-76.316,946.461],[-76.112,945.52],[-76.468,944.74],[-76.993,945.91],[-77.836,946.931],[-77.406,947.114],[-77.356,947.702],[-77.944,948.304],[-77.473,948.033],[-76.963,948.227],[-76.777,948.927],[-76.436,949.031],[-76.614,948.641],[-76.2,947.271],[-76.517,947.102]]],[[[-42.756,937.176],[-42.348,938.128],[-41.944,937.845],[-41.542,938.273],[-40.773,938.23],[-39.613,939.337],[-39.228,939.342],[-38.996,939.695],[-39.253,939.932],[-39.124,940.241],[-38.515,939.976],[-38.44,939.697],[-40.064,937.931],[-40.699,937.817],[-40.76,937.529],[-41.882,937.365],[-42.682,936.775],[-42.756,937.176]]],[[[-32.02,943.93],[-31.092,944.821],[-30.506,946.196],[-29.575,946.587],[-29.712,947.144],[-29.39,947.259],[-29.637,947.431],[-29.212,947.577],[-29.48,947.849],[-28.936,948.247],[-29.433,946.296],[-30.044,945.976],[-29.856,945.694],[-30.524,945.331],[-30.523,944.832],[-31.595,943.577],[-32.278,943.513],[-32.02,943.93]]],[[[-34.149,941.915],[-34.349,942.119],[-33.818,941.998],[-33.538,942.393],[-33.42,942.024],[-33.927,941.633],[-34.339,941.43],[-34.618,941.724],[-34.729,941.203],[-35.181,941.323],[-35.915,940.891],[-35.662,941.086],[-35.826,941.434],[-35.089,941.399],[-35.186,941.689],[-34.947,941.685],[-34.7,942.214],[-34.513,941.844],[-34.149,941.915]]],[[[-36.184,936.981],[-36.271,937.194],[-35.593,937.16],[-35.633,937.461],[-35.3,937.066],[-34.621,937.71],[-34.213,937.736],[-34.277,937.304],[-35.591,936.615],[-36.337,936.661],[-36.446,936.918],[-36.165,936.802],[-36.184,936.981]]],[[[-67.672,941.702],[-67.809,941.845],[-67.13,942.282],[-66.471,942.207],[-66.299,941.919],[-66.979,941.605],[-67.059,941.827],[-67.354,941.736],[-67.194,941.426],[-67.556,941.202],[-67.672,941.702]]],[[[-37.813,940.666],[-38.253,940.839],[-38.249,941.084],[-37.165,941.456],[-37.813,940.666]]],[[[-49.901,936.567],[-50.209,936.09],[-50.582,936.238],[-50.824,937.152],[-49.901,936.567]]],[[[-79.227,936.516],[-78.495,936.726],[-78.251,936.228],[-78.622,936.012],[-79.227,936.516]]],[[[-33.46,942.28],[-33.522,942.615],[-33.343,942.478],[-32.293,943.335],[-32.579,942.619],[-33.46,942.28]]],[[[-67.327,943.28],[-66.465,943.617],[-66.167,943.063],[-66.815,943.16],[-67.393,942.691],[-67.327,943.28]]],[[[-99.641,930.813],[-99.797,930.329],[-99.339,929.248],[-99.986,930.223],[-100.009,930.68],[-99.641,930.813]]],[[[-50.122,937.281],[-49.589,937.466],[-49.194,937.229],[-49.581,936.909],[-50.122,937.281]]]]}},{"type":"Feature","properties":{"State":"Australian Capital Territory","Code":"8","Short":"ACT","Contracts":3745,"Previous":4525,"Population":487200,"Rate":7.68678,"Change":-17.3,"Longitude":149.1,"Latitude":-35.4,"Column":4,"Row":3,"AreaPerContract":4.653329758320301,"LinearScale":2.7153102423688598},"geometry":{"type":"MultiPolygon","coordinates":[[[[1976.773,-1190.001],[1996.258,-1182.561],[2007.023,-1194.208],[2009.226,-1215.196],[2017.785,-1214.087],[2015.808,-1220.25],[2024.425,-1231.036],[2053.351,-1247.932],[2041.939,-1256.303],[2017.803,-1246.999],[2005.547,-1250.102],[1988.154,-1269.349],[1981.059,-1322.705],[1965.48,-1318.723],[1969.072,-1352.935],[1960.603,-1397.263],[1945.795,-1418.319],[1926.25,-1408.715],[1914.926,-1394.004],[1914.287,-1353.169],[1905.274,-1364.892],[1891.456,-1345.942],[1894.695,-1335.061],[1887.602,-1328.152],[1895.018,-1311.06],[1891.961,-1282.094],[1907.058,-1250.054],[1904.969,-1236.108],[1909.961,-1227.247],[1976.773,-1190.001]]]]}}]}
