{"type":"FeatureCollection","features":[{"type":"Feature","properties":{"State":"New South Wales"},"geometry":{"type":"MultiPolygon","coordinates":[[[[1567.1252805578677,-876.2426914647876],[1570.7304692452476,-874.2468907076078],[1571.6279569975404,-875.8349573336518],[1569.128531613131,-877.1898004968655],[1573.5829458881346,-875.083847185881],[1574.373996299919,-876.7706003666638],[1572.101271204488,-877.81703533814],[1575.6470209049633,-876.2660312937728],[1578.6220481129233,-878.926309921717],[1582.3333592628112,-874.8042444757311],[1582.820127420559,-876.6760616274523],[1577.0600373173054,-893.1551014890919],[1571.9937831342868,-886.8279436437724],[1571.2085199760431,-888.5266079360937],[1569.902661774094,-886.5451733598643],[1566.1863353384167,-892.1345123325929],[1566.5150425775646,-889.6974341051633],[1564.8069475438397,-891.3846096178422],[1560.3770136707315,-887.8561171155835],[1557.775594700006,-889.3115004326645],[1559.2329742466347,-884.6571687887846],[1558.588540774031,-887.3904431358299],[1556.9038939745915,-886.149473058892],[1555.9854478095976,-888.1693063904689],[1560.5024850435777,-889.6775586516451],[1557.7561636708053,-893.5944129158606],[1560.6098413323289,-890.255905335305],[1564.8082614444827,-892.0615111361615],[1564.0093222666912,-893.8711983365779],[1565.7630824896032,-892.5285837884178],[1566.965154475233,-895.9615197812917],[1569.0932424865505,-891.8501998887405],[1570.4433809900409,-893.4990416230188],[1568.4764142371978,-894.3610487765291],[1574.6215950991248,-892.7113576360975],[1574.8519779551564,-895.7881526604644],[1568.857923613424,-896.3299646511265],[1567.3649670880175,-899.8499701055207],[1566.8167601653702,-897.7459692553556],[1563.4598204305203,-899.3231755387571],[1563.377343815834,-895.8160998807258],[1558.9618082161503,-897.7031808164752],[1562.3211593245267,-897.4782782599339],[1562.8104843284907,-900.0250862687949],[1560.2244348764186,-900.6919577532892],[1568.6991784407255,-901.6091047798593],[1550.0533820611422,-915.2239982605386],[1542.9355963723592,-924.3039950299707],[1539.334127828365,-940.2731629885251],[1537.0988127230046,-939.0746994419715],[1539.6961228617627,-940.3213564378524],[1539.9925489548052,-943.6273806648903],[1534.853692142365,-948.3499004372884],[1536.855372110021,-942.9846380898425],[1531.966945734567,-941.6600912376009],[1527.936406347077,-947.7710609837801],[1528.6065451071931,-949.6613850838028],[1533.9323399441564,-947.6644786342134],[1534.3289812830637,-953.6855156595785],[1536.8473009392317,-954.8085699204496],[1532.2591136413603,-956.1131085749379],[1532.2205700330953,-962.6380830217869],[1526.9813371839143,-974.4377712755507],[1523.4037764712443,-974.4146798974022],[1519.059034844618,-981.6055786461952],[1521.3142826485923,-990.2286676500928],[1520.316109699433,-996.3961737977683],[1525.8639773635684,-1000.1675564722597],[1523.5300541720492,-1006.7188389290832],[1520.5236486821168,-1008.6823839523624],[1518.1797654276695,-1007.0232013614534],[1519.885153093302,-1001.7379783094241],[1518.1571996663695,-996.7860213244769],[1510.8305733921725,-998.858294637724],[1509.3063175815018,-1003.493651980617],[1511.3356407598167,-1004.7721802384897],[1510.940050589564,-1010.5669665423607],[1500.9218981016315,-1011.6151264551875],[1500.5132004961322,-1016.844780299608],[1495.2376626311752,-1018.7418223077727],[1495.0036975557027,-1022.644649200904],[1488.5897168914396,-1026.3057262112873],[1487.1521630341997,-1033.871049683841],[1488.5491359841844,-1035.063261099963],[1478.3986215036791,-1044.4194211762217],[1478.6844911460028,-1052.091464821249],[1467.2579639857768,-1063.753898791491],[1467.4217449083546,-1068.1513394805115],[1463.172954982905,-1072.2070951958822],[1460.7378982432458,-1069.203060537789],[1455.5473318972329,-1068.5411915031948],[1459.5066717591474,-1080.2638230212556],[1458.8626441478145,-1083.882786318239],[1454.5253236511041,-1082.9931097930166],[1454.68201186766,-1086.0409728473512],[1450.5082340855015,-1088.8739150071522],[1450.1223710605923,-1102.6139155145986],[1444.7010637102696,-1116.0451685717853],[1445.136207239658,-1130.4387404568367],[1436.1567238508567,-1143.5209579651266],[1437.1940962183726,-1147.4580818136196],[1433.6928386817024,-1153.7306783458419],[1434.0313573299259,-1161.04681626162],[1418.873523449671,-1188.4382718809995],[1417.5709292703252,-1198.109805932144],[1414.3835863936513,-1199.1632038918167],[1414.780478628065,-1202.4530323225597],[1417.6439912739716,-1203.2587769484542],[1415.5363740358,-1206.4578554871698],[1416.1070494779644,-1214.7951764222257],[1414.2735093329504,-1213.6718453916808],[1413.1536334931266,-1216.8820304083572],[1409.1492553112494,-1218.056409126725],[1412.3048780253282,-1220.7958135905005],[1416.2536290194116,-1220.062432741982],[1420.2036422814217,-1225.0255786187827],[1419.750361801293,-1232.8953619247584],[1422.6730515931704,-1238.8452389998515],[1417.0699719679142,-1235.6835255641083],[1412.8147932433078,-1239.6134606347484],[1414.7809012674632,-1243.2080836284406],[1412.1224159584533,-1250.126696580607],[1412.7061822225742,-1264.6998077863338],[1264.5367469097766,-1168.032756979769],[1256.845733353384,-1167.7354299953272],[1259.6177611258518,-1160.5653952889863],[1267.741598687809,-1152.2040562678287],[1269.0166054531517,-1146.4280870590017],[1261.84084697218,-1142.1666800604157],[1262.314192483123,-1130.6025347573889],[1259.1551742636343,-1129.0234937823789],[1255.45883094983,-1121.6880385226225],[1258.284501135658,-1114.065822645285],[1256.2425646560594,-1112.9463412782068],[1258.044639241281,-1101.5199243319103],[1256.7385833463084,-1097.798207073291],[1258.5811468115091,-1094.1996308347502],[1255.6343927506443,-1093.8749695428812],[1254.0573576817417,-1087.6629581132102],[1256.3426589064827,-1083.3286400089555],[1250.4192524170069,-1082.9022736824465],[1249.182580322924,-1076.8388734483494],[1237.3304992309277,-1072.6413481406723],[1231.9021957698285,-1067.5808744218011],[1221.5551614742612,-1072.063208584692],[1216.9780497195384,-1070.009397178064],[1219.9093349801956,-1072.2229632548767],[1216.966304205332,-1074.3694550777852],[1212.3142340564996,-1067.0536319684609],[1208.3445321647118,-1068.6464817722385],[1204.0676559427764,-1066.2943340646736],[1195.4630646750027,-1078.4724320743135],[1192.497834183466,-1075.7033657705563],[1179.8976199567646,-1074.283836060042],[1178.5207188874538,-1069.2235147036045],[1170.9637846860585,-1081.1878026134618],[1162.629585528178,-1076.9844000538446],[1160.9504581579693,-1081.0596032689652],[1155.2514542495724,-1075.7891853372448],[1150.7018149275343,-1077.0061344816133],[1149.2913456774563,-1073.0653205363244],[1144.304510984842,-1073.2354204710532],[1143.1929247158882,-1068.9899990107988],[1138.8888902994374,-1070.460012056229],[1132.849752464542,-1064.832090416624],[1133.1913483889373,-1062.295806306904],[1128.6790945105624,-1061.291088575969],[1127.0741457849117,-1063.8146507885008],[1123.235371866169,-1059.638026802338],[1121.8024829738818,-1063.184789794481],[1116.4530341500647,-1059.644803860332],[1110.5022632675252,-1068.7850498507655],[1107.9959342966624,-1065.7493683160317],[1102.9016432968806,-1067.044230970337],[1103.142956198078,-1063.6047451355355],[1094.040137290319,-1066.1931559803763],[1093.2092231945414,-1063.5448093771265],[1089.5277231864977,-1063.3053088547476],[1090.065127814688,-1061.457692295495],[1085.8461820681018,-1063.0669926671862],[1080.6560223299578,-1059.6717282598347],[1075.153158395137,-1061.4987826367437],[1074.202124045851,-1055.2666542567617],[1071.648181340459,-1056.4793083367856],[1069.7255910740266,-1053.8422746736683],[1060.8121214799714,-1057.3685907516237],[1058.5315336803542,-1053.6954682466273],[1053.0671599584769,-1052.1865161822252],[1051.7589866421179,-1048.715772525649],[1049.466974141007,-1049.0639957646479],[1045.0501507252584,-1043.969295973791],[1045.8106291536874,-1041.5812881847478],[1043.43684497062,-1042.817037559126],[1038.338635278828,-1034.1996742160043],[1027.577667440783,-1036.1348408081303],[1021.6280177715146,-1039.9590382551798],[1012.90216507457,-1037.3979782526105],[1012.1204008457127,-1034.9836654498938],[1003.5568271479158,-1035.682932979107],[1000.1792821705732,-1032.9310784027157],[986.7417984720831,-1036.6803214907015],[984.9297913294118,-1047.2413820658728],[981.6058883632036,-1050.19282305403],[984.7453446848239,-1053.587220544571],[986.0126728452697,-1059.8338055552595],[975.4863783747571,-1057.3696944425678],[973.2094360634894,-1061.861790119235],[967.2067013880338,-1064.5878389109369],[961.9840341312588,-1062.3627259510235],[962.4239408879127,-1059.2762161250955],[959.1066279744576,-1060.1132778040694],[959.879538189889,-1056.2735237349293],[956.5246104245906,-1057.5545461009408],[954.892868875235,-1054.4061775974149],[953.2812003667348,-1057.5070820853323],[953.6067939456858,-1052.513930026777],[950.5848980901502,-1053.0436462938667],[949.0863515199184,-1049.349158827366],[944.9021301060171,-1047.5528010194976],[945.1672075432459,-1044.3388626056267],[936.0419285597062,-1036.671495710611],[936.8082941513325,-1031.711853502999],[934.1689344303119,-1030.826967514865],[934.3512801767516,-1024.144505092423],[932.0607145519077,-1021.1674648738829],[927.2344170708938,-1019.3254706364405],[927.656338483087,-1017.4616462969511],[924.7266776361406,-1019.0116442982902],[921.3053728696789,-1012.0381002801606],[913.5792555739009,-1005.6152677004452],[911.7693071349431,-999.8881378350966],[906.1040127080457,-994.7500032099765],[901.6382124315779,-995.0693803001153],[900.3141568238757,-988.8228845248833],[890.4822840986241,-985.8245616074787],[886.8103601138254,-980.5147992719906],[882.3946201248104,-978.9470795262238],[882.6667190699802,-975.3931518750213],[877.6958565682949,-975.1253585976635],[875.6510399804807,-972.177006583118],[870.6328871736937,-974.9249508639097],[864.8900954412536,-968.013495358607],[867.976125202281,-961.9883941266111],[866.285930913493,-953.0332456818547],[857.5657475098495,-954.1706038806292],[856.0049754373912,-950.7022359456777],[850.3413011958916,-949.8369857022888],[851.0303681474064,-945.4172843667467],[847.2936607701954,-940.5601957568399],[848.0721929685631,-936.1459722614887],[845.6661863817199,-932.9514931843634],[847.3348926147625,-930.0549886013652],[845.8957825364673,-923.5765313120886],[848.4150806271215,-921.5243671760804],[846.7866597380203,-916.3727993620774],[849.9333086220473,-913.2478567493945],[850.1086946653536,-905.8781237618728],[843.8293792898293,-905.6433027707482],[841.4492271135991,-903.2331263810381],[843.61647829229,-901.0412581964878],[839.0278296680816,-901.379757915161],[838.815115089785,-898.0082164582341],[834.0810447780696,-896.5482939522595],[833.976423696719,-894.1913292972331],[832.4778244669233,-895.9857021595044],[830.7532311355375,-893.2889662771684],[828.8564199097323,-894.2721852001847],[829.6594446601532,-891.9800608934323],[827.6831846133595,-894.0766079700592],[825.77543875995,-891.3675668530615],[824.2462542875062,-893.608349788546],[822.8949723318524,-892.0581210773646],[822.6700064929656,-893.9440474972429],[818.3497400315218,-889.1637408094477],[816.5539331185662,-892.6173399764725],[812.7398439005373,-887.0916693848594],[808.9459580107055,-890.4068195779688],[806.6988034154899,-888.572466877671],[807.7201342242936,-884.3920936803872],[800.5546098131915,-879.6446542229844],[802.9455980763495,-876.7884399220513],[801.4304674428987,-874.8935357792258],[799.25979321562,-877.2058589652763],[800.3506893535501,-878.6236079366812],[797.1892184765239,-878.0707220378238],[798.2947514601535,-880.6080964775293],[792.6547725114483,-880.2221188228575],[791.2445770687538,-886.1671364163664],[793.0700021443054,-888.8644486493511],[790.1005425461364,-889.55693252399],[791.7056613638184,-894.1402822470818],[784.3157595078685,-894.0860719467004],[785.7334451002749,-900.1090979539154],[775.4457890279016,-897.0688072530495],[773.4140249657141,-894.696714311171],[775.4227675766224,-890.5809467108205],[773.5975842724187,-890.5710643892851],[775.0500594856259,-889.3258007923858],[773.6308575381205,-887.3298138870564],[775.4325254820693,-886.3314369168081],[771.7290655671379,-887.091471247913],[772.7303623800817,-883.0194930077671],[769.8347880964811,-882.6036047919525],[771.8910334717312,-875.0211895229236],[770.1150875317552,-874.2321903688271],[770.2872892804801,-877.1522979529957],[762.9399068872428,-870.738636771912],[765.926601821562,-869.8160713119172],[763.6942017673719,-868.9980193920863],[765.6839155059046,-866.5553575858178],[762.4451346474814,-867.1259350563353],[764.8065296754077,-864.5954803592015],[762.0264429170254,-863.7417728873603],[763.6486612015191,-859.9315534159483],[762.383914917608,-855.484193855116],[767.0027174020627,-849.2957330160257],[756.7751794523003,-847.3959542286317],[757.182015571739,-843.9524297806655],[752.6242272063711,-845.0005507408392],[754.1058983456263,-840.5068347970433],[752.6584765935764,-831.681061531651],[747.0375764865728,-830.6482158210063],[746.0007823165646,-826.7751378263322],[739.5183681264862,-829.1618448380648],[739.182265012409,-824.3261420038256],[734.9212012418592,-823.497416144932],[735.9265672781381,-820.64946520929],[733.605657761281,-821.0633666256351],[734.3797351704949,-823.351393467998],[730.4481318767351,-821.649308484464],[729.549517620394,-824.2803066556479],[727.2909705330723,-822.2360910256937],[726.4277903923272,-824.3096528473761],[723.597866625775,-821.1110439103646],[720.7673853849941,-823.8470216178584],[708.0976144034269,-817.9221824699069],[706.7467327481855,-820.5273606283702],[702.9088816947313,-818.7284969471864],[696.8097853229423,-822.5052366868373],[697.1403870268696,-824.651816088011],[694.0724018482177,-823.7974752972992],[695.634788928507,-828.3677369993914],[689.2384539537254,-827.9884026775502],[686.96610017781,-830.7643965557692],[687.9400641165602,-826.6806578027375],[686.1781772549084,-823.8907155245209],[681.163918947866,-824.9403449955494],[673.9441677596719,-818.1415705999875],[670.4725003936463,-821.0759228806174],[669.9137228392204,-818.021759405372],[663.2978392059543,-814.957989295813],[663.3772893500205,-811.9401399316192],[659.9853412123599,-811.8601244513466],[657.7838699303433,-815.0941326145557],[657.1712099423692,-812.9329290868535],[655.1020219862063,-813.824206997594],[655.2771089900298,-810.699799744308],[649.9940985092385,-809.9571946576787],[649.2776583880776,-812.9396222098144],[647.3400363134984,-809.8099756422981],[645.0758260364508,-810.916134373904],[644.7720708865432,-808.1009884817491],[643.6177824070227,-810.7238574219467],[641.5438933586959,-808.3712193301235],[672.2434293000566,-243.4394477943479],[1434.1313695947215,-309.06132710441926],[1441.7483553371374,-305.2000899744504],[1447.9501821150554,-292.9018023694201],[1452.5214135554093,-292.7646892906584],[1453.9584236392618,-289.64887914253524],[1457.8353356841048,-289.65762206794784],[1459.0693360179089,-286.63128881917277],[1470.4735799241298,-280.5168851865553],[1476.5505321700095,-278.4152599986152],[1479.2585949186464,-280.10308880634364],[1486.7523439227155,-269.56075229305156],[1491.9214471373523,-267.8088509773789],[1499.9788033738612,-268.68055048543044],[1506.6509830760872,-273.6963651072471],[1506.7310170808046,-276.2011278787314],[1510.4354939639616,-276.88498529810465],[1512.311857334358,-274.2816442946002],[1536.7406498774537,-277.89444310020014],[1540.9506190644834,-274.56721603962467],[1547.1149808291668,-275.79933253018953],[1554.3918416952883,-272.86450935427195],[1559.8888755468333,-276.287586092459],[1567.9780668331803,-273.12355901297684],[1580.3095284307235,-289.1241569839171],[1588.5798970696242,-289.06198747704406],[1590.8992365641595,-291.40689098591685],[1591.3666627088683,-289.3112311819268],[1598.5676074332566,-292.9758300186266],[1610.4762119993702,-289.6590660074065],[1621.2483883723364,-297.8965949150822],[1624.409106053907,-297.52202574493657],[1628.154471430717,-303.6983726994605],[1633.6324381231243,-304.8848786551252],[1635.3367388670224,-316.80921667124846],[1641.084030632262,-316.6733216229566],[1655.925402472739,-330.3793131259527],[1653.9287190476625,-348.6195567600544],[1656.8668217399197,-352.65387827591655],[1656.2852750629963,-356.20871592115776],[1663.6122352850814,-358.57284949791625],[1675.5058671580857,-348.1671576957158],[1675.939524241908,-342.2063637989021],[1681.4294788126533,-335.4662211322404],[1690.3560551280173,-334.0897932573652],[1698.019634336701,-328.566170757069],[1700.703176766481,-328.8270909762045],[1703.4269314982744,-339.20786104261737],[1706.5018252075843,-338.0478850411962],[1708.5207778056276,-340.2631574991082],[1711.3817876368971,-334.41482691129204],[1717.4165953601262,-337.7654109728862],[1725.284892107825,-335.01409682725426],[1726.523688786088,-336.5537992879615],[1729.7755650731076,-332.12777804551007],[1727.805997656832,-330.2566576316096],[1732.2472692944903,-317.47380401590686],[1735.8707373175728,-315.26096814909306],[1735.0905199239255,-311.8530240384512],[1730.2546284004454,-309.57429590256174],[1727.307080119347,-292.55962873769136],[1730.2355632880565,-291.15530142750475],[1730.445773319184,-293.7997832943757],[1733.137182418395,-294.0678286868235],[1739.089937229899,-288.5473867318398],[1748.2674165600704,-285.76401493345594],[1753.764556910303,-288.25756485333216],[1763.6389387502963,-280.01232481803606],[1770.81241683109,-281.73187017622047],[1774.5671492908266,-278.06792561176815],[1774.8297657136488,-274.23871962607086],[1777.509641806509,-274.62793192076],[1780.0559190699532,-270.5619541228874],[1786.7881131484216,-271.9984732110189],[1785.3229515770563,-276.6761965735628],[1789.951936547572,-281.10722756344745],[1794.3480344578234,-273.78780158088927],[1795.1157015064375,-277.88250037676727],[1805.8963035379688,-286.29744865539493],[1819.1248462686513,-282.1145846042469],[1823.8244436446637,-286.001735564913],[1840.1251047403402,-290.72279235191775],[1842.4213938243804,-286.51547304808184],[1846.9196704515684,-284.57624487771636],[1848.537723459044,-279.6978008267366],[1853.641796907124,-282.1785321025269],[1858.678643941915,-279.2999440662891],[1866.4597643467612,-282.19362697126434],[1878.8227864240325,-273.7240126416813],[1884.0140838534617,-276.91448756233183],[1885.8810134968855,-275.6076884792756],[1879.3107322798887,-280.7463469332155],[1881.9377881453572,-281.4922257765024],[1881.904796513986,-278.52587934692275],[1884.1982814265018,-277.6262607369859],[1886.099858540714,-280.5391838357357],[1883.1425027347655,-283.8418135812255],[1884.594190651191,-283.95170951985017],[1886.1608476219958,-276.3342549878197],[1887.5191729051155,-286.56731298639556],[1879.7731441861058,-315.212355285382],[1881.532174163653,-327.2144529561333],[1886.124559559196,-329.0639009929312],[1879.4219719526154,-344.6545606488304],[1879.653177161201,-351.97875983381846],[1877.469193246656,-355.3991119806165],[1876.4711303935755,-351.1453644663526],[1876.1460883745442,-354.5114586575974],[1871.3403916188943,-354.11193550864823],[1877.2446675865463,-355.5921693830058],[1862.8736719976407,-369.31974477459386],[1858.6339605584483,-377.3218051202645],[1860.1264818976297,-382.7874877221756],[1846.9048006237708,-398.18051854931986],[1845.8839135484664,-403.60176855321134],[1848.6956939987688,-406.76265777049986],[1844.66987347432,-424.2435213098815],[1838.5640972832803,-437.65041036113956],[1839.3847739268417,-440.5064043748325],[1834.4576967549046,-447.49311563365694],[1834.8595378860311,-451.195097391259],[1827.71976002786,-470.24570137889964],[1820.3051370727187,-479.1309653479795],[1819.2760094656167,-492.2817031972037],[1811.3330429781754,-502.22504500561513],[1811.6306601419963,-508.5237597345303],[1807.2454721026068,-511.5005600535988],[1797.328163561674,-527.0612827916818],[1793.5092372332952,-544.2189158344343],[1789.559291293525,-550.7864719803152],[1789.1418437598438,-566.9727519508866],[1791.273867222493,-570.5875362893173],[1794.9062506666507,-570.565211229021],[1795.568470600403,-574.4144752732309],[1789.1891126567614,-584.4761591994859],[1790.8894340751692,-590.2981057754191],[1780.7892033142848,-601.7323743728111],[1778.0599155503803,-609.1604031812872],[1778.3030349310993,-617.7135888126123],[1771.10464267366,-627.0843218180967],[1772.098378836239,-635.0660459095935],[1761.4816298571814,-645.1765538600217],[1761.2010495474522,-652.1713601761414],[1756.1337859921075,-656.298994232172],[1755.65477804484,-661.4476541437062],[1747.5713950510774,-670.0088281849098],[1749.0402886267543,-673.5157176123445],[1734.5295745541287,-682.1539312371345],[1722.2574345571036,-700.2009421727536],[1720.9488085462547,-706.5848545481513],[1725.990673389845,-712.0824502287518],[1720.4380313325516,-719.7715824908286],[1722.3063949858015,-725.0311843462085],[1717.789528168849,-732.757131996999],[1719.416846775072,-737.0739175036138],[1698.7894990225725,-743.8196502744967],[1693.5166195468648,-750.4205457235314],[1684.3945384566384,-755.1109436388849],[1683.0105971488065,-758.8752958723801],[1684.4705968913638,-761.1224988872647],[1681.8950747725696,-758.1494263352996],[1677.7235290010358,-758.4585320551301],[1677.5236364282312,-755.2600821251059],[1676.316099911104,-757.804755177842],[1671.4410301689395,-757.7892621254717],[1672.1329587051553,-753.5859965686203],[1669.9125069603385,-756.666276394007],[1663.6093679849873,-752.8289928431782],[1660.9807399875367,-754.8341367674194],[1663.6826318741987,-758.2725167502971],[1659.7010963975847,-761.8968309777491],[1670.7232649147068,-760.8566388527876],[1671.5101968714318,-763.2324809860568],[1671.5589050811195,-758.938023682379],[1673.382473179058,-762.5936297990656],[1682.8252816384338,-762.1319341951547],[1680.5607792411881,-767.4677806770811],[1675.9807369660923,-767.3788366881143],[1674.8342516952887,-770.1580582686215],[1669.1749674762625,-768.4462470603094],[1656.256197901813,-771.029197509335],[1645.2071573273397,-775.6971830468366],[1642.6422944628289,-779.975679112744],[1643.850383058521,-773.3574866081807],[1646.8896779661043,-769.7108132402308],[1643.0325702751893,-769.1701224247843],[1640.9293913665754,-772.1566384660316],[1634.9813553603183,-767.8194135925675],[1637.6039865331431,-774.5200333074997],[1635.637848486568,-769.1552724856609],[1642.5961715444125,-772.9555404365508],[1642.0961596941574,-777.863030962134],[1638.430147761943,-774.6354065216437],[1641.3633977322556,-777.0817189131551],[1641.6626151710227,-780.2909250520261],[1640.6264590101973,-778.3360218956461],[1640.2101076364945,-779.974509785526],[1644.1725672791324,-779.7377030421986],[1637.3725120277413,-784.2152475332834],[1635.9106511630162,-789.3266314564866],[1630.006314542363,-792.8006831761619],[1628.5497263417624,-796.5555387786023],[1626.6101955112988,-796.3989727084185],[1629.0153822242835,-791.1928097874298],[1626.5734194368404,-788.5919139804407],[1628.6724949422112,-784.2470535098294],[1626.0138209528825,-782.5208528285392],[1625.7188020160997,-787.3425090663428],[1622.8310725204535,-785.924507793566],[1625.3472728664228,-792.0400977972099],[1621.6362110808977,-789.8296842682875],[1623.6370944876298,-790.8983405903286],[1621.3736321564563,-793.7506047111082],[1624.274080322232,-795.735453548122],[1618.9148637157416,-792.619022198617],[1614.575729903899,-795.6376452297314],[1619.4925116129364,-797.2211419624732],[1613.8873401270334,-800.6296359417217],[1618.6316707095568,-805.4673512046022],[1617.7183575700685,-801.9498632524117],[1621.0022430805677,-799.8041953221688],[1620.7444449552077,-797.6205074426283],[1621.4865231869387,-804.3931625639639],[1626.1844946290885,-794.7569128108488],[1626.6084908251744,-797.755503373182],[1628.9615419894672,-796.952035614736],[1624.6466311373572,-803.8141305328988],[1625.1163430054187,-806.4794569235609],[1617.1301772664613,-813.6237337561917],[1617.9958689886541,-817.4731088847458],[1616.3938691920807,-818.9465894867691],[1610.0055027868311,-823.3754872524307],[1615.038931088927,-816.612060334015],[1612.890287349812,-814.62019766173],[1617.1915394020507,-813.180139822581],[1619.7727032707578,-809.3554407165573],[1618.7824353058418,-807.7489132417521],[1617.0734327376874,-807.9646338637208],[1617.0852466958713,-812.6003302321864],[1612.5109861088429,-809.9342443477514],[1612.8141059968436,-814.4966749049994],[1604.9926404373116,-818.5050629917113],[1607.2328802557959,-821.1858296125483],[1604.6423129239665,-821.0557075229053],[1605.312733605636,-824.3113908057605],[1607.1101762372073,-825.4624502680466],[1609.1982864634122,-822.4733161704432],[1610.1268812554338,-824.5221228035776],[1603.530363767555,-832.539461061908],[1602.7991502347654,-838.5387409312061],[1599.8170835914711,-841.9695169869998],[1592.5780029590003,-843.9148825858642],[1592.1350687463737,-841.0311972803712],[1594.6146327003598,-841.2570208141792],[1593.0910369032547,-837.434873783702],[1596.1045710733429,-839.2020701596085],[1597.1988835093878,-835.9635127937546],[1594.0953724379408,-837.5720611801551],[1592.8615498608026,-835.7094387789879],[1596.4057395312673,-832.2405606387827],[1593.7577022389128,-833.234069029676],[1592.3701759587848,-830.4468649700486],[1591.7203596707286,-835.8925294396895],[1590.4104091016618,-834.5845183794585],[1591.0212638905778,-836.9265580567933],[1589.165574064291,-837.5771169343124],[1592.801502290989,-836.8306465854406],[1593.6102239173733,-840.4421354568001],[1584.2770479120609,-845.4940154476905],[1583.2638392261415,-838.5814890974639],[1586.3032788267355,-836.0582866810599],[1582.247689603261,-840.5890583124242],[1579.9146940354904,-837.224083990204],[1583.8818883564486,-834.7129903537091],[1584.0453714717855,-832.1377452367957],[1579.4856955685286,-835.5851259972651],[1579.4191831663074,-840.8831650544328],[1575.939187073099,-834.9926899896094],[1578.2998206653003,-828.5361941095848],[1571.3861214143715,-833.5883111101232],[1569.335630959888,-829.4733653856749],[1570.9759982709916,-833.8718301350774],[1576.527723819804,-832.7008810769393],[1573.8851881946994,-835.054215832678],[1575.9720515165116,-836.1262826076877],[1575.4913434667667,-838.9970492958754],[1571.8196850756972,-836.5823514562319],[1574.4122973267602,-839.415894555968],[1571.7847258493236,-840.980852562085],[1574.4915647442851,-840.8943517521855],[1574.6335180200044,-843.2844371889478],[1569.8797624874455,-845.4657380125585],[1571.7988802069624,-847.0789774342701],[1573.8778701840552,-845.4403343948997],[1572.8712046944825,-843.9497601945889],[1575.442586305653,-844.8613994928951],[1574.7190296672723,-840.5863500543716],[1577.558391251112,-838.1472932627588],[1579.1177119239874,-842.423068716701],[1582.3099051718873,-841.5008187133202],[1580.1410664414007,-845.158533340173],[1583.168006431902,-846.1337142791208],[1577.392418825735,-846.9314018025594],[1579.7214153030388,-848.9402527285858],[1573.0738249539531,-853.4595140299231],[1586.634185569779,-845.9274816126359],[1588.9615593503017,-847.2606990075969],[1584.2277342840443,-855.4225277546605],[1585.6391344708807,-853.921155473245],[1587.7533042271627,-856.8057084663823],[1590.0865171490705,-847.1882688903856],[1591.2298427244693,-852.4253388774207],[1587.0120567573308,-860.8815599677657],[1583.2164569927465,-861.4936172057495],[1586.8449202747918,-860.7458954506905],[1587.1667483673193,-865.1921037446497],[1584.6319354920486,-865.4110794033551],[1583.7402018671341,-869.9172115970243],[1584.4865348310254,-873.9688840680853],[1576.3318828255926,-867.1054711886754],[1578.7473661235204,-869.1257787257019],[1577.0632843573965,-869.2359468447636],[1578.4449771987213,-869.9875823761124],[1576.9918126907642,-872.4988783846946],[1579.6903222091505,-871.0594415898778],[1581.3617405684522,-873.7692889129953],[1579.013950049878,-876.7227707008087],[1570.1968142056066,-872.7079976093436],[1570.4947271874787,-869.8144353552021],[1569.9998006244327,-872.7942371868915],[1572.5357799194537,-874.6036947534157],[1561.623134881511,-870.9896733655166],[1564.6572534635718,-871.1717195263973],[1564.206899360547,-873.1420266159989],[1565.5378164688736,-871.5158514528825],[1567.1252805578677,-876.2426914647876]]]]}},{"type":"Feature","properties":{"State":"Victoria"},"geometry":{"type":"MultiPolygon","coordinates":[[[[980.9060809190628,-1317.715871049797],[976.9460931083146,-1316.594527832545],[969.5606691378613,-1320.3789729614782],[967.4433910280393,-1326.5026697657377],[954.6461507564239,-1326.7299050205536],[951.091747327277,-1318.7931839839666],[935.7999165078573,-1303.4491613999116],[949.5594645180486,-1311.9126975149102],[959.3824155111982,-1310.536703580017],[965.4956086711741,-1307.1877099949793],[970.0491221377981,-1296.3968602437199],[978.2538645362508,-1289.466184162622],[979.6471883223031,-1281.6093897501505],[977.5790248529559,-1275.8872782616588],[970.9389533464343,-1270.7663430629618],[967.8746290524832,-1256.9745512325671],[961.891918709285,-1254.3541326189054],[962.5776702812664,-1257.7398561801588],[954.3640468465887,-1257.3725342885514],[951.8362655338701,-1263.1455536114308],[926.3064460489446,-1274.0894965095406],[925.089246701568,-1279.1959335951326],[915.5873073670218,-1276.4230511370488],[912.1378711971153,-1279.6867020843017],[912.1404169440766,-1284.006074362215],[916.616521051998,-1285.4782713049174],[917.6855786016231,-1282.132533326897],[921.3639736746277,-1286.8638421729302],[929.0831755420617,-1286.503837019782],[935.8441644283045,-1281.749153076368],[941.1693474174599,-1283.6345959491468],[943.2997552438959,-1286.6935206620235],[941.3549532692774,-1294.0610431444336],[940.4866624912363,-1291.7734119850447],[933.8218728228893,-1297.5276372473859],[937.0399582093615,-1300.2318765222565],[932.7449240057915,-1301.9767382595749],[926.0097596473436,-1299.0934311236526],[922.8561634448037,-1300.9363696366124],[916.624269438955,-1299.4286151810884],[907.6563561869317,-1303.3466669695636],[900.173547349985,-1310.8193640919808],[889.3293279089395,-1314.1555335905443],[886.4848731463497,-1317.8003666828147],[880.1999068994821,-1318.188652650877],[874.1824668950452,-1327.5553939623278],[869.5867248797473,-1330.0703297747948],[861.4892609210788,-1340.3809338784665],[847.4923552906521,-1344.1690013029317],[845.0843266973545,-1349.2864368076328],[840.9692417123521,-1350.3002512232374],[835.055592723557,-1356.5891150143218],[831.287821174891,-1356.52823666138],[819.9593881885828,-1344.761979847421],[808.1846885659436,-1344.8965421493988],[791.6882911830803,-1328.69891658587],[776.4057261869425,-1324.7555457727397],[751.5288988982467,-1302.5097291926045],[743.8434837243668,-1300.2287259277225],[735.647586474485,-1293.6094476695876],[725.8019806267964,-1294.6254171328874],[724.2584970528142,-1298.061677965243],[715.348102983709,-1296.9368868876763],[697.7761146003909,-1283.5629560670961],[680.6565607131893,-1279.5272520391104],[668.1402036909103,-1285.4059149500117],[671.9209497581883,-1294.3598649602939],[669.8111104762884,-1295.7800551107548],[665.5428478760981,-1293.5375247377522],[662.2671311424126,-1298.313861121203],[660.4412217405187,-1293.4567376585253],[655.6204796578696,-1290.0808115966113],[650.8429700353076,-1290.4653080287183],[651.1904683778807,-1293.5783027738496],[647.7383180835242,-1292.3842429556823],[649.8263350020336,-1285.2140932082532],[642.1902533448241,-1273.945325197201],[630.1146296440439,-1262.8709659612073],[613.9259422297068,-1253.9041645783575],[638.4249200163072,-801.595985510183],[643.3432438007576,-810.7087496397999],[644.4059372250598,-808.0808100716824],[649.2776583880776,-812.9396222098144],[649.9940985092385,-809.9571946576787],[655.2771089900298,-810.699799744308],[655.1020219862063,-813.824206997594],[657.1712099423692,-812.9329290868535],[657.7838699303433,-815.0941326145557],[659.9853412123599,-811.8601244513466],[663.3772893500205,-811.9401399316192],[663.2978392059543,-814.957989295813],[669.9137228392204,-818.021759405372],[670.4725003936463,-821.0759228806174],[673.9441677596719,-818.1415705999875],[681.163918947866,-824.9403449955494],[686.0019089566349,-823.7684302098271],[687.9400641165602,-826.6806578027375],[686.96610017781,-830.7643965557692],[689.2384539537254,-827.9884026775502],[695.634788928507,-828.3677369993914],[694.0724018482177,-823.7974752972992],[697.1403870268696,-824.651816088011],[696.8097853229423,-822.5052366868373],[702.9088816947313,-818.7284969471864],[706.7467327481855,-820.5273606283702],[707.5488747730191,-817.88894559898],[720.7673853849941,-823.8470216178584],[723.1407084783002,-821.0827381953608],[725.8793506746817,-824.2755552493097],[727.2909705330723,-822.2360910256937],[729.549517620394,-824.2803066556479],[730.4481318767351,-821.649308484464],[734.3797351704949,-823.351393467998],[733.605657761281,-821.0633666256351],[735.9265672781381,-820.64946520929],[734.9212012418592,-823.497416144932],[739.182265012409,-824.3261420038256],[738.035828272251,-826.492951448282],[741.5001342488501,-829.7353788438691],[747.0831564016044,-827.0682728501248],[747.0375764865728,-830.6482158210063],[751.9851467579259,-830.7419605960384],[753.9759822044452,-834.0053021238654],[752.2808247975225,-844.6425924197208],[757.182015571739,-843.9524297806655],[756.7751794523003,-847.3959542286317],[767.0027174020627,-849.2957330160257],[762.383914917608,-855.484193855116],[763.6486612015191,-859.9315534159483],[762.0264429170254,-863.7417728873603],[764.8065296754077,-864.5954803592015],[762.4451346474814,-867.1259350563353],[765.6839155059046,-866.5553575858178],[763.6942017673719,-868.9980193920863],[765.926601821562,-869.8160713119172],[762.9399068872428,-870.738636771912],[770.2872892804801,-877.1522979529957],[770.1150875317552,-874.2321903688271],[771.8910334717312,-875.0211895229236],[769.8347880964811,-882.6036047919525],[772.7303623800817,-883.0194930077671],[771.7290655671379,-887.091471247913],[775.4325254820693,-886.3314369168081],[773.6308575381205,-887.3298138870564],[775.0500594856259,-889.3258007923858],[773.5975842724187,-890.5710643892851],[775.4227675766224,-890.5809467108205],[773.4140249657141,-894.696714311171],[778.1497469835388,-898.9271434783273],[784.9768154891401,-900.5051890819642],[786.5049242865243,-898.1484407811502],[784.1884918916599,-897.3207088409296],[784.3157595078685,-894.0860719467004],[791.5087614030513,-894.3505473969465],[790.1459878918776,-888.8888854345518],[792.963898220442,-889.0809232782207],[791.2445770687538,-886.1671364163664],[793.3138548103052,-882.6165195458082],[791.5175939941955,-882.1584176992741],[794.7093699144566,-879.5792301177227],[798.2947514601535,-880.6080964775293],[797.1892184765239,-878.0707220378238],[800.3506893535501,-878.6236079366812],[799.25979321562,-877.2058589652763],[801.4304674428987,-874.8935357792258],[802.9455980763495,-876.7884399220513],[800.5546098131915,-879.6446542229844],[807.7201342242936,-884.3920936803872],[806.6988034154899,-888.572466877671],[808.9459580107055,-890.4068195779688],[812.7398439005373,-887.0916693848594],[816.5539331185662,-892.6173399764725],[818.3497400315218,-889.1637408094477],[822.6700064929656,-893.9440474972429],[822.8949723318524,-892.0581210773646],[824.2462542875062,-893.608349788546],[825.77543875995,-891.3675668530615],[827.6831846133595,-894.0766079700592],[829.6594446601532,-891.9800608934323],[828.8564199097323,-894.2721852001847],[830.7532311355375,-893.2889662771684],[832.4778244669233,-895.9857021595044],[833.976423696719,-894.1913292972331],[834.0810447780696,-896.5482939522595],[838.815115089785,-898.0082164582341],[839.0278296680816,-901.379757915161],[843.61647829229,-901.0412581964878],[841.4492271135991,-903.2331263810381],[843.8293792898293,-905.6433027707482],[850.1086946653536,-905.8781237618728],[849.9333086220473,-913.2478567493945],[846.7866597380203,-916.3727993620774],[848.4150806271215,-921.5243671760804],[845.8957825364673,-923.5765313120886],[847.3348926147625,-930.0549886013652],[845.6661863817199,-932.9514931843634],[848.0721929685631,-936.1459722614887],[847.2936607701954,-940.5601957568399],[851.0303681474064,-945.4172843667467],[850.9991945092748,-950.7794530359361],[856.0049754373912,-950.7022359456777],[857.5657475098495,-954.1706038806292],[866.7949646383419,-953.5184744745121],[865.8538601824871,-957.5827757267461],[867.976125202281,-961.9883941266111],[864.8900954412536,-968.013495358607],[869.7074049801806,-973.9614461633091],[871.6736257439592,-975.5621212058356],[875.6510399804807,-972.177006583118],[877.6958565682949,-975.1253585976635],[881.0936039647682,-974.6025218834974],[882.3946201248104,-978.9470795262238],[886.8103601138254,-980.5147992719906],[890.4822840986241,-985.8245616074787],[900.3141568238757,-988.8228845248833],[901.6382124315779,-995.0693803001153],[906.7082855393521,-995.132649867079],[924.7266776361406,-1019.0116442982902],[927.656338483087,-1017.4616462969511],[927.2344170708938,-1019.3254706364405],[930.3891772263429,-1019.4689700524814],[929.3647130286301,-1020.948950020698],[934.3512801767516,-1024.144505092423],[932.9936974715588,-1027.4944800128633],[936.8082941513325,-1031.711853502999],[936.0419285597062,-1036.671495710611],[945.1672075432459,-1044.3388626056267],[944.9021301060171,-1047.5528010194976],[949.0863515199184,-1049.349158827366],[950.5848980901502,-1053.0436462938667],[953.6067939456858,-1052.513930026777],[952.7002304354153,-1056.9009417486184],[955.350141327895,-1054.3327576954027],[956.5246104245906,-1057.5545461009408],[959.879538189889,-1056.2735237349293],[959.1066279744576,-1060.1132778040694],[962.9333838839029,-1059.653742993053],[962.663100984609,-1062.8660346803886],[969.9487992837606,-1064.1507088141432],[975.4863783747571,-1057.3696944425678],[986.0126728452697,-1059.8338055552595],[981.700839709753,-1049.08488495072],[984.9297913294118,-1047.2413820658728],[986.7417984720831,-1036.6803214907015],[989.0198980203725,-1035.425063469925],[1001.5258822614982,-1033.048569628026],[1003.5568271479158,-1035.682932979107],[1012.1204008457127,-1034.9836654498938],[1012.90216507457,-1037.3979782526105],[1021.6280177715146,-1039.9590382551798],[1027.577667440783,-1036.1348408081303],[1038.1591074098174,-1034.1834233869133],[1043.43684497062,-1042.817037559126],[1045.8106291536874,-1041.5812881847478],[1045.0501507252584,-1043.969295973791],[1049.466974141007,-1049.0639957646479],[1051.7589866421179,-1048.715772525649],[1053.0671599584769,-1052.1865161822252],[1058.5315336803542,-1053.6954682466273],[1061.0706050351348,-1057.504222963433],[1069.7255910740266,-1053.8422746736683],[1071.648181340459,-1056.4793083367856],[1074.202124045851,-1055.2666542567617],[1075.153158395137,-1061.4987826367437],[1080.6560223299578,-1059.6717282598347],[1085.8461820681018,-1063.0669926671862],[1090.065127814688,-1061.457692295495],[1089.5277231864977,-1063.3053088547476],[1093.2092231945414,-1063.5448093771265],[1094.3086774512408,-1066.218845256494],[1103.142956198078,-1063.6047451355355],[1102.9016432968806,-1067.044230970337],[1107.9959342966624,-1065.7493683160317],[1110.5022632675252,-1068.7850498507655],[1116.173544767447,-1059.7292762745017],[1122.8769223997087,-1063.2901919839107],[1123.4145013054333,-1059.655609254927],[1127.0741457849117,-1063.8146507885008],[1128.6790945105624,-1061.291088575969],[1133.1913483889373,-1062.295806306904],[1132.849752464542,-1064.832090416624],[1138.8888902994374,-1070.460012056229],[1143.1929247158882,-1068.9899990107988],[1144.304510984842,-1073.2354204710532],[1149.2913456774563,-1073.0653205363244],[1150.7018149275343,-1077.0061344816133],[1155.2514542495724,-1075.7891853372448],[1160.9504581579693,-1081.0596032689652],[1162.629585528178,-1076.9844000538446],[1170.9637846860585,-1081.1878026134618],[1178.5207188874538,-1069.2235147036045],[1179.8976199567646,-1074.283836060042],[1192.497834183466,-1075.7033657705563],[1195.4630646750027,-1078.4724320743135],[1204.3478395813129,-1066.2120042805373],[1208.3445321647118,-1068.6464817722385],[1212.3142340564996,-1067.0536319684609],[1216.5190557779665,-1074.3218434745204],[1219.9093349801956,-1072.2229632548767],[1216.9780497195384,-1070.009397178064],[1221.5551614742612,-1072.063208584692],[1231.4546816912862,-1067.5326783766222],[1237.3304992309277,-1072.6413481406723],[1249.182580322924,-1076.8388734483494],[1249.508580678287,-1082.131548486834],[1256.3426589064827,-1083.3286400089555],[1254.069495924228,-1087.552456948974],[1254.6150050132012,-1091.638250332571],[1258.5811468115091,-1094.1996308347502],[1256.7385833463084,-1097.798207073291],[1258.044639241281,-1101.5199243319103],[1256.2425646560594,-1112.9463412782068],[1258.260105619805,-1114.2866505949162],[1255.45883094983,-1121.6880385226225],[1259.1551742636343,-1129.0234937823789],[1262.314192483123,-1130.6025347573889],[1261.84084697218,-1142.1666800604157],[1269.0166054531517,-1146.4280870590017],[1267.741598687809,-1152.2040562678287],[1259.6177611258518,-1160.5653952889863],[1256.845733353384,-1167.7354299953272],[1264.5367469097766,-1168.032756979769],[1412.618222219956,-1264.6887521846163],[1406.026759219543,-1268.099136230781],[1394.1265389026573,-1268.2884570182669],[1383.9656622078307,-1281.184132990112],[1369.8297504871935,-1285.24166695618],[1365.9854551672875,-1289.0044733389093],[1352.7925844689591,-1287.6281272917454],[1347.0819058031327,-1289.9464753173768],[1344.8525297635504,-1287.0073071538236],[1333.6544714619097,-1285.3364738116986],[1306.2302051535726,-1283.1117999115515],[1298.92386617999,-1285.4901955245662],[1260.9619654964931,-1280.6038394357076],[1214.6063229440172,-1291.6068256794058],[1185.1335967708062,-1310.10434756837],[1127.6133398756438,-1357.9150127420805],[1131.8203344435788,-1353.801310435754],[1119.1964727202474,-1355.7381353550375],[1119.030614639602,-1358.267877951269],[1114.98417806399,-1359.9656466244774],[1112.6409282967693,-1357.849607943242],[1110.6776437106485,-1360.7531827750502],[1107.581675127419,-1360.002299812609],[1107.4613981170207,-1356.7803080338495],[1106.0335654855055,-1359.6271781142977],[1101.0734976969218,-1359.9107710042185],[1100.7588933329478,-1362.2037821820209],[1100.7029859852978,-1360.0955199127554],[1097.7709202946546,-1360.3596589411022],[1099.4394327704272,-1361.2988390148032],[1097.9037583825502,-1362.5860510979921],[1093.1916340318542,-1359.46683654494],[1092.9216516362021,-1361.3216255697705],[1088.0702420467069,-1360.5148815705893],[1083.3346688690856,-1363.040925608033],[1083.2822642651238,-1359.0525371960182],[1080.8803749586573,-1357.491471610416],[1079.5551883717244,-1359.3547990700176],[1068.4568016193098,-1358.506581996095],[1069.8449155433975,-1359.6354689436869],[1066.366046537949,-1361.9570724190794],[1067.896728224425,-1363.4311050806214],[1065.6645998514718,-1363.7704338811259],[1069.1442263954623,-1371.5140619937702],[1072.5842407769621,-1371.4026125202195],[1073.280110207721,-1382.4159512415881],[1084.3663870522014,-1377.7418414880447],[1087.24782355403,-1369.8386524440511],[1090.6808417768077,-1371.6124401203297],[1088.8324821125166,-1380.610761361737],[1090.2740017298338,-1384.7323989087527],[1086.0505776009752,-1389.2936193458122],[1084.1916758065504,-1395.743281295838],[1087.8333103177843,-1397.0938742161952],[1086.4009608215713,-1398.2796851674177],[1088.1425560112168,-1401.1020402634451],[1083.5813349224265,-1401.0978951727768],[1082.442332537565,-1408.27750481179],[1075.471998999769,-1406.9370600354025],[1073.8851402303806,-1401.5919806028326],[1076.7802996245316,-1399.7733975350768],[1068.492121882276,-1392.0122791302806],[1070.5740585360188,-1390.4445873083803],[1068.3694659227913,-1384.1538795445615],[1060.149699814599,-1373.6393171451186],[1051.5999296613475,-1370.174798984716],[1048.2096205985613,-1373.5034688910193],[1048.186462207194,-1377.4807562024803],[1040.845956489836,-1379.8862212484648],[1037.773989586192,-1364.7867704619473],[1029.8982450228957,-1352.001704387518],[1025.309652112677,-1349.2560144932695],[1015.8132703639942,-1352.0370866947171],[1006.2940058137143,-1337.568611589924],[996.6920723354516,-1334.6053743607158],[996.0619541281109,-1332.7788623956706],[1002.5350616935882,-1330.3701180418138],[1001.8167698330027,-1320.6762309787202],[1010.3043215216302,-1322.436173769586],[1013.8049868075358,-1317.8813959927666],[1013.7055661939198,-1314.1073718844214],[1011.1659146400218,-1313.8775933118236],[1012.1762396679358,-1309.5389207610576],[1009.9290113766907,-1302.1358499541805],[997.4025311608782,-1298.908783092202],[992.5113560450309,-1302.2406717320696],[989.4226297794961,-1299.1982887462964],[985.891303628274,-1308.1900182816457],[983.368841492438,-1306.7501274699125],[985.1168557108505,-1315.9826737983303],[981.8377832710341,-1315.1409399018444],[985.9452623363387,-1319.5978612263839],[980.9060809190628,-1317.715871049797]]],[[[989.8352946348672,-1317.5061624703094],[992.6184880099106,-1306.0158628997808],[998.5269054740376,-1310.0850681998231],[1006.1298095304857,-1309.9906301117692],[1009.9761973917934,-1315.3204656611078],[1001.3731499636082,-1316.7616593366756],[996.1755842966718,-1321.6113531816186],[990.8080160368305,-1318.4778705470617],[989.183842908109,-1319.8838251713694],[989.8352946348672,-1317.5061624703094]]],[[[978.8715753270718,-1325.8379337656593],[983.3802472711224,-1323.6884260145769],[991.1478864032119,-1324.5957050778684],[988.7953896384811,-1325.2727471837784],[992.0225821217961,-1325.669342304235],[990.4278680705881,-1330.7289056329623],[996.150046176044,-1331.7908720447535],[994.0213174411862,-1333.9248167448716],[995.4467651688839,-1337.7026887909183],[988.261189336565,-1330.3157637322834],[983.6471209934857,-1332.6745836453952],[974.4847475345559,-1330.6547190429867],[978.8715753270718,-1325.8379337656593]]],[[[1098.9751275968529,-1366.896503835385],[1107.6254159369332,-1368.4173882410992],[1096.0931422300512,-1372.0334097205186],[1090.0401730783724,-1365.5759044096358],[1096.860011549334,-1365.1389525108898],[1092.7351012153815,-1368.6058372567215],[1098.9751275968529,-1366.896503835385]]]]}},{"type":"Feature","properties":{"State":"Queensland"},"geometry":{"type":"MultiPolygon","coordinates":[[[[1867.131124391768,2.7748283648672665],[1866.8301883249242,0.0889284178105556],[1870.596620552121,-0.815340071031404],[1869.0209922980998,-3.99340000178431],[1866.675019447591,-2.960128986996639],[1866.3573239830282,-5.757383653584471],[1870.1594978578105,-5.074024002180009],[1870.3820602314433,-6.928027106294467],[1871.1398217017725,-4.537980574299579],[1874.0150506305215,-8.041296419397582],[1874.1200261734537,-10.674455944520536],[1870.5411667921364,-13.210655172967016],[1874.3058469363973,-13.433596774702005],[1870.80859099968,-16.095703963888326],[1872.3079270503256,-16.092804589918273],[1870.5037728400746,-19.46408832195739],[1873.2728764924716,-19.651671053311286],[1869.715151661068,-21.394397091538195],[1870.739294928016,-26.555293515908904],[1875.8633059886195,-19.699208722746157],[1873.1040317883976,-16.78120989916299],[1876.2285927431426,-17.9331495364425],[1877.4620579421048,-15.045699300522193],[1876.1423362905507,-10.522771713748824],[1879.0887203857058,-7.551375276224058],[1876.7297506469774,-5.945062571294243],[1879.4014707650676,-6.8017655516995355],[1881.6108335637607,-20.677986882062317],[1886.0782593019123,-23.514839508770617],[1889.035378718009,-21.799342736487333],[1878.5807396759562,-39.45709267583752],[1869.8640677560186,-62.27628418735352],[1870.3169305335791,-69.85705583260199],[1874.484412050233,-70.59846793239407],[1869.447401698304,-85.54913352315083],[1867.9987693585538,-99.78861449486391],[1871.2937956632693,-104.26991110607577],[1870.373942089536,-118.24843114324636],[1867.559086109062,-118.50677707635138],[1864.893762680631,-126.98518411206976],[1860.8445765309118,-128.88029476952502],[1860.1437813616765,-126.95346839810394],[1857.4975663338284,-132.70335855216516],[1859.255773322403,-136.15507228451307],[1857.1298207914658,-135.15262435720422],[1861.8309163330525,-143.37334615783496],[1860.9577979783999,-146.5434660747412],[1865.108018791482,-148.53543235790355],[1856.979691088014,-151.29571728841142],[1852.2668334652797,-158.3292356332478],[1857.3215585499174,-162.16256179029992],[1860.3742589756819,-160.91456300658487],[1858.507206016999,-168.7166843446771],[1855.4977522258773,-168.37748642234234],[1855.9872817699675,-164.46646824914126],[1853.8292526254274,-164.36976161390737],[1855.6573367885176,-168.6291868084379],[1853.6698546375571,-172.6564880931306],[1861.6893416730297,-182.2901354845842],[1855.4881108665204,-188.75509254783233],[1849.8349132666333,-187.6769907949167],[1849.6852734991019,-191.2975159563448],[1845.0431567260944,-190.71488522986124],[1844.6276661340937,-196.11683460112718],[1841.443109517614,-193.7048090048683],[1840.8898694885777,-198.0615444276562],[1837.7219667109687,-195.53915005941968],[1834.1314700640332,-197.1662556201369],[1833.37809060913,-203.54192520956255],[1831.8111177774465,-202.170257038323],[1833.4743552145478,-203.55627374247217],[1834.227784565903,-197.1806100492465],[1838.5390105501078,-196.00265537020096],[1840.856557645263,-198.28422746642454],[1841.2171193183394,-193.8986722105046],[1844.6906142302864,-196.35394507102046],[1845.2192018659734,-190.85510319372642],[1849.7314568906538,-191.64598635618552],[1850.1870179996247,-187.95756792067192],[1856.2927097309255,-188.6486394345291],[1866.0474275228705,-180.2166363446559],[1861.7217939568663,-184.68607815969446],[1863.0109005304564,-193.7621869857998],[1867.9172566968791,-193.25314017135906],[1869.1576202606022,-199.36272823249888],[1871.9554943882574,-199.10481225951497],[1870.3324823928297,-203.2990983276889],[1873.3686434377134,-207.29137667116734],[1871.3938113671936,-209.26821047637344],[1871.8146367665395,-220.7200724107596],[1869.0830811839885,-219.27925768218572],[1869.321151118982,-221.59298484333632],[1874.3197457434933,-220.41878591359355],[1878.2491127802577,-222.38565220090268],[1879.6882825939633,-226.47809585168838],[1882.3678435444112,-226.31916400386075],[1880.4816386492262,-230.9274660959073],[1872.728776415731,-232.13358104174765],[1876.6159095371597,-240.1300399813582],[1873.3985717400285,-238.04380315586414],[1874.3220835119594,-242.28470435294577],[1870.1890346601492,-244.27283943978912],[1876.4007398940732,-240.8943240370781],[1875.563308066672,-255.34361192876042],[1878.4932385876652,-248.38974828780098],[1877.5461189358628,-265.44184456961136],[1882.3742608930722,-274.8395970420525],[1885.8638556976173,-275.7189431392175],[1878.8227864240325,-273.7240126416813],[1866.4597643467612,-282.19362697126434],[1858.678643941915,-279.2999440662891],[1853.641796907124,-282.1785321025269],[1848.537723459044,-279.6978008267366],[1846.9196704515684,-284.57624487771636],[1842.4213938243804,-286.51547304808184],[1840.1251047403402,-290.72279235191775],[1823.8244436446637,-286.001735564913],[1819.1248462686513,-282.1145846042469],[1805.8963035379688,-286.29744865539493],[1795.1157015064375,-277.88250037676727],[1794.3480344578234,-273.78780158088927],[1789.951936547572,-281.10722756344745],[1785.3229515770563,-276.6761965735628],[1786.7881131484216,-271.9984732110189],[1780.0559190699532,-270.5619541228874],[1777.509641806509,-274.62793192076],[1774.8297657136488,-274.23871962607086],[1774.5671492908266,-278.06792561176815],[1770.81241683109,-281.73187017622047],[1763.6389387502963,-280.01232481803606],[1753.764556910303,-288.25756485333216],[1748.2674165600704,-285.76401493345594],[1739.089937229899,-288.5473867318398],[1733.137182418395,-294.0678286868235],[1730.445773319184,-293.7997832943757],[1730.2355632880565,-291.15530142750475],[1727.307080119347,-292.55962873769136],[1730.2546284004454,-309.57429590256174],[1735.0905199239255,-311.8530240384512],[1735.8707373175728,-315.26096814909306],[1732.2472692944903,-317.47380401590686],[1727.805997656832,-330.2566576316096],[1729.7755650731076,-332.12777804551007],[1726.523688786088,-336.5537992879615],[1725.284892107825,-335.01409682725426],[1717.1309522317104,-337.7250924278314],[1711.3817876368971,-334.41482691129204],[1708.5207778056276,-340.2631574991082],[1706.5018252075843,-338.0478850411962],[1703.4269314982744,-339.20786104261737],[1700.703176766481,-328.8270909762045],[1698.019634336701,-328.566170757069],[1690.3560551280173,-334.0897932573652],[1681.4294788126533,-335.4662211322404],[1675.939524241908,-342.2063637989021],[1675.5058671580857,-348.1671576957158],[1663.6122352850814,-358.57284949791625],[1658.5591453288307,-357.9953468378903],[1653.879101311518,-348.2721097906708],[1655.925402472739,-330.3793131259527],[1641.084030632262,-316.6733216229566],[1635.3367388670224,-316.80921667124846],[1633.6324381231243,-304.8848786551252],[1628.154471430717,-303.6983726994605],[1624.409106053907,-297.52202574493657],[1621.2483883723364,-297.8965949150822],[1610.4762119993702,-289.6590660074065],[1598.5676074332566,-292.9758300186266],[1591.3666627088683,-289.3112311819268],[1590.8992365641595,-291.40689098591685],[1588.5798970696242,-289.06198747704406],[1580.3095284307235,-289.1241569839171],[1567.9780668331803,-273.12355901297684],[1559.8888755468333,-276.287586092459],[1554.3918416952883,-272.86450935427195],[1547.1149808291668,-275.79933253018953],[1540.9506190644834,-274.56721603962467],[1536.7406498774537,-277.89444310020014],[1512.311857334358,-274.2816442946002],[1510.4354939639616,-276.88498529810465],[1506.7310170808046,-276.2011278787314],[1506.6509830760872,-273.6963651072471],[1499.9788033738612,-268.68055048543044],[1491.9214471373523,-267.8088509773789],[1486.7523439227155,-269.56075229305156],[1479.2585949186464,-280.10308880634364],[1476.5505321700095,-278.4152599986152],[1470.4735799241298,-280.5168851865553],[1459.0693360179089,-286.63128881917277],[1457.8353356841048,-289.65762206794784],[1453.9584236392618,-289.64887914253524],[1452.5214135554093,-292.7646892906584],[1447.9501821150554,-292.9018023694201],[1441.7483553371374,-305.2000899744504],[1434.1313695947215,-309.06132710441926],[672.2434293000566,-243.4394477943479],[690.750265185152,94.09451875388822],[394.8015840848778,106.72606819986825],[427.4849697215695,1164.3809893860548],[440.3492134863261,1151.5600496866016],[461.5654748077723,1139.8836708683841],[465.977406212786,1140.731637305693],[478.4069133557955,1135.4223091608624],[494.37559019197596,1136.627239457114],[521.1010113598057,1122.6543381246463],[537.5123632572166,1119.0211543939893],[542.2459003262646,1109.179071141754],[549.6757563853773,1105.5513341647438],[547.6687910168636,1100.7481213959425],[548.7522420651123,1090.6012690312307],[556.7670128008539,1072.9492764180102],[563.8911346304385,1067.6558527477525],[577.087318581621,1065.2122360134515],[579.0529289182057,1063.9062136092068],[577.4247002932278,1060.6419338048236],[579.4729266943173,1063.7771637181356],[581.8818213346403,1062.8962217553326],[599.2591236871231,1046.9123983831312],[607.1631130039281,1045.4488174622632],[610.7293969058101,1042.0642981784295],[617.4435343092334,1042.5382279368287],[618.6443396176765,1038.591753416497],[629.1241303630638,1035.5512748369943],[630.8787492139872,1029.9088716115361],[636.1933250401818,1025.5445757989282],[645.5744380539285,1024.210270941237],[676.7374211234762,1027.693315985582],[699.3281125889285,1035.4436950934796],[712.1323184262659,1044.5635310036657],[724.9107374435855,1048.8900374032457],[733.3486585553204,1061.333403660454],[735.2005448059987,1073.9042154868441],[741.3715573221592,1089.346698769166],[740.0892328753195,1095.1928471979836],[742.5925102109062,1101.9424407298081],[753.1135086608361,1112.5796332938194],[755.9184577582337,1120.7505433776105],[769.619948486708,1132.3038308447944],[773.3666195334129,1143.6318442685333],[777.6142596759493,1146.7187313402924],[781.671141323763,1155.8047201940162],[780.1633315001652,1163.2102950120466],[787.9589141579495,1183.0508299223561],[798.0283407449924,1199.0890909276927],[792.6012567931318,1216.9035879809696],[795.3305473944774,1217.520763036813],[797.2938254393912,1223.4964185924655],[801.0564505196731,1245.5235298915936],[817.8411946627851,1284.5677338166997],[819.0573477872224,1294.10967994884],[825.8986582599658,1299.7785508570857],[825.546606671029,1304.77061094888],[829.9328270504672,1312.791209501358],[822.846482361374,1332.3139324519516],[818.3012850264276,1373.1723168392004],[828.0354299941971,1399.3698570521854],[828.5210953229416,1414.8666607121622],[816.3615489389191,1433.0827153888742],[815.9057965161164,1442.1294366781372],[823.9032825944736,1473.7588649034637],[844.852928340302,1506.2229806794076],[838.1993907677978,1518.2543001209037],[837.7685969783272,1531.3327284711543],[834.2032543290973,1536.2600949807254],[839.7931462359924,1544.9163502220172],[852.284462697488,1550.7403512300693],[860.6086839101542,1569.5154442443527],[867.0127745092781,1567.5889778238206],[868.8128379255209,1569.8875457480558],[863.3426563448157,1572.6334951568622],[871.1149694118704,1578.5057605682498],[863.1060901264865,1577.794517500239],[851.1993544850109,1587.6050247898775],[849.4055187867384,1583.5539110319112],[843.5352427841573,1581.6078325457102],[837.906737772932,1583.6952127965492],[853.4848541661711,1618.0961517079318],[870.3334279383445,1644.9349441772742],[877.0620192690291,1647.6869467422523],[874.3197086945922,1644.6891759917974],[879.7616070732798,1626.7598649083745],[877.283726034769,1624.399880826692],[880.1700507381117,1626.1879132003623],[878.8246796250827,1634.9052921203734],[881.8984606705651,1637.8825725826748],[885.7600315965299,1635.6744821335096],[887.8953732585867,1637.835106505754],[883.8693982193643,1644.5327498931924],[880.6718133516002,1644.9506020206106],[880.7777613162476,1648.4391293725143],[883.8411835566101,1661.8968302221149],[888.7392808130155,1669.012522961563],[904.4814352152707,1709.8940903424545],[905.0301759988054,1725.5461023081025],[910.3099550201897,1736.4242998164668],[908.8371275876829,1755.4528852950095],[915.873930811623,1758.592212561309],[929.2609241223539,1757.6174852024278],[938.607559147089,1766.793613365573],[944.5896502068381,1779.2269771825866],[951.3433689638575,1777.8005188546724],[955.129816782634,1780.6997332765732],[963.4041418053283,1773.5134131645916],[956.0978130799377,1764.980012879394],[952.5637202461791,1764.1288840642897],[951.8561486357801,1756.888736282679],[947.5646184809233,1749.6676010298354],[956.284074932208,1756.0485723127672],[956.7978232365833,1760.3652234759982],[960.804244320354,1758.2467571012953],[960.3021953003997,1760.7823457734396],[963.25250737551,1757.9728345036783],[962.663641007221,1752.573019376665],[968.5548710806404,1751.8475767463444],[971.6581887276515,1748.0454424259756],[973.7916608525896,1749.7497962202453],[980.75703464027,1736.9724681017399],[980.0279199393395,1715.020935805272],[987.6856466207939,1702.9377219366668],[982.3175484970748,1693.1695426185831],[984.7248468058972,1674.7837462823986],[982.7422790500532,1652.649008664426],[995.585092706544,1642.1376558097006],[1005.3736181329762,1642.10099019341],[1009.1876461127492,1645.6537221704768],[1014.5217017315861,1642.4313313783014],[1016.2032797603258,1636.4092107460533],[1021.3323020577694,1638.1163067987372],[1024.755761746867,1636.2291927527613],[1018.2912472513439,1634.5101684156818],[1004.9062647514598,1616.7713898664372],[1006.5480321630027,1610.200627127563],[1003.471177112929,1598.164408286397],[1004.1118972494322,1596.2581412614988],[1014.7444004953776,1596.0442448318906],[1021.8534003447969,1591.589915529764],[1024.6180441776914,1588.433128784462],[1023.574586308728,1578.6531023428033],[1026.8845774066472,1572.387297159474],[1041.1458526094207,1564.5459799966573],[1030.7474531998819,1545.0315728420478],[1029.4137341737003,1534.3806259741236],[1034.6470072995687,1533.4473703363822],[1035.3519342029629,1537.0154993246597],[1040.23053294402,1538.7390603651418],[1043.3977928412005,1536.7489920288056],[1050.8296038422948,1538.6080611714178],[1045.087766564343,1528.2850778330505],[1043.912682634811,1508.065602022583],[1044.9290272392054,1486.2401327493676],[1050.6333601775725,1480.0980228141732],[1051.7321027426353,1472.7602912225013],[1041.9540681038818,1439.0635193817577],[1050.2580355196133,1415.3181145392264],[1056.0514906707408,1409.3717016851292],[1056.9385410110601,1387.9236826303165],[1062.9277780296661,1367.615270824062],[1071.859992727444,1357.4384999612585],[1081.2263323397199,1354.3933106512454],[1090.114687706306,1355.0214887127893],[1106.0998609798191,1365.2326906460637],[1109.864714111062,1371.3313541127307],[1109.9649670913473,1378.0523756227947],[1125.1999339156253,1371.7511516922168],[1136.0461241972055,1376.0526718497265],[1142.9765741473273,1385.8521752948902],[1145.902502611434,1385.5008083778032],[1153.534114689222,1374.6102381329981],[1151.727698685975,1363.3945276742566],[1158.6105859492047,1363.3730176145943],[1154.0601250655945,1350.7265394201365],[1160.4001531771412,1341.6938146978448],[1170.325305670568,1341.6315675744288],[1170.746852595056,1336.2939103397262],[1184.3145977126517,1332.9299063038056],[1185.3606153082117,1327.3155948368155],[1188.151265607393,1325.5290256487308],[1187.8209311129124,1319.1471122806206],[1193.4825900439478,1316.5591680893117],[1194.8335663353487,1312.020331007444],[1210.58981371157,1305.3408079049855],[1216.4432531124237,1306.2641008787582],[1215.1939924699964,1300.7336322539245],[1221.2714284844185,1291.900441575216],[1228.8583467000415,1291.5586459538497],[1228.8399002932435,1287.6875539247326],[1221.1810907177821,1282.2814650876069],[1214.2981239918604,1272.0423759367004],[1216.6409293280421,1259.2130566179503],[1221.8699622995236,1258.1960702656388],[1224.8851888737715,1261.582688828177],[1226.2270069967947,1255.9256655098584],[1218.2015144003894,1252.3187982288036],[1217.822963862257,1245.5947664419161],[1210.6410112092249,1236.7001138152596],[1214.3166310810338,1236.5974116834275],[1216.2243529836085,1232.4389468209663],[1214.5063221587593,1227.714030004051],[1218.1602400446852,1226.1710016351196],[1220.22095070379,1221.3317922027916],[1217.7992235436466,1216.0030189872527],[1222.5486046193002,1206.1537569944062],[1220.4865494753242,1197.5738624856792],[1222.862642301912,1193.9224647041926],[1220.0220107208459,1186.296992901002],[1225.258119469234,1182.0556842181431],[1231.2320616376933,1166.8644231605024],[1226.3992511870636,1155.0820256105198],[1230.5192034637641,1144.6014768008995],[1226.1078926095702,1143.4428783783799],[1222.2061305246227,1138.3479098724995],[1220.2069041725276,1125.6337486433679],[1226.3685754656801,1122.4125039559522],[1226.2145255377745,1118.3125015449125],[1236.333149804647,1098.3779899652734],[1245.3119845223925,1092.1066626799557],[1246.001708059855,1087.925929293111],[1250.3773226780384,1084.1851244383174],[1255.0211359865898,1076.4100018996937],[1254.7318650496857,1068.6429321140658],[1262.8755029713302,1075.5705242332629],[1264.630802751294,1071.398845621442],[1268.7711213500422,1072.1260114749657],[1270.386848267091,1075.6492681989703],[1274.1896750688545,1071.6185256563826],[1267.2674180441536,1062.912175747558],[1265.199890384633,1054.5285170607892],[1270.905921407649,1045.7502800474047],[1276.1830044205183,1021.1782645935934],[1281.2053026510655,1015.5740770458946],[1280.465372403882,1003.2641662702749],[1275.7409939384313,1002.9303713495484],[1274.7309904268318,999.0098595013332],[1279.4616228052903,1002.8015384952171],[1286.5577914273056,986.6183524589618],[1282.2941856091397,982.1138430221521],[1281.4737904568683,973.4855747087728],[1278.8592874301835,970.608203331494],[1281.317395661599,964.010797657242],[1278.5886878712229,959.9154107334549],[1278.04272564321,950.809752908536],[1275.0632495567138,949.6404834798759],[1266.6208376941327,935.5814093838654],[1266.2930348825553,921.9800197585331],[1274.6229033989493,909.2313667279916],[1278.1702140223701,907.5522120654427],[1280.136256309782,898.1959352548139],[1283.4289235396643,897.2100473726765],[1282.0419746711364,894.8824966913237],[1297.1072495644266,887.6160287196786],[1293.8296480478116,874.5079746830754],[1296.0954703081097,876.0789311604846],[1287.5429117265771,856.4254075710835],[1288.1613765460093,847.5221661307273],[1303.3226684983244,825.668148210909],[1325.1985959065505,810.5133007376218],[1334.7472662640316,810.2318973999633],[1336.2407289809616,804.1418627350511],[1341.5893400026027,802.93118418408],[1340.9637334668957,799.855554009556],[1345.4866774210118,795.6993309235021],[1353.2363438349953,794.3524474400624],[1361.0790146289075,804.2029115280826],[1360.7128291343076,807.8274754328498],[1364.558750187996,799.1379282470208],[1362.0105923066774,794.8021727677908],[1369.4269634068564,780.022147511138],[1373.2605973883767,781.533180817817],[1381.7863563711492,777.6204792023764],[1387.885302409863,779.6768390940089],[1402.2864841245344,776.7058361193718],[1403.4507155688343,782.7530763393365],[1397.7500547574587,790.5325684075796],[1400.939140270811,788.8509541628822],[1406.4345424032808,771.2181345760752],[1413.0939670115959,760.7474103710174],[1413.6241562695884,751.9357562054558],[1417.3788717145442,746.8197174288546],[1413.7553462939438,741.3686268040929],[1414.7470882548535,737.8942207876884],[1421.1307680172526,729.012568474028],[1430.8607913541914,726.9531257135266],[1431.0738586953948,741.5299432339198],[1438.30579840836,740.5220002713505],[1441.0408874175125,736.7432713025751],[1440.8749432807392,724.6306508403977],[1445.8283044602215,717.2370504227882],[1453.252983986612,714.2881043582668],[1462.9210080773023,718.3905762911747],[1465.700562264637,711.3403517426215],[1480.3890803517609,705.9938485185183],[1480.490410196326,700.3620513006931],[1477.1711061642811,700.6213805192124],[1476.6663836348762,697.9798875723451],[1481.5990779186534,694.3917437145076],[1480.6927732209488,691.9075511645043],[1486.638715993836,685.2794166289546],[1496.0488863462235,682.5284107105754],[1501.2086639144688,687.4527015841627],[1497.5928712348286,688.7633053211725],[1499.177810824679,694.4305539708821],[1506.4808542295045,689.6631421544217],[1510.2439166776019,692.3817179073652],[1509.95450031169,680.7184017144957],[1512.8945979288728,680.8312839569099],[1510.9395632798899,677.456043347829],[1515.0243255353437,679.3494163584912],[1512.6307671132083,675.7997209492182],[1515.5070647931404,674.4568447641134],[1517.0612668602632,679.7900898423908],[1517.9303185569886,674.6279382084078],[1520.9051060684442,678.6722730375245],[1519.1478459132843,667.0622537669067],[1523.8241534552617,668.6598557938212],[1525.9507959776317,666.2758250300891],[1525.6924057147362,669.4562330768234],[1527.651316853249,668.329081946962],[1527.8829710137875,671.2275927428979],[1529.7260579660274,670.9012133134516],[1529.9706387629385,666.7096407245956],[1532.469979212674,665.7439119902117],[1528.810881735125,663.9186754915245],[1533.7431018144916,660.5317208306279],[1533.2520176316991,657.2126861662243],[1533.9869971547143,659.0402827549464],[1535.5568808293472,657.2816113560821],[1532.5679461989162,654.0284825662297],[1534.9357072535804,652.8520514543092],[1534.3145626479898,648.4221358384731],[1537.8222628678557,643.6221670946939],[1540.5365285930889,643.6421438798483],[1538.2057142435103,641.5508932370476],[1542.3383638106386,635.8875091235954],[1534.922034767606,637.5440120951362],[1531.6206603194435,641.4191571528423],[1532.9382162624354,649.1454311306002],[1532.3064944493713,647.3054756980524],[1529.593230305234,650.8855197599557],[1529.2954469367874,646.530326149344],[1525.9383415920777,650.8597705397469],[1528.4208171990317,647.0822585142914],[1525.9756467120446,643.9893122464017],[1517.8318079358862,649.3215453777538],[1520.727979864901,642.7962901331335],[1514.1224350938596,633.4274986687482],[1516.8344323213548,631.6510701545202],[1517.0534282046904,627.2347984611228],[1520.2006909312443,627.4337948842023],[1517.5544430517875,623.4611766928772],[1520.1095328749398,621.2512509744937],[1519.530929924015,618.0525417190538],[1529.8673816393818,608.5166644076065],[1524.8624008325737,606.6216005941804],[1529.2213599234658,604.7621350938914],[1529.1754108891712,599.0221920391585],[1532.469820587898,598.7499644510671],[1533.6283073501731,601.5435788828008],[1536.1448590101784,596.4042755949037],[1540.1472515178382,597.73708171398],[1545.109520538509,593.0963719746064],[1549.4302278899083,593.600095834876],[1550.638769139326,590.6398477898396],[1546.3214023389703,591.0376902307603],[1545.0848539632461,584.0839859410395],[1553.0801606503935,584.9409449904836],[1555.0927501688318,581.7715383793592],[1559.6252160324127,581.4575462286192],[1563.5174539824038,572.312942351716],[1565.8528108002372,573.611826644743],[1564.3124789981077,564.2129379713074],[1561.9455778376644,566.9765048398923],[1557.1796133597245,565.2902812736893],[1563.5341882578236,564.6443336795327],[1560.7142102565272,557.539543184258],[1558.6377701225276,559.2533535617754],[1562.1418651388203,553.873093035245],[1558.189503054788,550.2855916219341],[1560.4370917539156,550.017118926024],[1559.2519622153482,547.9031907248017],[1566.291658026858,553.0376520143942],[1567.7925128161178,549.1357754511703],[1570.4132386457964,549.384667979278],[1570.631584351872,535.7098172089002],[1566.3539429401108,535.4346968367755],[1572.3320088928183,531.7819687969031],[1568.2645352939612,532.3847431058632],[1567.6625091803985,527.380312929892],[1565.121337238254,526.8960122137958],[1567.0253867307583,522.9438788972428],[1570.1642789190323,523.242915408759],[1568.4362305548048,524.3537194093553],[1571.6881740001465,526.4440888912306],[1572.3535151881617,522.5275211217206],[1577.360351940575,523.7276322316011],[1574.5525586503968,519.3280426691115],[1576.7638640647124,516.2392978850129],[1580.8188175815935,516.4247256190811],[1581.1060176278036,513.681300234188],[1578.9051521037725,514.286992516176],[1581.7172821145657,513.6070427478867],[1580.6996608601257,512.037751403997],[1585.90592271176,518.2889406651685],[1585.4796093303357,513.939386069823],[1579.772844811918,506.9584857156383],[1579.8522037942457,498.25730958149506],[1582.0973574643722,498.8874044467138],[1582.5392096823791,494.8825070477238],[1578.1295604826512,497.67631961818506],[1580.3751809995179,496.613341637909],[1576.9438811211435,495.56248181248003],[1576.2338800594905,492.26191845909244],[1577.5137928897059,495.15467145896463],[1576.846698299497,487.1072159294948],[1580.4257774463686,484.30124325232214],[1578.5368530889368,474.7073072463548],[1583.0829269519568,462.97273967952407],[1581.9027270821955,456.67855548746275],[1587.0968848751231,433.5604862525636],[1590.131591284191,431.492807069736],[1592.2584397037917,424.563497439227],[1595.8084360468144,425.0299525871391],[1597.4144975998393,422.23208934062563],[1599.7407598681282,424.43096339949324],[1603.0656107311397,421.41944573746923],[1600.835643900048,420.0003659051215],[1600.6516688626798,414.3713652597858],[1604.6608526844107,420.20419302496526],[1607.3640732975146,419.64220143591956],[1613.6073598950604,406.3151238065773],[1620.5418190334124,400.24504231639173],[1627.0073346973766,385.6335845326416],[1618.1816157040976,422.361864422528],[1623.100747050806,437.0050694067355],[1630.028427687188,443.8200601815993],[1634.537007608502,445.2860839330125],[1638.00790088075,441.79574909484245],[1639.0475861855248,433.7515191054817],[1646.6999109704439,421.13439757185813],[1644.9477775790822,417.06074513853696],[1648.2490579489029,413.13448619977396],[1656.6832426264154,411.603094729423],[1656.4417700920797,408.91973471979446],[1674.2537014583575,391.0102353584937],[1674.2113942719361,395.4281895230624],[1678.9822310797497,390.2822672330364],[1676.0126713502793,391.1211697678093],[1678.7074768280513,388.96024344728],[1676.860591593798,385.8060418426834],[1678.574346139904,383.99878353646193],[1679.2699488280502,389.33959970779637],[1684.359488624963,389.807259200979],[1680.8045676754164,398.7569691187428],[1686.2119924799156,396.1279378150768],[1679.3781203393335,402.7892336686057],[1684.9321692365365,400.48142285657013],[1680.0855381006695,403.4890803233341],[1681.976719975351,404.60034701698936],[1679.769737387418,408.16833743985035],[1681.403132864056,413.6117182751111],[1684.2502000523798,417.3129596529674],[1690.5472550252132,415.13315985137433],[1691.5540031748983,411.04198797604994],[1689.3172862259887,412.8053691626024],[1691.5084778714422,409.1247385476057],[1688.1436496052766,408.54689757031474],[1692.5285478810806,405.14445945202294],[1688.9890448078363,402.4401882882266],[1692.1088188141835,404.29437078286884],[1692.7531559697263,400.58930351749433],[1694.1034794991406,406.182408331828],[1692.3762187392995,410.2554908261848],[1694.704001774175,412.3259899662625],[1695.8160425610974,402.7895587433226],[1701.6564539309004,400.3235431028821],[1701.9396158198006,397.79673999559236],[1697.6588284080274,392.5896195298622],[1693.6876330937218,398.3168606722369],[1692.9625688822991,395.9226821189832],[1690.2398561037087,398.6558336777011],[1693.7755166085155,390.38434849716475],[1692.3282572319,387.1794595129356],[1695.373998767586,389.2689522752293],[1697.2439782099061,387.0990404479931],[1696.6676737302544,380.3843611979332],[1693.359170012369,383.3094578212001],[1694.2314118660413,379.79951287178835],[1699.606506145202,380.1102083906601],[1697.58983798409,380.3760755580067],[1698.275261841854,384.02067927799243],[1702.2574517562268,391.6439355541808],[1703.891660333689,387.693375961408],[1701.31661530525,378.29988317097076],[1706.429171921707,372.7561409613326],[1691.2601550576953,323.8077376383447],[1695.3509005172268,319.9830786422367],[1694.0719794915256,314.94174057370947],[1697.5066798339628,309.27650824233814],[1692.6861792897314,303.6837209814833],[1689.725746456122,305.20744217083495],[1692.7955516107331,302.19653771650826],[1693.317663767719,292.27086138012055],[1698.2762351618483,283.56855136212243],[1695.7905695057248,280.9521910563225],[1689.9017834802899,281.8452057738716],[1698.1742950727742,276.66946334325087],[1696.5564882006743,272.9178823248281],[1705.8568433734913,274.7396465037166],[1705.3135242989592,269.14520024581145],[1701.5734238430791,267.0371533955161],[1706.138820698035,268.46826934571266],[1707.5825642672235,273.94246541508073],[1712.528762391668,271.35362205932637],[1713.4216059663752,265.1128817785202],[1720.540565951094,259.05405833325244],[1721.4334721257826,255.8725628860834],[1718.8319350809304,255.42965296742688],[1722.5801327681409,252.31643883733673],[1721.2500148078386,247.73391529144814],[1723.451060529999,248.23033541957912],[1723.6208472978976,241.97087795592213],[1729.3518238604008,241.53478073504937],[1733.6181325170562,236.30541095351515],[1737.8209186420272,235.8462360023579],[1739.6943925170851,226.5165718205816],[1746.1725310218098,219.73067912133158],[1746.0906560647277,209.5313827718121],[1747.1692388422016,215.16936705205984],[1748.7541338511292,209.73259020477445],[1751.6167663267986,209.90582238976558],[1747.3905640903897,218.99622828699262],[1757.1762356438317,213.45035873542255],[1752.6508893230607,212.25946035518243],[1755.0078038929255,210.23243169756338],[1754.3477666771253,206.9195410558268],[1756.6510963837716,206.71489705750085],[1755.9834173830272,204.08384089061775],[1757.1567367020705,207.4393022356599],[1757.903843098384,204.04528273277768],[1758.0757675134153,208.21999537973971],[1759.8650845180414,206.49725266087836],[1757.63990567757,208.7341452604322],[1759.258007626673,212.3682802808653],[1765.8153411824803,209.18985015604363],[1769.8622077880439,203.29326763579178],[1770.102523141968,209.38802001459254],[1766.3854864764971,211.83409255557478],[1767.20991068879,215.5776654962494],[1763.4564403488105,214.85044367182243],[1764.6164537750117,218.09360273488986],[1775.8793760204458,211.53304568968332],[1773.0436173283254,210.11303402477284],[1773.392502814721,204.61694760653376],[1776.8870120208762,213.66199605330158],[1779.3873652521645,211.9505394343239],[1779.98592219354,200.29010508691715],[1778.1925310144609,199.0657219358303],[1780.4420536222037,199.20464947030652],[1783.9192360639763,192.92767575065866],[1787.972222029848,192.92517584183804],[1784.5692801029795,188.18204393810262],[1787.9254139591924,190.43429353596505],[1789.3266112947554,195.34534941012066],[1800.6710682800342,152.52105700467516],[1799.0786003666767,151.27102990004502],[1801.2059801073722,151.30915720734322],[1807.7547299177731,138.44804397935673],[1818.4946458942975,127.47739935956398],[1825.7543943220535,123.24838570755057],[1824.2743834949256,122.78048883523412],[1829.2614737320177,123.08172507301771],[1828.0642129253847,116.20937053722609],[1828.7938654372929,119.85389314032628],[1831.8545866524137,120.09198729115333],[1836.3487385639182,112.84709982262841],[1837.39235764504,101.32877733720845],[1835.6125915737998,95.33624751780373],[1840.3616475435188,83.04769856193475],[1835.9622620217744,83.23541569132156],[1839.9513454246562,82.99399377506771],[1847.147518474272,73.07123489315515],[1845.5248775898103,70.92164703357378],[1839.1440969702558,71.9701452891293],[1837.819740135454,68.41176243526405],[1839.0797173697242,70.84258817293059],[1844.8694985424372,69.88076461534797],[1846.8889727197163,63.785060961847115],[1853.9691419746819,58.64850084533582],[1862.4246384523349,58.08017361370262],[1863.4594375922477,60.31518839420277],[1865.1425902188184,56.08454640439924],[1872.4621881410544,53.28914751520499],[1871.1537887592528,37.7856868465658],[1868.7191419165847,39.62755082517059],[1869.599910334873,38.13117749969016],[1860.2973567077272,32.2342485087667],[1874.2613739303738,37.09412788831558],[1867.1302414443933,30.308282555765423],[1867.2515683622944,25.73957273072453],[1863.0489995026658,25.113754198629458],[1865.8457052257997,10.931209175980774],[1862.4478664246956,10.299595166569368],[1867.131124391768,2.7748283648672665]]],[[[1917.1758483105104,84.89009400741028],[1920.997843851544,83.5109432485236],[1920.5228501227168,77.09745971530033],[1887.2313450182085,21.266458821848474],[1882.0692109732342,8.274113472813683],[1881.6892279811905,-1.5694831519821038],[1879.9961807712095,-4.842710617355515],[1877.1259343209533,-4.6389384312912085],[1872.8496853526838,4.878326904170727],[1872.6672252190529,21.062911441597958],[1870.4425181594816,20.25758048189752],[1876.1840411536084,27.81850883288256],[1876.939243516726,34.87327757351135],[1885.170605569478,45.58519690768973],[1886.6305758693857,57.31183038494315],[1881.16185941902,59.724600008020275],[1898.9945003474313,71.94625809684754],[1907.8479776676102,81.87008457383148],[1909.7711873724463,90.56625746691937],[1905.5313784100347,100.5364219951136],[1900.6551517243763,103.66125548875247],[1915.537774351136,114.6044400501339],[1917.1490102716525,113.9047350369007],[1913.9614802485632,94.25341056926753],[1917.1758483105104,84.89009400741028]]],[[[555.2701021684753,1146.0394475769551],[551.7313826590536,1145.850294648517],[551.7637184678194,1151.9470126164385],[557.056059413318,1155.7231197276528],[560.8971722639288,1163.2142059790935],[568.1542264875604,1167.6800849298425],[585.1348941511155,1168.7370554786924],[594.6015692826577,1174.4235510441422],[600.3238927201571,1172.8438646106242],[610.2962938270731,1163.2035531991978],[611.1382575783584,1158.0667351673676],[605.3212799133427,1159.7668208373589],[598.4098713286774,1156.0804142966315],[593.8370422539889,1166.6994509344277],[595.2433422303244,1164.5324483335469],[591.7451540254946,1160.4723483892353],[585.825474651217,1159.8406384382797],[590.1093943888558,1157.3283729697066],[588.8923374218932,1153.9441825216445],[586.6453304147693,1156.4798502304075],[583.2650023414631,1155.0725616765926],[585.3412848148403,1153.542500362555],[583.4315252296843,1153.9568130573593],[584.2635972761568,1148.3775601151988],[581.4809040974816,1148.3854820943552],[582.5976763208977,1144.4568214320536],[578.830989463815,1143.951730348951],[577.4854779652361,1147.5571379879564],[574.5915089925384,1147.4574864898836],[574.2797100413682,1142.5914792918893],[567.6689708369026,1137.9884196088958],[558.5803411838037,1138.030863986465],[555.4991062183988,1141.1509979484533],[555.2701021684753,1146.0394475769551]]],[[[1736.0304579898643,256.27601798293057],[1738.4502692569395,246.421041085388],[1735.9404252213963,246.64958983379609],[1734.8113344066792,242.83415052884465],[1733.3430597931126,248.4771125399704],[1730.9660486750859,243.6970933921601],[1728.0275427146562,243.75556551502547],[1721.369676852434,259.1690054486284],[1713.696187004611,265.6428147078122],[1708.8796865427307,281.36255801121945],[1717.3820768737542,284.7567895105461],[1718.570004290213,279.95028276657087],[1730.7586596618041,275.92529480200136],[1728.5914627055058,272.7044482430911],[1734.567011363571,278.46975983120376],[1731.8096263033544,264.8995500983064],[1736.0304579898643,256.27601798293057]]],[[[1289.7153725448097,914.1611290454697],[1288.5834373034868,925.5591627761469],[1290.8687894354166,920.6454107852512],[1296.8144358490222,919.6252510920044],[1292.8195210079532,911.1792917151076],[1300.458473262871,899.2589091003254],[1293.9912334659302,891.496833728727],[1285.4704486278413,894.2184942995199],[1284.3710058079012,904.8354456565073],[1272.050946236414,921.2121842836802],[1278.166177939914,921.9725467595346],[1289.7153725448097,914.1611290454697]]],[[[1882.7350392459741,-199.49673894767332],[1888.4295823348616,-188.06844436856255],[1897.7735154035697,-193.37774703216397],[1888.021033233744,-211.92445434495042],[1883.9286431781454,-225.76128703964926],[1882.8222237250177,-223.99705024655353],[1880.8412962393716,-226.65467699288786],[1878.4243262164005,-222.52633719650834],[1882.3366818751608,-215.60840509569053],[1882.7350392459741,-199.49673894767332]]],[[[1885.4774102133235,-157.663314877311],[1886.456736769045,-149.95481269584891],[1897.2513487533533,-147.96319678150763],[1889.229250440772,-168.03156319969145],[1887.6539996950626,-184.76048014360939],[1884.3502839001455,-165.69094376699687],[1885.4774102133235,-157.663314877311]]],[[[918.2101595674114,1793.2239778193443],[926.5990292813729,1780.5140404539807],[925.1173194061384,1778.4364895150159],[922.7701025730145,1780.327198801652],[921.1213617989359,1777.3905387593254],[918.6411905885757,1778.9631733155707],[914.9756274202841,1774.3074471342245],[908.2729472665541,1780.0609475742497],[908.2384756503196,1786.5827070964408],[918.2101595674114,1793.2239778193443]]],[[[1867.2817323191848,-127.5729255914082],[1871.1579233650489,-148.42543244783366],[1869.8788489560934,-151.64765041281004],[1866.831530141588,-151.52831285971217],[1860.236751986202,-136.87180592795107],[1861.261842528974,-129.3984208486242],[1867.146164565541,-125.84471204456045],[1868.3177316606725,-118.73504294627291],[1867.2817323191848,-127.5729255914082]]],[[[934.3060108638495,1833.3166648076594],[929.7339187111799,1828.8418583425628],[923.0444260469526,1831.6602724481918],[920.0111777332239,1837.060313444181],[924.2513827520479,1843.40095957032],[929.7318876127008,1844.4560525240095],[936.1109247491114,1841.981611391014],[937.8918026226441,1838.1790909881292],[934.3060108638495,1833.3166648076594]]],[[[584.0789681418589,1094.2372974305451],[583.9167072295924,1097.9082825676458],[578.2917268550435,1096.0390847403312],[578.552397557719,1092.1417685427762],[574.5583396465287,1098.528845953778],[577.6643379207186,1098.8413856645905],[582.0720838655759,1104.6482871585765],[584.958869958654,1102.3042968861978],[583.3263644796632,1104.039543198314],[585.6946544092106,1109.487885636465],[592.0397873964943,1103.2191891155442],[594.0921659512652,1096.468372089445],[584.0789681418589,1094.2372974305451]]],[[[1548.4105799173979,667.1428734063597],[1549.329299133672,669.6231112548929],[1547.0468949559126,668.8785720763647],[1551.0944010430585,677.5171421361173],[1551.3825279595203,671.9696699703762],[1553.5479531164874,671.7145260405637],[1552.4436605458625,666.7806560690011],[1556.1448737318647,668.0319865009902],[1554.5523110520462,664.2810619407771],[1555.7795527133053,665.8243100229672],[1559.183406417677,661.0322352470768],[1554.7080801002987,658.5225012445143],[1551.4672869227006,661.1559409343783],[1548.422754521476,658.3629526487467],[1547.4359243854603,661.5178490011558],[1550.443051510442,664.8780617460119],[1546.1343127001098,661.1080415365587],[1543.7667500411658,663.186550732425],[1548.4105799173979,667.1428734063597]]],[[[982.4318632984713,1921.0436309721597],[995.0308495841119,1919.53162939145],[984.0821442992006,1915.3112875467662],[971.835352111676,1918.6276012400372],[977.5447363194943,1922.5642472459108],[982.4318632984713,1921.0436309721597]]],[[[912.7730086646976,1841.9677923950653],[909.2019419895852,1846.0967299151466],[912.7607650327859,1850.6393556500211],[920.4690135205834,1851.2308072473472],[920.5058549693654,1841.2568765883814],[917.4919374514677,1838.197520325433],[914.2506193761694,1838.6213432158165],[912.7730086646976,1841.9677923950653]]],[[[1615.4662319185952,442.5938336498005],[1618.7813619039973,453.48005796798424],[1621.7559890017699,455.0290160009549],[1622.8160007950958,445.404071690813],[1618.5407602566386,435.0897055338412],[1615.149292420556,436.7566958156704],[1615.4662319185952,442.5938336498005]]],[[[1675.480069525244,421.8460624151275],[1676.2452240509197,424.57423597305853],[1678.6447193026818,423.24503836394706],[1676.6353029894753,425.2022111514797],[1678.7453901167144,427.190260090254],[1676.3015352405444,428.9774197717189],[1678.643525355315,430.3699556506247],[1684.4390027652837,419.5505543029381],[1676.0738410093375,414.53049564840325],[1675.6833394952153,417.8612168900009],[1678.1681066200572,419.57463109737256],[1674.4546330618666,420.28248999430156],[1675.480069525244,421.8460624151275]]],[[[920.3884715158956,1936.6914643190557],[930.6106106041143,1940.3551675871738],[932.8891659715986,1936.9690910410252],[938.7379839769441,1936.1581433586273],[936.2894765621656,1933.4014399106525],[920.3884715158956,1936.6914643190557]]],[[[1319.851136176764,858.646198500006],[1320.1976806512218,868.5741591160576],[1326.4998394541033,859.6670791901165],[1331.1404680165213,860.6609828948277],[1331.943304039332,858.1180490844569],[1326.8301004941022,856.611586640141],[1319.851136176764,858.646198500006]]],[[[1550.1896072236545,685.836509864631],[1549.4307853659466,677.6002818726835],[1547.0038487808945,675.6350464430257],[1547.577032117643,680.5182742775473],[1545.4826894456082,676.0385375095266],[1544.2587800405524,677.194604023325],[1546.2625957153966,681.7975338833927],[1542.7755953362268,677.0307531583659],[1546.0101317372703,687.6769445961438],[1551.9088688906077,687.9967557630171],[1550.1896072236545,685.836509864631]]],[[[1341.7731099145674,809.9739969553765],[1336.8741207293067,816.7424412381827],[1347.653031602228,817.1131096386521],[1346.1395141007179,812.5593020844663],[1341.7731099145674,809.9739969553765]]],[[[923.2033081885949,1792.2506927111638],[930.9106518483196,1795.0095170205511],[932.8522805242378,1790.3207474279018],[925.824940137603,1787.6271222282048],[923.2033081885949,1792.2506927111638]]],[[[1741.8477698821175,234.84260508213964],[1739.0228374556095,243.16754944118176],[1740.2529802978997,246.968969039551],[1744.7318342545834,233.65393609331707],[1742.5095928895219,232.25675028692302],[1741.8477698821175,234.84260508213964]]],[[[553.826434458362,1142.106146822166],[553.8782006514189,1138.1116786609825],[549.0913803128617,1136.0870553828784],[549.7904705468943,1142.8238037394626],[552.8795520091686,1145.138536860405],[553.826434458362,1142.106146822166]]],[[[1631.5742859244094,447.92003557508946],[1634.3141418521873,446.7834719507414],[1631.6055734654058,447.35101980953795],[1632.178060156281,445.35758737516255],[1623.6589822266492,441.45590134768713],[1623.4138049390642,444.42504470072436],[1631.5742859244094,447.92003557508946]]],[[[1502.6086080674918,700.674205272378],[1501.6671699853132,695.159538305455],[1499.7825650374002,695.148933213115],[1499.5259331580894,703.9476512394095],[1502.6086080674918,700.674205272378]]]]}},{"type":"Feature","properties":{"State":"South Australia"},"geometry":{"type":"MultiPolygon","coordinates":[[[[417.56676467344244,-967.6938646013783],[415.6127130741614,-971.7452827171],[408.2033207686331,-976.827306311648],[385.93488990299363,-975.6147703313785],[377.6297893593159,-978.2353144555797],[369.7444346362612,-973.5249352544342],[376.35545777050027,-961.931138796925],[383.648315649728,-960.1657738224781],[388.2889516168619,-956.6439261033397],[392.45085188371786,-948.6493386602424],[401.93568072588414,-944.0709755848178],[402.4264798746778,-935.169454645211],[404.98404449570563,-932.0252090500591],[405.4118278767361,-917.2074733576003],[410.15461939152266,-908.896083341695],[407.50180299983344,-880.9018204567735],[411.00571028294996,-879.6854982417543],[408.96317762322684,-888.5439463396705],[410.8480196230594,-884.145418562671],[415.3390996799695,-885.8679180346413],[412.3069773844596,-876.3821497441982],[403.58032590272296,-867.9248742459125],[404.1789508144216,-863.8136945422483],[389.26576913373793,-846.1042911613906],[385.9624080781824,-827.2224979987933],[383.3564548027906,-823.0013840602882],[379.17300466050415,-822.1942288212433],[381.0006134755781,-816.6648866746187],[374.5324136797976,-807.0653458512654],[366.4610984421132,-818.9943342327184],[367.75902809920893,-824.2881124795689],[366.075940344747,-831.2755597418676],[357.68196230709054,-839.6185577411528],[354.76967726220414,-848.2428961549047],[353.36016909054297,-858.5868034536192],[356.2185560735652,-860.57229482583],[353.22106123865404,-866.1756780302703],[351.75351721336085,-878.5230394942687],[345.3128640004848,-889.9369597038177],[345.8494867439825,-893.3005355532212],[341.20919272076276,-902.6466157494397],[341.70024645944386,-907.5692919403863],[338.12179197464366,-908.8028984495581],[341.0038100316216,-915.8022383300895],[333.4877893111698,-921.4936532856436],[329.77128961891043,-921.3872436079465],[322.4963278511289,-915.4954487683053],[310.5814333246542,-913.0511934693671],[304.03557225593664,-916.892077224179],[302.3950756837061,-920.6401885779383],[293.519503040601,-920.0774033399645],[287.6087743450337,-927.9558934777037],[271.972159711651,-926.0173832090028],[268.7775520962663,-930.847244743076],[261.17697689914047,-934.3511332017391],[255.69601472452368,-928.2102005262767],[258.00553248992617,-926.2550732485339],[258.00924097132776,-922.0191616417364],[262.10323457916473,-921.4422001917927],[266.774052481082,-915.5283260545459],[268.7196356191212,-909.886422382927],[266.0346048163458,-904.248440304303],[269.74616333641114,-900.8766059104948],[270.4390374032514,-894.5345646332272],[273.85595251073454,-892.2719271334602],[273.92695555370506,-889.261325668554],[280.1262602467218,-892.4215021245948],[297.9206103482535,-889.9635732226553],[306.56043578467035,-896.8825305574259],[313.4088178054032,-892.379581058747],[319.82827682496537,-860.6324630114448],[316.9758244230908,-848.1590610369456],[318.0280794327598,-839.6988393662859],[316.33299003042123,-838.2005506818464],[312.8142221400381,-843.355654657968],[311.7579209893278,-841.8753040178407],[314.7739425763159,-835.0304325282103],[317.5287994161139,-834.5464833000887],[320.07203297758275,-825.1189088881589],[320.23151142238373,-815.9596219515306],[315.93238801285554,-805.6712690557451],[322.63414108814175,-805.1834574329296],[326.92149812582284,-796.0231066910982],[323.3859293623316,-791.2287100721214],[333.17946704501,-782.3329385914176],[330.47740009090694,-777.2233135542675],[357.03572838684664,-746.5596426337071],[360.8392081957612,-745.6683934768639],[358.221699613953,-749.9534375782495],[360.52483247627185,-749.9119331724324],[362.33666203608936,-741.9086611977795],[363.74030154933956,-744.190720155719],[366.178427204431,-742.8112090867733],[365.69916903883177,-740.4455476697303],[362.72211010437115,-741.3608445831657],[363.76713395634164,-737.3631185297186],[356.88191291371,-724.276928365136],[357.46163979250616,-720.3753244586267],[358.920115948983,-720.9795601254593],[358.15092804329674,-715.9168477456236],[355.63978686222225,-716.5127503826766],[351.8833212008796,-709.3444279787084],[354.57059359630824,-702.9284755788893],[364.0675844840949,-697.7285762180425],[365.8808349561572,-698.9048951138001],[369.7948912631448,-694.9937588215419],[372.02491901268763,-700.5532572416017],[371.57985537025695,-697.0663811815639],[374.9311719360101,-693.4751559374308],[372.19704532830747,-692.1562438251217],[374.2127490742371,-689.8670210223282],[371.89245677878563,-684.1912462122544],[365.79514365411285,-680.7513358240586],[361.85577207779517,-655.0754364885441],[365.91580227840933,-652.8458488319302],[356.1968393167866,-645.7108293033259],[359.1823049665831,-642.212928537808],[353.34165427489336,-635.5339331698942],[356.4181994759379,-632.1495826694385],[351.38767128918965,-629.3081685900758],[350.01126642342683,-616.0329971086035],[348.0767522410857,-647.0393260367271],[351.0361940398012,-647.4629188869022],[353.59009731688076,-652.135376456023],[352.0074198756149,-667.8933535611214],[347.38302550448424,-670.6706685879806],[350.5473100609937,-679.6170961346951],[337.1800199251389,-674.1857825521502],[326.9294397479379,-689.6963728013483],[319.14932040198147,-693.404490458555],[317.1876913070006,-704.4405708378594],[311.4607688103952,-711.3434045387919],[312.3339525135959,-720.2125148659521],[309.8312015936573,-727.6476285836777],[305.40375259936445,-731.2261818980593],[295.65833979344046,-752.129862206254],[291.1605562513451,-755.3743018352866],[274.98073304014605,-758.7883903369933],[238.0007699349326,-777.4422786982501],[236.34146000146896,-782.3288173809386],[216.54114096108208,-796.0325748639915],[212.73799630572736,-808.5922874279424],[203.9041147383735,-821.6195181530459],[193.00666195662595,-828.0252220339291],[192.1438283426921,-830.4683482157022],[194.5602370729827,-833.524054036676],[191.0511301913635,-835.811465940116],[193.3395883302287,-835.5141118927502],[193.7183022180923,-840.2108603384787],[190.8427495995985,-848.5380755141639],[188.03899306050099,-841.3462865073028],[185.02165926589282,-841.6330304453793],[184.50523720937056,-845.421369724746],[179.96211250074802,-844.1221127616459],[176.08570065488,-846.9659835268587],[173.42826080281645,-853.8480504651795],[176.31714596883674,-855.789178916761],[176.52464276819333,-860.1457194951814],[172.57130420397667,-856.2912298392135],[168.93685625633603,-861.7074152664601],[168.8526604358062,-867.5097965825073],[171.21386832456787,-867.9906997569608],[170.2640306250673,-870.6550720073149],[172.16273799761353,-871.575752207128],[169.7664710240444,-873.5491183012191],[167.880786950744,-871.7363468054272],[162.51183508150143,-878.0202151900612],[172.25555786441953,-877.6026247482403],[178.07155330716947,-872.2226600659479],[180.2989060867392,-875.3814003840222],[180.21193332862893,-869.2425741428488],[182.75094901422287,-869.9517647680275],[183.46653534130326,-876.5467635705223],[178.2799572036047,-882.3794076975262],[182.1417850267276,-897.1634017024534],[177.1015269653971,-899.9849925800581],[175.29206339281916,-893.4889454834358],[168.69290146475325,-891.0488998365394],[168.48656183075843,-886.4724980052798],[162.61732120413743,-883.4884232075864],[155.69812588304205,-883.9514436681386],[155.09143144539138,-888.5169102121597],[152.62529605352725,-889.3765911207353],[153.12361804417236,-892.9523562698157],[147.1276382082221,-892.7632990201486],[145.94790703097365,-885.3866397423355],[134.39073851904848,-870.2969454611174],[125.99221300540668,-863.8420355804566],[120.4410484563917,-863.2252580575527],[123.0213763187531,-860.4620498763809],[122.05995100757315,-856.5453764020285],[113.3916381030054,-847.9738618004848],[101.12820309059373,-852.4380068705146],[103.94837406985829,-842.9734072959491],[110.23211610795276,-834.7681062524856],[111.43597417418752,-842.5959450592343],[123.54673101640275,-845.2859497239265],[120.35670234081338,-844.9176361816436],[118.40312833218981,-848.5818939044176],[123.56931381156191,-851.7613413230447],[124.15887516439427,-856.3443188599674],[127.79040484693579,-857.723037521037],[124.31735844360149,-858.5783835511334],[138.29852707156874,-855.6106315708972],[132.95437030675072,-852.5344441464583],[131.56767747525785,-854.1931500426726],[134.28226529570009,-856.0101368369617],[130.74211304784077,-854.630364146481],[131.92204184306337,-847.0524200108783],[128.63534692238076,-847.2389771705413],[128.30974822799004,-843.6626315054868],[126.90810814473129,-846.6618204460008],[129.7176474493922,-848.3674019155787],[127.29231146002779,-853.252623789739],[129.6518086155734,-854.2832981059089],[126.65162471568087,-853.4688997531603],[126.83730295071064,-836.3885174433233],[124.12406852591327,-833.9025317197829],[123.47082415396864,-817.9232429320805],[119.36984807974467,-807.490181513709],[113.63982855762686,-803.6339089970385],[117.15073635343201,-800.5395526587781],[115.01228395948834,-785.0940571179577],[108.51955485041216,-773.0695207618529],[95.77678072347146,-759.4275049834263],[81.60454004499337,-748.5826967945775],[81.34479433456369,-746.231715588356],[76.38528696197874,-744.7441472661793],[79.47967294549844,-736.2617733691377],[78.08625091645544,-724.167119877045],[74.01777025697234,-711.3812815453177],[60.78211552518515,-700.7824770443973],[66.51240200758892,-700.2535785374863],[65.06705786261747,-694.3113312300394],[55.2894964336665,-690.1184282290029],[51.67339631302518,-692.4535690049516],[55.25910300429812,-696.6127124453159],[59.240414978528904,-695.0644601058609],[58.299094911940244,-698.5307342641607],[61.3427544794417,-699.5538170439414],[58.18959206544325,-702.0009435951972],[55.07115785452375,-697.28363000981],[41.69595996427508,-690.734498501037],[34.10487563944007,-694.1813298686934],[33.288510010351516,-688.6921939915851],[27.10625671097685,-682.9650974787779],[25.63867898537673,-677.1379748927493],[24.32903216649778,-683.854981148504],[33.18912077423521,-691.1554423721012],[32.436613892514146,-695.8561608807913],[30.21643850737235,-696.7460002782966],[24.035792796544037,-691.5811739325426],[24.233311736081166,-685.4226218016688],[21.192267633017064,-679.1451822553511],[17.676821582415663,-678.3554088928498],[15.545108096660881,-680.7043698968022],[12.773793587900956,-676.4450650865818],[17.95803879614594,-676.0037838126117],[18.70760656824645,-670.2924425612123],[16.11966106903032,-666.4800000211338],[12.875374069507439,-668.1563354819682],[10.933277766095014,-664.7937188195946],[7.504123993939522,-666.2473585838748],[5.652216664361595,-664.2298913293259],[12.796417703496344,-655.4967886472933],[5.56939590580696,-643.2774070273209],[19.02822251508829,-643.6275541197579],[14.201688320324784,-643.5087292828428],[18.560436514131705,-645.9801011102177],[18.27339229198608,-651.5823687117677],[20.59351654594252,-650.9138734074231],[26.925337638185088,-640.3929260379439],[24.91070303306885,-627.0508996195585],[16.746393835983387,-616.162733368433],[9.585372017834892,-612.7913983661845],[7.629921998147228,-614.5838192414694],[5.4911163092638935,-611.7797489748436],[8.00173597692339,-615.1446276848069],[3.3499115592655104,-613.9091600647821],[-0.7441089426179477,-618.9536678397202],[-7.348768456714938,-617.8348478545618],[-9.948982634319144,-623.1055983654904],[-14.040151436409781,-623.1097286628176],[-12.476167900571092,-607.1880314037553],[-7.446493765430501,-610.3232634536923],[-4.469496987864553,-606.0610642432875],[-16.59874969035443,-588.5776875701878],[-21.441761734882498,-591.950015710673],[-22.759546826684293,-585.335264865112],[-29.942413071384987,-585.1268225267887],[-28.649451487478498,-579.7396843534389],[-33.31735499973459,-579.0787889323386],[-30.70827858745558,-577.5013713377274],[-30.997327969239656,-574.0246529968475],[-38.09916928563671,-572.1381476024957],[-39.95512057296482,-575.6217835419138],[-38.733155409540714,-578.1977733603427],[-41.708417086308,-581.460747450116],[-44.60722816316103,-579.788702565858],[-44.33894339272895,-576.6468588404484],[-46.941996669954165,-579.3489813920155],[-49.11198812987529,-573.6367527834951],[-51.14877021232372,-577.6836917254808],[-56.4662955766697,-578.2685519962938],[-54.86055242027859,-582.4113522238806],[-50.01179184317791,-581.7170221745174],[-47.75718940909038,-585.5213757798977],[-52.061562914655305,-582.3988005148567],[-55.3155986173302,-584.88108396763],[-63.34960938045927,-582.677773553476],[-69.67350423497342,-586.1901557372001],[-78.47113437130591,-581.6460328540151],[-81.52029569082836,-586.040976814539],[-80.23790033403739,-582.5551438208485],[-84.09793472446748,-577.646165347969],[-92.72936604519829,-571.9889091216277],[-95.22916396072756,-574.7010086668855],[-96.76112292373445,-570.0015475646852],[-117.15568262423909,-557.1690564507481],[-136.90269574710138,-555.6958196606736],[-145.26795320406893,-559.9464694102461],[-145.9732390793623,-563.4334896600592],[-142.57158503886745,-566.5340385905133],[-147.65946572311418,-563.1176078360921],[-155.5588762020905,-566.5840126906567],[-168.17411579809348,-566.530665091791],[-180.129776413693,-554.4737714091372],[-209.977139887932,-532.7367182208366],[-267.7656073332001,-505.1435440591055],[-279.12235151463614,-513.7130465174907],[-299.57531554400134,-521.8430600945281],[-361.4660226521299,-520.2933008398658],[-468.3518743895219,-536.3521668204615],[-493.3738607697834,103.02910077464405],[690.750265185152,94.09451875388822],[641.74563173974,-806.3673948253197],[640.1465737637651,-807.063351487619],[638.4249200163072,-801.595985510183],[613.9259422297068,-1253.9041645783575],[602.392289469608,-1251.6220730476252],[587.1299481219654,-1253.0267097362175],[564.4861951199003,-1236.276110103367],[553.6007910129567,-1211.282346602668],[541.3318720731751,-1197.4018610738706],[542.294025973779,-1192.1320331503293],[536.3693454782851,-1186.0897322605588],[531.195616072505,-1186.6211364831684],[515.4469865071973,-1162.0695479652666],[510.297484994327,-1151.9698351450306],[510.6934154147783,-1149.104604949208],[514.6772426435938,-1149.6171560248665],[515.337445201507,-1144.8783972455585],[511.1855682670502,-1140.1433107181622],[511.1875449826185,-1134.1530527599482],[505.18445268199315,-1126.7838145663352],[521.1807841814586,-1114.5191992641676],[523.4357387375406,-1096.522185965442],[511.774246825295,-1055.206303028396],[494.0324066129842,-1021.0538536809732],[470.54350953031377,-992.2358362201525],[447.38865844971383,-972.7114736822166],[426.86643662128097,-963.1316775500034],[417.56676467344244,-967.6938646013783]]],[[[-42.49854940386329,-595.3709804326716],[-41.95120889563636,-592.0045887266217],[-30.40050643706913,-588.38059477492],[-36.26587411260044,-591.5373181466664],[-34.677076711080026,-592.8783931061446],[-37.18134671054191,-596.9232113346999],[-40.06596134033071,-598.1661309441507],[-42.49854940386329,-595.3709804326716]]],[[[41.45185986542242,-759.8929961589581],[43.22736994130013,-751.9583767478605],[48.568253460209355,-750.4132563535754],[50.29345983528438,-755.6775471911932],[47.538318045833776,-754.8831471124154],[41.45185986542242,-759.8929961589581]]],[[[321.98921739360094,-966.1900107615859],[328.2417639901071,-965.5865359126323],[327.50854617949494,-969.1297349916572],[322.09847947109233,-971.9842600040411],[328.8622604944025,-975.5159042759661],[322.94114379134146,-983.8103246569491],[342.02781073195337,-985.2518474777467],[342.8597392800477,-987.6144456988463],[337.3921761943051,-992.5734367823305],[338.1688858784658,-996.825669968699],[343.73202730034154,-994.6532043352651],[338.73697334386213,-992.8355446211767],[340.4341783225087,-990.3254593334503],[346.97172736346107,-991.8563937329934],[350.9746037660491,-987.7475717606663],[351.3603290982752,-983.9740514998027],[354.9038461911379,-983.1919565957055],[364.7300711884836,-986.3936838968197],[367.5093314090685,-992.6050429476072],[371.81563607399505,-993.2999261078895],[372.48240536085046,-997.7739634779275],[363.979626186536,-1004.402002997113],[352.33963937828014,-999.1428830697783],[336.69218868983995,-998.0065879533186],[335.5370263243969,-1000.5324398605676],[325.1605990303411,-1004.2403339665027],[323.9565702658156,-1014.9977879257564],[311.08276097694534,-1021.871397040876],[303.2210820252395,-1013.0970475727904],[289.34902678334225,-1010.0697369013801],[281.5395214844478,-1016.5494124542317],[269.5368298162901,-1014.3708317245838],[262.094934054141,-1017.2014314876197],[255.14710531630914,-1014.1534944933481],[243.16917178551063,-1019.0092359283902],[239.8678665975895,-1009.1531181000743],[233.51455209269213,-1007.353872133173],[228.19152592918263,-998.9038171730365],[233.27219996076414,-983.7606193982351],[243.21069672209802,-982.9644174804698],[251.15196111402406,-978.6822653451493],[277.1211483457453,-975.8261958698848],[299.21377973874127,-966.3565000604109],[317.7619996648859,-968.7457556168491],[321.98921739360094,-966.1900107615859]]],[[[194.91588487413935,-899.378370756319],[188.91807317075003,-893.9257383524741],[191.4952956242147,-891.9602408395662],[198.9004426536921,-900.1151237513632],[199.87299841896547,-906.9341991612313],[195.55409845194268,-904.6304193528626],[194.91588487413935,-899.378370756319]]]]}},{"type":"Feature","properties":{"State":"Western Australia"},"geometry":{"type":"MultiPolygon","coordinates":[[[[-1630.7835776108059,-995.0839003451774],[-1638.7033376285374,-982.6854905810195],[-1675.9601752290746,-954.8826723953243],[-1680.1659884981962,-955.155250245857],[-1699.814691357154,-945.8392146998372],[-1715.4375311187237,-948.9380306457987],[-1716.053334090668,-946.6580810357266],[-1713.0832541024351,-943.6202142553733],[-1716.035991714771,-944.2840135117241],[-1715.4513161305754,-942.6161920179532],[-1718.1498278559584,-945.6144026764696],[-1714.9689762321134,-948.9813989974676],[-1715.069064918145,-953.2869999490193],[-1717.7152578237508,-955.3738957081911],[-1729.5824305488472,-943.3662906640485],[-1729.199832054332,-936.6442306666956],[-1735.1349740364321,-926.6859754195615],[-1735.6362395731664,-917.1551026279192],[-1740.3740255732455,-901.0220052219537],[-1739.3873960539086,-892.733110999296],[-1743.2352415930645,-882.5663707531629],[-1739.4406537242057,-874.9853569718956],[-1743.3814014212164,-863.5839487614177],[-1735.0106402628387,-866.6320071744115],[-1730.9918315504501,-872.3675471122317],[-1723.3737576323904,-874.1766664056009],[-1708.5171946038772,-870.8541974623377],[-1702.9415508513514,-865.7403565059974],[-1692.6598401091776,-847.5067049186107],[-1689.3280842582742,-830.6250148578065],[-1686.3632368264196,-831.7797580350093],[-1687.8074909730676,-807.553842291554],[-1702.2169190272714,-759.7183173127871],[-1701.454656808863,-752.0200591756035],[-1695.175833313234,-742.1656101507316],[-1693.8320390201036,-746.2757528206629],[-1697.7323703432119,-748.5371549265278],[-1699.9219793871325,-754.1765657867815],[-1690.7074493541993,-771.8686347477003],[-1689.8891291574926,-767.7883776636463],[-1697.6871714018414,-753.400467854505],[-1689.9271926743477,-755.7922341757757],[-1687.4360700355912,-754.1886413028049],[-1687.7054443544728,-749.6979489823487],[-1690.023678668444,-746.6337238515637],[-1693.7361379581746,-746.9414519031606],[-1695.0358119202974,-742.485213221497],[-1692.8698580735484,-739.9080798429909],[-1692.9140411441592,-731.7592024837576],[-1697.2983313827392,-725.4801770208795],[-1694.9835640020872,-721.2950277875899],[-1701.5452675710821,-714.3093659404474],[-1696.6833251953042,-714.0619126118056],[-1694.3886597943126,-705.1205475765308],[-1696.1894627233455,-699.1466773405118],[-1698.840142868835,-699.0745306047207],[-1696.8688648961672,-695.7311529526145],[-1700.5647667976116,-690.3692030603055],[-1696.2892721752876,-684.6542044648204],[-1693.2278210173888,-686.2553323825547],[-1690.7895842742787,-682.8461731392],[-1688.8884450749886,-687.5610192143329],[-1685.289401208284,-685.0073265886849],[-1689.404017791758,-685.934760936279],[-1691.5624657800522,-678.7630983733202],[-1687.7971468410167,-678.6784515061285],[-1688.1643378918084,-675.443963862946],[-1685.2130471965281,-676.2698606658597],[-1680.7434042394345,-669.1737379355634],[-1686.1301661658165,-674.473780261718],[-1685.3981771037415,-676.2962393253737],[-1688.2118980597502,-675.1107201268687],[-1688.0906411525673,-678.6070054824609],[-1691.8718840147376,-678.5806734235026],[-1694.5666329604912,-683.5003644575163],[-1697.8426593277957,-682.3835917939967],[-1696.9304078210687,-686.1063663193231],[-1701.336383969512,-690.2536131529546],[-1699.319093942065,-686.562949167018],[-1701.024835291318,-672.0717629251732],[-1706.9825413865979,-654.3341926714074],[-1728.6435999419411,-621.2839213158073],[-1740.1043257140561,-607.8618760290166],[-1756.9032091440215,-575.8135177164331],[-1767.7779904630825,-561.6320219527227],[-1770.933545132425,-560.9635781169649],[-1784.5270239803033,-535.1480212035401],[-1784.3849808287198,-531.6039395464509],[-1788.9571181953497,-527.2855806196645],[-1787.8614155457335,-523.7123543894218],[-1795.2716666107956,-506.8602963248936],[-1794.1475860778144,-500.8944755810417],[-1795.961704059822,-497.75520979487743],[-1799.1290439211732,-497.77465796157105],[-1800.042967060806,-486.5419610820421],[-1805.8157644031435,-478.1973920240132],[-1805.3983495614098,-463.0100834631294],[-1811.7120204882574,-437.0019619317841],[-1811.0512661694597,-415.63112724422854],[-1829.3135650180466,-375.3678173774143],[-1855.9960345955474,-351.98619771265817],[-1859.3369694478406,-343.5026031786315],[-1863.0626682955829,-342.7065376207291],[-1859.7079208009247,-339.802135299097],[-1861.5653963216027,-328.9281193294416],[-1872.152824636307,-311.4203925237083],[-1896.668572213781,-285.0225281321676],[-1905.4811086355844,-281.2668871079144],[-1913.0554454682465,-273.5627691613086],[-1924.1984554235305,-245.68232669912769],[-1919.7501399621954,-225.72767588700364],[-1920.980326355608,-223.52716019922454],[-1921.1058506472773,-229.01634998382752],[-1930.2388582208246,-207.20113976065917],[-1948.2819899314343,-179.15773914626993],[-1971.402411534992,-148.29053368795934],[-1994.1946450667615,-123.78327452845814],[-2028.1045093370926,-97.01206706776276],[-2031.760604397818,-85.63381492762042],[-2046.2123059866426,-71.80819629598464],[-2035.286227264336,-74.46296816920193],[-2033.4835228457064,-79.98475423142975],[-2034.6512225007846,-54.514370343291034],[-2026.2185983076063,-89.63256263970158],[-2023.5096594931247,-88.50643706329213],[-2021.113104931047,-95.87124558925389],[-2018.7147921487135,-94.68251892746964],[-2017.6622974872932,-97.47648803262454],[-2024.15005223064,-85.18938446490388],[-2026.0147809255152,-85.37941058080659],[-2024.807006339116,-75.03241127528936],[-2022.630869525968,-74.90617108131839],[-2028.4153859435628,-53.49683854742025],[-2023.4470939884093,-63.74936111158934],[-2017.8903501001757,-68.43414031204314],[-2009.5238966738762,-86.80523062725759],[-2010.2150154876692,-89.31170921864496],[-2008.243149475509,-89.79077169362772],[-2008.0816374535418,-93.86965929979961],[-2010.0206296544197,-92.35905517160447],[-2007.6860711049924,-96.31430455115556],[-2009.1235062056003,-102.81883509002476],[-2006.9092386774892,-102.34627229336283],[-2006.156360580433,-90.36556932778464],[-2010.4774424397278,-83.99485287180212],[-2009.4973488828668,-80.18744675314814],[-2006.8361946279451,-79.98535051739967],[-2001.1769001775378,-96.5170390499996],[-2001.98768783968,-100.75267145275069],[-1998.9159663274354,-104.36200771633585],[-1999.52239837998,-112.32747729105768],[-1994.1799407592027,-115.22924155386774],[-1996.3981124619468,-113.19201315792182],[-1997.2379856847751,-104.88975800120454],[-1995.6115039466338,-102.00549463965305],[-1993.9412044988514,-107.43758550437856],[-1994.426057177383,-98.85045294298733],[-1992.927576682801,-111.26513989415582],[-1990.5720994142634,-116.01722282178974],[-1988.849504726234,-113.11826521936774],[-1987.457953152223,-121.78790652886651],[-1983.6984258521554,-119.81696092231667],[-1986.5121875407756,-113.4273829253482],[-1981.2821493549438,-114.41403667927716],[-1978.826480370767,-110.48767069445147],[-1974.61850494254,-112.55231787657294],[-1974.9297943812883,-108.72622582889986],[-1969.1628143946994,-99.94413444369995],[-1972.4105299742384,-80.74196402149842],[-1981.950788742375,-72.79971067891321],[-1993.2575138482466,-70.73174967196316],[-1999.8729032429983,-60.621869694594686],[-2005.9328656950352,-58.97515759374308],[-2010.685330101121,-42.52688596945385],[-2015.150788321566,-40.28400319834136],[-2016.8602737481192,-32.80803068336255],[-2022.7098681775244,-28.85294798249708],[-2023.3023775133493,-17.776376535966257],[-2026.0744961149405,-17.997879192019965],[-2022.263271677636,-26.044350431011843],[-2028.8148245365849,-20.267034386215443],[-2028.8417781329583,-8.984632574972231],[-2023.32603799087,5.930512643193944],[-2020.0702058728264,-5.5117191163882255],[-2016.2425423084833,-8.085249352546874],[-2014.243911450318,-6.167177172987069],[-2010.384575422473,-15.803987417301116],[-1997.5083265420565,-22.969368923246524],[-1996.2898432748489,-31.20838695828089],[-1992.074585168666,-31.90209759630603],[-1993.7405966041922,-40.260555545172984],[-1992.1514528122646,-45.81930820938025],[-1995.1965994994334,-51.777935194678854],[-1993.523854556619,-60.97101149546492],[-1990.0409903607092,-65.88489754426159],[-1992.1184174066984,-68.49730163303131],[-1988.1983923488995,-68.66787798032054],[-1987.421258784832,-66.03596222440487],[-1984.9421430837451,-69.05956442971419],[-1981.5629544203118,-63.961537977338445],[-1976.9717201032088,-50.12505418348099],[-1979.6839073724234,-37.45035092789542],[-1975.422030142344,-40.99054954714569],[-1976.4379890059395,-47.191345192790024],[-1973.2475094027093,-56.59984050278706],[-1969.273679970465,-58.3635947529162],[-1969.5634872948272,-65.36091812751593],[-1963.3246932452666,-80.2145177045724],[-1951.0446173385337,-92.40943634730458],[-1940.0937624814455,-80.32522544306555],[-1938.0747695603438,-72.8329037402597],[-1945.250882740978,-58.801374464939286],[-1942.8028884212736,-51.46996994872219],[-1941.9073458622277,-56.570445234950114],[-1939.331320313307,-53.890562436078476],[-1947.9746848990062,-36.898884005430965],[-1941.098937044566,-35.484786606006004],[-1943.9060448332934,-29.65727408269202],[-1942.6113498713516,-25.127349415060472],[-1949.2738825381339,-22.1795654964895],[-1957.5161392867685,-14.925884897989878],[-1959.7564104873422,-9.581544870545205],[-1973.0100777985276,0.7503662517293603],[-1999.068302977679,47.20014901566634],[-2009.2516486291954,52.295866357982305],[-2016.5551904238096,61.37897175249446],[-2018.0895179826787,68.42399378266006],[-2015.823530657859,72.54683823202792],[-2019.0691948318795,75.78554496569217],[-2020.3497246766833,74.32682381493818],[-2021.4578046445483,77.4525138402084],[-2015.7346154782072,81.44628929025117],[-2024.3572601998344,79.15085529705203],[-2025.4801894573086,91.15933711324118],[-2049.249207857209,114.20204285821852],[-2053.782993226201,124.62898562619779],[-2058.2740506471782,145.99582877472264],[-2053.783174671008,151.5089095085271],[-2058.3684042163286,166.5932980929376],[-2055.2210720353532,170.4062490452862],[-2056.1976242128244,183.34126002871508],[-2052.8070355137324,189.46841761504356],[-2052.3452721968824,197.96648960903423],[-2049.3868790589468,200.49288228967265],[-2046.781859576482,215.36599889757818],[-2034.670478680291,229.0273351275573],[-2032.9888933454818,235.77999247880774],[-2034.5000611669027,254.87456738209607],[-2041.183216522281,274.2770155726567],[-2036.6541375833642,279.32016640982675],[-2037.5482611097307,293.95671433409524],[-2048.1480029333266,314.6580404076834],[-2053.4902203978622,318.4633447467819],[-2057.3682107717245,317.61437150496755],[-2056.7753506454806,324.1878374049269],[-2061.429056688434,332.64644453725117],[-2056.483198745903,340.3711247705337],[-2054.912494086794,353.11979789939767],[-2049.466783539452,365.57458463254187],[-2044.0565049359222,403.7881882713248],[-2039.4749469665778,416.0885387562431],[-2024.230866967623,428.5823852200044],[-2020.6926088582302,425.8460680102631],[-2024.040671459927,419.4230667366037],[-2022.967613280659,409.2660985646458],[-2026.0232140963988,386.5422380067615],[-2018.8006995757946,375.4158874793999],[-2019.3147626311902,367.5016673737202],[-2013.5196170602185,371.3611859827355],[-2012.7364891813793,365.69369213251423],[-2017.2504410301299,358.2877928168495],[-2015.262635294279,347.58442430698824],[-2013.4384556250718,348.4381523634762],[-2013.0007123246608,344.98623628181963],[-2012.560778926832,347.44000144202346],[-2011.2600581186439,345.7130722846932],[-2008.6694741549275,347.5945522667693],[-2006.0547341696833,355.2700470311716],[-2000.815403772949,358.6975523521928],[-1996.9358264303655,358.278687410295],[-1993.5667846245847,350.5136472464087],[-1993.5107114245457,353.47421770340185],[-1990.1533900511001,353.0860899319495],[-1990.0323220630069,356.9646749498843],[-1987.9335849916313,356.7216483235309],[-1990.8295625732342,359.45226686602655],[-1988.2163360249417,361.2186009302188],[-1990.3781306302626,365.1977962929842],[-1987.271009079436,365.1104395881446],[-1990.213124213567,366.13137816357073],[-1989.6534076152443,369.8500269917235],[-1984.9143212957601,369.21961636540243],[-1989.7945079004066,372.0981938692939],[-1987.9919148528472,376.4623032283923],[-1984.5714055663968,373.0177429261176],[-1985.2035281446865,377.11932439199455],[-1988.6365383777836,378.6325281724968],[-1984.4889337013421,380.5203496379502],[-1987.7892634677928,382.50814662767436],[-1983.8032514667216,382.10111420447384],[-1987.1020832097054,383.4084581407859],[-1987.4626304861174,386.41663354151217],[-1982.4994292884471,385.7058409741886],[-1988.0468429797163,391.54602351262537],[-1984.582724959191,392.5334222194042],[-1982.322929670657,389.93109836483274],[-1983.9497661106527,395.80750704998354],[-1981.221564403677,394.8654197605581],[-1981.2839801437058,402.0027700880596],[-1983.424415895629,403.1487042064227],[-1979.888898135312,403.69150505398954],[-1979.9634368149243,408.8977859325689],[-1977.9559946684938,406.5966873003499],[-1979.140493560754,410.95210469487336],[-1976.847556194553,409.4885842844741],[-1976.1603832248218,413.1096481586685],[-1975.433957011331,411.0659031457637],[-1975.5058671174443,416.2718111396526],[-1973.9373684912982,414.81044778494265],[-1975.5238788458714,417.74332527515065],[-1973.3498254350802,418.4157165467773],[-1975.1203499500016,419.1658383501213],[-1971.1937643750575,422.6001807133346],[-1973.3182005867034,422.2760451843557],[-1973.928521187037,429.66646135381336],[-1970.2845920452885,431.5825713125873],[-1969.7950864055713,427.68892977108806],[-1969.2889679039752,433.8882251679871],[-1961.6759030862659,437.65191974972566],[-1949.6180549471542,451.14663332910084],[-1943.22528947717,454.1465893548305],[-1946.441663117523,451.3976217204025],[-1943.6991028370535,453.8489149478215],[-1937.1483771243422,452.33724179993555],[-1930.972301978515,460.282978178362],[-1926.9762706490292,457.81900708700397],[-1928.2214649589837,459.21977518969624],[-1923.7875968975939,460.78470700586877],[-1925.507044905299,461.8887383216544],[-1924.0122090581638,463.6964127951316],[-1920.586984225683,462.2786382020089],[-1923.1838765649618,463.706017719974],[-1920.9779824441891,465.6186506824571],[-1920.040761911205,463.4921865567395],[-1918.1755300507014,468.41178837602115],[-1917.4581257230361,466.3660129910153],[-1909.4966726394985,469.3523959507419],[-1907.7128739286222,467.8029448433325],[-1909.155791619316,469.85553210060255],[-1902.5761896125387,473.0866611674083],[-1901.5115904884954,475.7336552329163],[-1904.6157170138458,474.2594758988922],[-1901.657735459843,476.73124536203443],[-1897.8956877011524,475.1306684019268],[-1897.4631242376881,479.26969783146365],[-1897.018266594507,474.8060607690148],[-1896.3336974372041,478.6422267091956],[-1895.0029591029167,475.2136804742495],[-1895.074917425654,477.12784272559634],[-1891.7639603737487,476.47865772315936],[-1893.6642178658458,478.12618799566786],[-1891.0615648452151,480.20365023457447],[-1894.1608439568272,482.2424167934653],[-1890.9425442352717,485.0885716927211],[-1892.0056623806481,483.12258798706233],[-1891.2426828058412,485.72404411467795],[-1893.195058697446,484.8736518087032],[-1890.4098317170808,488.5618538263438],[-1887.3101064050418,486.52237720956714],[-1886.963599952566,489.855091992599],[-1889.4425144237741,491.19262387389057],[-1886.5367162717314,494.7837013311611],[-1884.8818969630952,491.96807425295697],[-1884.0416279927385,495.4850801568997],[-1886.1941263634196,495.2861049146497],[-1884.7859858829574,497.75369920545194],[-1883.2062878524603,496.1719569097816],[-1884.4592911482564,498.36687647158965],[-1881.5563801486906,499.12674902444655],[-1883.704022493628,499.6079361375437],[-1882.4020886601106,501.38067624242933],[-1879.1884310908972,500.7138817708853],[-1880.8801413363476,503.0718605185808],[-1877.606653503029,503.43165163920565],[-1876.1240825958118,508.28437175247785],[-1875.58486247952,505.9861938916549],[-1874.8321491298882,508.6968483752521],[-1871.2801275447412,507.85053461232286],[-1871.1249828441448,511.83236740814147],[-1870.9524823498057,508.4633110601045],[-1868.2250401735866,511.9095587052891],[-1868.2251138078107,508.28951939607543],[-1867.585047937972,513.2457282362731],[-1864.720545806811,511.394017930891],[-1865.9073804904594,513.1469595636777],[-1862.090413927991,513.354179010777],[-1864.818521813496,513.5292245971016],[-1862.470951255256,516.0144181530945],[-1863.9725504539153,518.5141313713208],[-1861.3068664457383,518.7823008094788],[-1862.2215688645588,522.2707424508508],[-1857.384954015004,533.590835659613],[-1857.6339033445943,530.9546853445208],[-1850.7535946749824,538.9430954105791],[-1840.3540325999395,544.9359810296642],[-1839.3370552952915,539.2014753708519],[-1839.7256714439757,544.9115548368884],[-1835.1472583215873,544.199904529878],[-1836.0874138526785,546.4412158904356],[-1831.5580719552452,549.7900546768323],[-1832.395465466202,557.244045200282],[-1828.8925637259406,559.7688851654863],[-1832.4953445087856,558.6990168352938],[-1831.8161419294229,565.0087470965008],[-1826.3148265018062,562.9541485756412],[-1827.554228520601,560.6341152333003],[-1821.4383972800374,560.1323757608385],[-1817.505760069556,566.3287609097529],[-1812.2431366702067,568.9797962862394],[-1801.9776812249565,567.1232117283794],[-1807.813031184763,569.3672471327094],[-1803.9661786743986,569.4468233748629],[-1805.4799179851527,570.5932576567963],[-1801.9184059283223,571.9881209254434],[-1803.4168728860764,573.0239137073114],[-1801.133016004371,575.3715370281302],[-1797.879310924289,574.4639939446805],[-1801.3422197792888,576.1332676961754],[-1800.4297309892515,577.8399330122871],[-1798.2821171174646,575.876741995535],[-1800.3012285949512,578.4222612655092],[-1792.197336678612,579.4219762314274],[-1793.8171106766918,581.3454456771276],[-1791.048190953661,583.9829411986086],[-1790.5551883598666,581.9051060852706],[-1790.1869723441114,584.552394929266],[-1789.7853785537766,580.090890861313],[-1789.0378033475088,583.0159170674458],[-1786.3527165458725,581.6890878962583],[-1788.9959863699187,583.4732659449214],[-1784.0660641171296,580.9848737970228],[-1786.3445794341665,583.1579947001104],[-1784.3212558436637,585.9178321537767],[-1786.4353545891781,583.8230359123665],[-1789.1511070679378,585.3714609982952],[-1781.965956226375,593.9150509112798],[-1777.63331764994,595.0681450390714],[-1779.7044052940482,596.4800368086713],[-1775.0183598529222,601.968863706211],[-1777.1422219013702,601.4553221237145],[-1774.6826788750877,607.2054974462618],[-1768.7909344459747,608.4529866400901],[-1774.7947731164702,591.8410648664436],[-1770.0356567386916,587.5185481610047],[-1760.1547093877448,588.512084278485],[-1760.1322045364018,585.2417368190291],[-1759.728098830203,587.6664538936051],[-1757.0046672801752,587.5807556486463],[-1759.9348792211822,588.4287647139271],[-1757.3072555384156,592.1676651118765],[-1753.2237213153674,593.6178123665533],[-1755.4505607075166,593.883825794021],[-1754.4863342058334,595.2544166761523],[-1749.5232534446193,597.1595077511156],[-1749.0221169480794,594.9694905310424],[-1744.0329409458088,600.5995641970928],[-1742.4476733845167,597.3125681335127],[-1739.8990594625632,597.7641103255252],[-1735.1693478171878,605.3863366535741],[-1732.9559957625363,601.2792294756476],[-1736.5897227268433,601.1366952682462],[-1734.7725673774405,600.0234660555468],[-1737.0717505048046,597.6879328392265],[-1734.6698128039186,599.2472819834898],[-1735.5912468873034,595.1761265934126],[-1732.5013351672926,597.0519660292018],[-1734.9020887408872,593.1234979928563],[-1732.0465687010346,592.8244094680934],[-1732.8526278962777,595.7643571296484],[-1729.0741086534767,593.2171708736246],[-1730.040372088623,591.0584869419084],[-1729.5573305506866,594.5073759218423],[-1725.0626120222605,591.2638146641067],[-1716.571262054016,591.7026331484204],[-1716.207768843391,588.9295383204708],[-1718.8864276096226,588.6909801009887],[-1715.5217014419732,586.8756097846139],[-1714.1260309906136,592.1357423966243],[-1712.170683786324,586.7501505541954],[-1712.0056034376173,590.2694532203286],[-1710.250039519865,589.5962644155162],[-1711.7096930405544,592.7902469724036],[-1704.876660719066,590.7482740424678],[-1706.78972513626,593.4323294477035],[-1696.5619048021797,597.3555249441018],[-1696.467173288088,594.2093496067654],[-1695.7990767182866,597.9054731100603],[-1691.4924374971624,598.4621663303818],[-1692.348975877041,601.0585242196869],[-1688.4750901626032,603.362702982198],[-1686.657191894816,603.8223079698503],[-1689.5965196720156,600.7369632508135],[-1687.0441983542837,601.9680364529528],[-1688.0370523262493,598.343839417062],[-1685.0802661803104,598.0477162174532],[-1683.3032404528096,603.6895729727886],[-1680.4428804758404,600.8989009180165],[-1674.1871947917039,604.9698034928924],[-1669.6767069741625,604.755741512233],[-1673.7025646627221,605.2572145412394],[-1665.2575271077062,612.6465132220226],[-1665.3157356183515,615.5703160344195],[-1662.0905904551341,615.6410954187058],[-1665.1766720210392,616.9407711643875],[-1664.1090487664337,619.2180683647509],[-1660.765472135783,616.7107425464699],[-1659.0013114465742,617.6102804448342],[-1660.509909678768,620.4630137215812],[-1657.8250812955448,618.209836665682],[-1657.8112988107496,620.5787225030284],[-1654.6598830192947,620.4128235548442],[-1655.434512239805,623.2457118292217],[-1656.2565717632983,620.6622941085968],[-1658.1288542573748,621.4403525794523],[-1656.6111009969402,625.126072238312],[-1659.413056473209,622.5179479041575],[-1658.9697523910024,628.0967683543594],[-1656.5267809150616,626.9400150432552],[-1657.9280105285866,628.1156253103214],[-1651.5265093506134,631.1761084804916],[-1636.3643596347952,646.9309156982049],[-1634.1808734261945,644.4988889372815],[-1637.0758881244128,644.2514082188194],[-1635.9037935644787,645.7490931958683],[-1634.056781722846,643.5004529160138],[-1636.2664936322526,644.4648113631866],[-1634.2487790433186,643.3639365942145],[-1637.4645378563264,641.4992661369678],[-1633.445825180676,642.7878068224247],[-1633.9856344775228,639.5663347661774],[-1632.4858150891791,643.4703058152364],[-1621.8664658424238,645.4603558336049],[-1625.1867697855291,646.965275845121],[-1619.5660122341865,649.6859953194573],[-1617.1126482201798,645.0321143929575],[-1616.9118656754836,647.6473484645564],[-1612.8236965867163,646.6851676804389],[-1610.7204711137797,649.9837595597467],[-1604.560018444264,649.1600375981061],[-1605.0013863338634,651.9215414953873],[-1602.5657051247126,651.6554146057191],[-1602.8371024719922,649.5953308976839],[-1600.4540958521725,654.0519717310627],[-1599.1631001344365,651.1685995109706],[-1598.0721394497962,654.2288758201009],[-1601.3724265742896,654.7284632719898],[-1597.0922533231296,656.4872015349515],[-1598.1286590397895,650.3934416919435],[-1596.1195748698312,652.7768577886434],[-1595.2009935681374,649.5101126187977],[-1595.3806611535324,651.8530535036284],[-1593.5047628322425,650.1661377348981],[-1591.8352431886863,651.0438967360146],[-1594.6868477402038,652.162377511521],[-1590.2728281562452,652.8092551636049],[-1596.2541958960326,653.8865394917246],[-1594.302435046666,657.6136008985857],[-1594.0201645586951,655.2833357282353],[-1589.7257235182954,656.9287195927145],[-1586.445526482387,652.2579434659084],[-1576.8567944244294,660.2779640011416],[-1567.6712690438249,660.3619093194552],[-1570.691253805915,662.0281031591925],[-1569.8042566630688,666.8613007493099],[-1565.1822882063489,664.0348200200057],[-1567.517822189696,669.6096575396059],[-1559.108538186217,679.8347211668485],[-1556.6885254360034,690.3584804259228],[-1549.0367121639767,693.8460800397181],[-1546.7431331294883,700.1884601679402],[-1534.846764325289,694.266694249641],[-1538.6688453239774,695.6211689401572],[-1539.3413998962096,701.3907632242951],[-1518.120246626619,699.9118514882556],[-1518.0066529192509,698.0133468955829],[-1507.6995066580635,699.4192863513936],[-1496.8349212785602,692.2227537493385],[-1488.2752072083888,697.0135387782752],[-1484.1714516476907,703.3212529868429],[-1484.6308063688184,698.0984364095714],[-1478.357565770743,700.9382508745686],[-1478.9332354374062,705.145295966759],[-1481.410454469166,705.7669440135355],[-1477.7920645757436,706.1722255313457],[-1477.84604309042,708.5265433081026],[-1467.4237887151098,708.002316998538],[-1456.4108862519872,713.4910596341409],[-1433.971853312828,717.9665286266726],[-1390.6307918393413,738.7645437088123],[-1358.9528460962986,756.7542942100639],[-1343.1592726615665,769.5815969555423],[-1323.316057940001,792.6549139566107],[-1307.3556696542087,821.6884354772643],[-1302.4778383655664,837.5109073707159],[-1304.0126103086006,840.2726075031454],[-1299.1257386260772,840.9732069025468],[-1301.5565180404726,839.9524865547435],[-1299.5067499070312,849.2217261094903],[-1295.9582258115463,855.0520476561891],[-1294.7192343587742,853.157209035846],[-1295.1471352990432,860.8393388439611],[-1299.1819013720617,863.2458996907815],[-1299.7791161298214,867.2169255394635],[-1298.2464763167593,865.5751803087646],[-1298.0216725214564,867.611469294863],[-1293.0255171119377,866.1930413270858],[-1291.482254167544,868.8041840741893],[-1286.917912461798,868.5727839023043],[-1281.9857163057766,874.417370261242],[-1282.7051186660624,879.7186580826534],[-1289.5513588958909,882.7525975686792],[-1283.820539708749,891.3569761755601],[-1282.8106886000028,888.5456782830345],[-1281.2326309718503,893.0586846337312],[-1282.520087568968,891.0341701969082],[-1284.2426700393878,893.5533631433921],[-1281.8663257804023,897.4714330419654],[-1279.3183136007842,898.4976868052968],[-1275.6664082421578,895.7146554050333],[-1268.1471344578222,900.1183911477362],[-1257.0462159901824,913.7962151352962],[-1249.522918286342,917.1812473852252],[-1244.1594999443585,925.6135064829099],[-1243.544148655841,923.5474666952492],[-1242.4392168396846,928.7895077282319],[-1232.3462962578217,933.1823721638084],[-1227.5534885627328,938.7592784934862],[-1227.4644925926927,954.0666918196948],[-1241.2280008994508,957.0472986539795],[-1245.2791147048392,950.3082662958085],[-1249.0081491897984,953.8710682965745],[-1246.1456445710744,957.3745332554732],[-1246.1118215406132,966.1974530725786],[-1249.3371612547362,986.0994919049277],[-1256.4301062810398,999.3864690450222],[-1256.508474230683,1032.3835951292924],[-1252.7281890630657,1035.4087361226236],[-1251.4027090864158,1041.8831092694727],[-1249.6902021088938,1040.7040848860745],[-1249.718688323481,1044.4898472274472],[-1246.1700868325984,1046.5993048958087],[-1242.1044533474662,1045.4128513123203],[-1245.5845679370484,1047.2101833215247],[-1242.3475218270262,1048.064356022379],[-1245.261863361671,1048.3539043340015],[-1244.2777129379858,1050.449517189857],[-1247.7361306486318,1047.3464746738343],[-1249.500069899904,1049.0778718803367],[-1239.9432189212669,1059.20044955333],[-1238.7442652955306,1063.6532014856184],[-1228.3204668927076,1071.503954241423],[-1231.9826596939631,1065.8277513263413],[-1226.6063498831134,1066.7601570210343],[-1227.869875143847,1075.9976523853145],[-1223.0281059312601,1072.2044208215536],[-1224.103909896976,1069.880870872014],[-1212.946964288113,1069.6577981070766],[-1217.7650992040374,1073.2341195923307],[-1222.5042789297454,1083.0486308836241],[-1220.9715585256743,1085.0783817485826],[-1218.5698839036158,1083.4020554753392],[-1220.8012525979334,1086.7629535931644],[-1218.461192763061,1091.7577123546553],[-1211.9058972762296,1088.004149666775],[-1201.8118872262285,1091.4594414578216],[-1199.6763136286825,1095.2081462303445],[-1200.9127952137712,1092.2064375506625],[-1197.6055448851885,1094.8344277643791],[-1196.230891492759,1092.6191625841088],[-1197.0058547258952,1095.3322141620074],[-1189.7594179149826,1090.9619230740109],[-1192.4195009823961,1093.1764506955408],[-1191.0746782798994,1096.1866921860058],[-1197.9836925590819,1096.692291517984],[-1197.2884129628565,1100.9804792466564],[-1200.152802254365,1099.393294882472],[-1201.8869972237953,1102.0210062750348],[-1199.7032174011129,1112.5564399530954],[-1195.9830728506593,1117.8870870503144],[-1197.3202585618913,1114.767637142251],[-1193.3764368396778,1116.3368166307632],[-1195.2369358719982,1116.729592257359],[-1190.7967571187428,1121.2318893702084],[-1188.2383475123336,1120.2324083750575],[-1191.6203650777204,1122.049212118651],[-1186.315108730435,1125.291042051779],[-1187.5431506883479,1129.5188281682385],[-1185.2181576833823,1136.166636524724],[-1181.8914008347742,1135.0107439492585],[-1178.5690345169608,1137.6316633641422],[-1178.9712501835445,1134.8189942012264],[-1173.33278972515,1140.5273389302288],[-1175.1811545316393,1138.2572621799497],[-1173.3709243806188,1135.968634296817],[-1175.448831303639,1135.1230210649635],[-1172.1376600017613,1131.6298441774327],[-1168.5093487626677,1131.9412515616045],[-1171.601867943946,1127.8973833594202],[-1174.2551230605552,1130.0029568816906],[-1178.301991996259,1128.320153075593],[-1176.598842092623,1126.022123347781],[-1179.0953893337273,1122.5829552361226],[-1175.0258524581207,1121.4894376048956],[-1180.2963159320948,1115.3641787477873],[-1175.503446466326,1113.3327393535483],[-1175.2384182166716,1109.0192226569372],[-1172.7040728843967,1113.2405564612452],[-1170.8470924698083,1111.6214111861696],[-1168.9046875553465,1104.0045552100091],[-1165.9038093484496,1104.0395792599143],[-1165.529501067444,1107.1852881439631],[-1165.2175541031843,1103.5423245243794],[-1161.6588942224407,1102.067260604034],[-1159.5608400648293,1105.1375445428782],[-1162.4794562692093,1094.1003846254625],[-1156.998609447743,1092.6768597757489],[-1153.813274906782,1086.717956744641],[-1156.2677329204814,1079.0546681502487],[-1149.5400112909967,1076.7325595662346],[-1143.23288314844,1070.4766372290228],[-1139.473154923362,1060.1073621742667],[-1127.984152581628,1045.3692877064525],[-1126.8465476646816,1038.1137111769435],[-1119.5405803451008,1034.9328163289738],[-1112.9789710045693,1027.7879447838995],[-1109.0485994909068,1018.8636236702295],[-1105.224099858887,1016.3911429717547],[-1104.4877429204591,1009.9880368286163],[-1102.9955391435374,1017.798799170733],[-1107.7925188142067,1029.5502574790778],[-1104.2663099012366,1037.3008856172623],[-1103.221992746646,1053.3085804204425],[-1101.1016321354793,1054.8168098580227],[-1107.93547996591,1063.9440879041488],[-1109.0444202942788,1070.9758610886922],[-1102.3196343412592,1075.0841382162441],[-1100.9072946307874,1070.8592801757375],[-1092.0527050620713,1068.45884498435],[-1086.2102490753446,1059.5796328671945],[-1077.8895193803241,1053.0086460499786],[-1072.628267866308,1053.9824785945023],[-1082.0079964557608,1061.8075015303943],[-1086.7767705542478,1076.0031584227422],[-1070.8450833698612,1095.0634642598043],[-1071.9229177029858,1097.8694366081907],[-1072.584611998446,1094.0368240596363],[-1087.5905559618536,1086.1719845205391],[-1097.9418801429808,1103.021290280706],[-1101.1454864756954,1102.873596283334],[-1108.617136901927,1110.3826338242552],[-1121.0514814370817,1111.5877499324629],[-1113.7927628273426,1115.9626927492634],[-1115.2996660642073,1119.9516884978714],[-1109.4545480138863,1121.9847613720276],[-1110.0609389823633,1124.1578945982735],[-1119.6436783346269,1124.4852325653292],[-1117.6836082274363,1121.5345038716544],[-1120.2972789932917,1121.9866633551308],[-1120.6465040837277,1118.4014984026546],[-1122.811096785059,1121.2240701872756],[-1120.8123096646332,1121.7220407027476],[-1130.4009869990177,1128.5978505136907],[-1123.0004238192441,1127.431619862595],[-1125.9708177594714,1132.186670527294],[-1119.1075442894858,1128.4184561995362],[-1107.2897742422608,1127.0501373734337],[-1113.881229546349,1130.1797839622714],[-1105.4873166919822,1131.3073450128686],[-1123.0099897798384,1137.985591732646],[-1114.7168586350824,1137.7770815307792],[-1122.9460998250875,1142.4340603246537],[-1105.6681169841963,1137.5137460856809],[-1102.5547127987224,1140.2093923304508],[-1110.3362191761585,1146.0202517570042],[-1106.578308281942,1143.4378679268914],[-1100.8017514918897,1145.1266561936875],[-1111.1512099659078,1153.3940675060264],[-1112.8883118026229,1153.5857364894894],[-1111.2294762986849,1150.3896165103372],[-1113.8469751790597,1149.5100614746368],[-1119.560298002431,1153.5956271792595],[-1119.7320800954278,1155.6912158466998],[-1114.3778905743227,1156.0180307611622],[-1117.0080102571394,1157.9127341463497],[-1112.4715596876101,1156.3954685578174],[-1118.3118622621942,1160.6926066093306],[-1114.5958604918276,1161.3292528372017],[-1118.6069845136635,1161.6675857775629],[-1119.5557390524016,1165.364175986654],[-1105.335959346147,1169.2960867709269],[-1104.132506245073,1165.064688666159],[-1104.2391549194435,1169.051753362892],[-1101.5373161016842,1168.9367339750308],[-1104.4617732240563,1171.808295114056],[-1096.8121519887313,1167.7628164519654],[-1091.6725707312473,1162.7356111185752],[-1096.3070596120838,1162.8086334137215],[-1093.2182611453597,1157.8387374898964],[-1094.89189263693,1159.9249588916518],[-1094.7239585037423,1157.8291841836938],[-1099.2056160484692,1157.3583113590955],[-1092.8572753857165,1151.983380776376],[-1085.2707687635807,1151.2560367622277],[-1083.764042734268,1145.8237641179935],[-1088.248086003782,1148.1321056715385],[-1083.6932551561636,1138.1663435577195],[-1084.4185195635846,1141.8849165959318],[-1080.806859747527,1141.0608627077922],[-1083.1195470103485,1148.5399445897424],[-1080.3697788255354,1147.7584714639509],[-1083.002128977691,1149.770663746753],[-1079.611038878408,1149.0399085005977],[-1083.5572190269784,1154.0567445058698],[-1076.97697884164,1148.3596567099044],[-1071.8685574567673,1147.6513242445922],[-1078.2736363061085,1155.252009440434],[-1071.2614414186025,1156.3588012626813],[-1081.5986111154666,1164.6464704708233],[-1071.4950446656997,1159.3376393529863],[-1058.106969050126,1158.7160144753784],[-1051.8641141614673,1155.8680835226096],[-1046.4601682652474,1144.293106597247],[-1035.483222878274,1145.4633913633093],[-1035.6716037120611,1139.45304604903],[-1028.2900862701324,1142.6762882018736],[-1025.4470712177585,1132.0074185044623],[-1022.706484648934,1134.1012672755094],[-1023.5789004480268,1137.1453224624083],[-1019.5138367467548,1137.3386922825537],[-1026.693968364192,1140.020522052662],[-1028.6464801804627,1145.9803205220146],[-1034.1678957682782,1145.118996196535],[-1029.1218929195368,1153.7154225858721],[-1024.6707786907164,1148.8327666596917],[-1022.3448960068172,1149.3401669736024],[-1022.2698696345008,1146.9034357535359],[-990.1715048918155,1151.6001558678256],[-980.2040841439032,1147.4354680554165],[-972.1864852020632,1149.4517197124296],[-971.8879771969554,1152.8026096303875],[-968.994373593227,1152.8972430636545],[-968.7313090256432,1155.2464432210804],[-973.9355156520529,1149.8820351233255],[-983.3386700459961,1149.2080529317884],[-996.5185606362418,1156.1329781860854],[-1009.9049459239071,1156.9256366526076],[-1025.3633952857874,1152.3330791710425],[-1028.6373334965826,1154.417928335678],[-1027.300460716833,1159.5131423937512],[-1030.2304264458116,1161.2902172619595],[-1027.9781350637834,1164.2341737595839],[-1031.3715341975244,1167.8623350231921],[-1029.6219225204927,1173.2088954181465],[-1025.6857324193847,1172.3952203818683],[-1025.6646075540275,1185.042195554877],[-1021.8985777458068,1183.660266572899],[-1023.8511932747857,1180.9633483328685],[-1017.599953081415,1175.107000922151],[-1017.6504657727809,1169.999989006665],[-1012.6889571519663,1180.0192727968285],[-1008.4472616595457,1179.4452027522561],[-1003.8386030956051,1182.6676969937068],[-1006.8198902110246,1183.6686565379957],[-1009.8706982476323,1181.225758056015],[-1010.8784362085258,1196.3430331135537],[-1004.9671105350262,1195.114959636576],[-1009.9540912639002,1196.965520746686],[-1007.3326129590209,1202.3685895617593],[-1009.771985309598,1204.7384638647577],[-1004.762974125271,1209.9829183490551],[-1001.5832651678745,1206.3366624471475],[-999.7178382552453,1214.7840246275205],[-995.6813068094832,1214.1911598341899],[-1000.5037678285177,1218.1614764510575],[-998.5675716323235,1219.7427730642123],[-1000.3392419671547,1221.8294438186244],[-1003.1724103238256,1217.745051767533],[-1000.304093021745,1222.8290227762066],[-1004.8074293750357,1217.9578076881867],[-1007.8385909345848,1218.06790029314],[-1020.6524594831712,1192.957361829861],[-1019.4704846643982,1200.251738184019],[-1022.250408462242,1201.3749189738587],[-1023.141910757135,1198.8695271597742],[-1023.8256543313507,1205.1370221212335],[-1021.2096414544473,1204.777932274566],[-1025.5832488708656,1208.4416226053288],[-1026.0946818382988,1212.3931185749166],[-1024.1459887295848,1212.3171175755858],[-1026.3832088462386,1216.2500360228028],[-1027.811963478726,1206.5013646014936],[-1029.49619183611,1208.8134076362944],[-1030.0072787390081,1205.5607223293725],[-1031.0806588439507,1206.9209768327191],[-1034.7696420895147,1222.9330142701915],[-1030.5549686047732,1221.477425231509],[-1029.3402756110186,1224.0059281660829],[-1033.5132706921192,1222.0305438942848],[-1034.3495571514284,1227.3959988348856],[-1036.9536118956642,1227.5319260533731],[-1035.8878164702262,1229.16319822339],[-1032.1671579940794,1227.1171163648555],[-1032.4239636984646,1231.9716281114474],[-1028.9266202335293,1228.578817086904],[-1028.8343447417712,1236.0065504614236],[-1023.0713034414644,1232.671389240714],[-1023.5661333530346,1234.960314894155],[-1028.3135484569334,1234.8273053512632],[-1028.4948914671904,1237.2501541346876],[-1033.4413670176718,1233.9995247826764],[-1031.2245776791326,1239.0389121468288],[-1032.722046317825,1241.6948258793818],[-1027.6571358514886,1243.4031132982943],[-1028.301571504691,1246.2336040226025],[-1025.7262499781832,1247.9758914122997],[-1023.1208992836845,1244.95935386353],[-1025.1707727441635,1249.2350667119958],[-1030.0893129805104,1246.9855003539362],[-1022.9419848211891,1251.2828968431847],[-1015.8082798781659,1248.4906466248985],[-1015.30653104476,1246.0921732214465],[-1011.5702312745766,1248.249524293882],[-1010.2083608899057,1245.9141332896531],[-1011.87797400383,1252.4332854669995],[-1009.4098911644107,1257.1524552090668],[-1009.3183664146308,1252.9533796459405],[-1005.4294036644412,1251.5778639684509],[-1005.5913546719172,1249.3521831814855],[-1004.0026149382876,1252.7889353310898],[-1006.168952230399,1254.290900163051],[-1006.1567024210765,1260.0466735621615],[-999.0354284668284,1264.8807486853298],[-1003.3616861261424,1264.7874549629134],[-1003.2744686810793,1266.5640854016349],[-1007.9034934050258,1264.6770263276378],[-1008.2771259715857,1268.300835091992],[-1003.3671243115781,1269.3232065492286],[-1004.7374212967576,1271.7677362907093],[-1007.9636585605349,1271.4214262173514],[-1007.4390421620269,1276.1057286182768],[-1004.2349201389395,1273.7955256238827],[-1004.2197147403376,1276.561924028529],[-996.7115012021765,1271.6870397913906],[-1000.1571112163911,1266.901486889403],[-998.2372048305489,1265.8237735392395],[-995.4813903665073,1272.6609323069106],[-990.0529413654431,1269.5122866791087],[-991.0419646340092,1271.2111250513915],[-988.5414613438875,1272.607574406621],[-988.0072441062315,1266.672201655122],[-985.0683690372177,1267.9890437782742],[-978.6743905117886,1264.904717118781],[-979.0565965631738,1262.6647451371186],[-976.7644177259161,1263.9339726651397],[-973.5605494184058,1261.505507459166],[-970.5644270617488,1257.401701284291],[-975.6212629020645,1252.3960639205245],[-971.0929185630625,1254.1551873944245],[-970.4058331264808,1250.5514331540783],[-968.770625720805,1254.9828998116282],[-967.960993973897,1251.1664115986882],[-970.1283976008348,1249.6855569601407],[-968.304418383123,1246.8255684856465],[-967.5993083562805,1250.6384714549934],[-965.5998283968388,1249.893553467412],[-967.115283687498,1251.4472504412038],[-964.5702417858579,1252.1793159683152],[-965.2326302367424,1255.452877253976],[-961.1867915650811,1256.400048866876],[-923.7042005976572,1233.1789477062164],[-963.4101839232243,1258.7896229645032],[-961.8018253611867,1268.3060638042625],[-954.1164648689996,1271.4952832659892],[-954.9540413729694,1274.2023100547701],[-962.1404197356526,1270.0522826842719],[-959.5424389972801,1279.413107971119],[-961.3616294103523,1275.9686717395753],[-964.1345207460176,1279.9773292410953],[-961.8160475915275,1276.2687442857462],[-963.4031242935819,1272.6186711377518],[-968.9956468348288,1276.6505245600952],[-969.2257486006177,1273.7587532455098],[-974.4912041220715,1270.068953857964],[-980.1163220518124,1266.9041900235648],[-982.7207338698221,1268.4886408531804],[-981.9311149454041,1271.0892523441903],[-983.5695401377951,1269.7555408101928],[-985.3911248303498,1272.5014243383157],[-982.6331893120262,1277.8967915962462],[-980.5742748366694,1276.3844819352385],[-980.463767027133,1280.9266208867302],[-976.0650809721908,1283.1186194556567],[-971.8400311188642,1280.0997101355447],[-967.0478670462559,1289.061019215936],[-971.7592353610006,1289.7248830176916],[-974.1237994660937,1284.8039291094026],[-973.647986809393,1288.817805323062],[-976.3309934774334,1288.4070308752534],[-975.8804318609104,1283.5739913066257],[-979.9290796439673,1285.6088652532462],[-978.7547360179607,1282.8173633390302],[-985.813818267901,1276.8954594075415],[-984.2317521209528,1280.5475162175453],[-986.6026957413616,1278.8297484942218],[-985.5914539220206,1282.883213018304],[-987.5281349559089,1284.1821521221707],[-984.1241583234554,1286.636943235341],[-990.4285318296673,1285.3010267885052],[-991.0657110068861,1288.130050108357],[-983.2541016974013,1294.2167001300916],[-976.1249465579539,1291.6276631406806],[-972.4479391564157,1296.419421820339],[-970.2489171181902,1294.4740665349893],[-968.5829762158506,1298.5701608725328],[-972.5809866870269,1302.9307487658275],[-973.1999426640858,1308.6331556151026],[-968.3124776232414,1307.0982919727098],[-966.7677548880537,1309.858244970879],[-964.4053401307508,1308.6975492954482],[-967.7724273784803,1304.0421676016574],[-965.0789693229282,1302.794113486496],[-966.0828357524613,1300.071607231481],[-963.2586333556495,1300.047937685991],[-962.6550613885373,1303.8473655562195],[-960.4096708022397,1302.7881810861377],[-960.4744972541056,1297.4789573346886],[-956.1514561822408,1291.4788229876049],[-949.2657491297913,1297.038708480334],[-944.2145121693113,1296.1694863669738],[-943.254781351204,1298.0034257456969],[-942.8009623412993,1292.9503081604264],[-936.9361565240952,1291.2496919908415],[-935.8978225713497,1293.5308198206003],[-921.2317244784923,1293.191524602373],[-921.6019972754464,1295.487748844633],[-930.4723312666338,1295.1135238768911],[-934.862872750943,1297.4692439037458],[-930.2808147396443,1300.320552032567],[-930.4364880974413,1302.6305768174861],[-933.819721195792,1301.2971570902373],[-933.4356681060962,1303.6435960348294],[-922.2694420167709,1310.3597748660022],[-928.8022052727056,1307.3811271779934],[-930.1615087822779,1309.8306246662066],[-932.3955250572002,1305.9236797674519],[-934.9777679084124,1310.389270087825],[-935.9247632031377,1308.336566830788],[-937.710427244118,1310.6459425248527],[-943.5665140264689,1308.9214604477213],[-944.4735749278439,1311.0690111444967],[-941.6817619597906,1313.1375600524905],[-947.0759312255835,1311.0013288391833],[-946.5676495866072,1314.6816128551914],[-951.4611673013686,1311.5838077333688],[-952.2841732503814,1314.0679180652965],[-950.0084890662764,1317.3174269463696],[-947.3521773076541,1316.6161164458515],[-947.346801647347,1319.7091043241128],[-942.9431516798933,1315.7026210503893],[-943.2056983066187,1319.5504964800243],[-939.1507345960541,1322.2562218574233],[-942.1729799881346,1321.9401679218404],[-944.4465304243337,1324.9875850532173],[-950.0767504112808,1323.0558643810036],[-949.258648502398,1326.9770414277832],[-952.688966197176,1323.0970004453695],[-955.7758844711661,1326.8594782888554],[-954.1609781059467,1331.829247506783],[-957.9051143463703,1330.908071336895],[-961.0482924614745,1335.437499843712],[-959.1122206233623,1337.3380960917502],[-955.8569890314158,1335.9074125762136],[-957.1204247999788,1340.0148138797597],[-954.9285182009103,1341.3803253271396],[-953.6633226902145,1338.8184399997533],[-953.8476612031136,1344.655527566514],[-951.6320269833595,1345.6908399649294],[-948.3563542952687,1342.3838966253065],[-948.6272027127554,1346.3384048559913],[-943.6933951451917,1347.4479081209142],[-950.3828719927941,1351.2940709111006],[-944.6510222759213,1355.1062996644812],[-945.2496137114282,1357.4925501267157],[-942.3434232898942,1354.8220968186001],[-942.2046469420725,1357.5895418544042],[-939.9903107501048,1357.0779837212617],[-940.9615925859815,1361.7553746263263],[-938.6931624276066,1363.6738763301462],[-939.0821398995671,1354.9331410049883],[-934.2901488691257,1356.5808407172462],[-933.5209180909903,1359.7213776543283],[-930.4184328541193,1349.2286693859921],[-928.4910002848022,1351.3440368864626],[-930.1144018165977,1354.4346703695426],[-927.011444809921,1353.649671897553],[-928.605261434981,1356.3009768664067],[-925.3159094084294,1357.6240851151558],[-927.2075020365666,1361.4686501203064],[-924.4054728152726,1358.677603793574],[-925.2190181728802,1362.7044281357598],[-921.8056015321271,1365.4683525170342],[-920.6683251045165,1363.1176004145946],[-917.2463202434777,1364.1163792085329],[-919.7111756983355,1358.5486153881525],[-912.6736869288064,1359.2343250747435],[-915.8130843750362,1360.5714903442029],[-911.5228458744081,1364.9348739491322],[-914.3882938710258,1365.4079376385694],[-911.4469440720344,1378.7220386624076],[-915.2566915019689,1380.2351125767243],[-914.8637084898276,1390.841258867814],[-917.6836849710035,1392.1979768609513],[-915.841791660532,1394.0824420255726],[-913.862863999887,1392.2293957859897],[-915.4572998658111,1394.879032680498],[-912.8683219979794,1395.3798442595091],[-903.3401439396139,1388.2894239031598],[-900.5681916130069,1391.003810738897],[-903.8425209152094,1385.9424995806305],[-900.5691010470241,1384.2815843054364],[-907.3580304042262,1384.6111925844234],[-905.6716818142579,1382.1863036307868],[-908.390425800315,1378.701905913624],[-903.4680412982859,1366.785214447932],[-907.0715594935999,1350.2252947061252],[-901.3896999530084,1368.3539254285051],[-894.3752376891939,1369.4694949873422],[-891.1546312746483,1373.6458154394657],[-891.2335885456259,1369.7819273293533],[-886.1760692701431,1372.5314293201304],[-885.1811790488835,1370.6104183374407],[-889.5867420237383,1367.9029194417108],[-885.7305809955078,1363.8491417937973],[-888.0619841923898,1362.8177998623992],[-885.5622211881938,1361.2131305498576],[-887.441082004434,1358.225404589119],[-880.2396191402815,1354.6034383095218],[-878.5648905619653,1350.5177898171933],[-875.937556376435,1352.007954170569],[-879.8359506013863,1360.254247032527],[-878.0177769654655,1364.229324957297],[-873.3667040817103,1366.5078329095975],[-869.3194630874117,1362.7923757598219],[-867.9390378433849,1366.8485226896091],[-863.9557775034544,1365.8843088798226],[-868.1378912337298,1378.7421732296482],[-871.8784669231776,1377.5157342720952],[-872.9339376613862,1380.4253895559164],[-869.7346074251653,1379.8546507779042],[-865.6688526859267,1384.627268637841],[-861.7558417848436,1384.8706098635525],[-863.2443576254582,1387.7534025412474],[-861.144820712284,1389.095749005258],[-865.6256533548953,1396.1988533881556],[-856.9695140653703,1399.2686768759177],[-854.5112077142564,1405.477401715039],[-856.701088475343,1407.3248899193784],[-853.624563903585,1408.8353841246453],[-861.2857942335097,1416.0703800300428],[-869.2170623339566,1413.4855450715656],[-873.4328395167024,1416.19422558404],[-875.0595335576431,1424.6780907398847],[-871.4401418091974,1421.0526550529173],[-871.4856261435656,1416.536448467189],[-870.1872013941077,1422.0115822206863],[-869.1715739781505,1419.7634581707764],[-866.8493314072579,1421.1190466558533],[-870.7602327610211,1424.1770952674945],[-869.1187754047717,1425.930502150101],[-866.0185652138958,1425.3531932625763],[-864.560794732359,1419.5001294122944],[-861.6322455268703,1419.9018154386335],[-863.8451032026766,1425.5982074783983],[-861.521352145133,1426.9526970894112],[-864.103935511982,1426.2424818035383],[-872.2352471079971,1432.0083521267816],[-866.6592374964526,1430.3755782847056],[-863.4954513365833,1435.8533608003113],[-864.4096506650538,1432.936060217268],[-861.914540720382,1433.3106458746213],[-864.1306378071804,1430.2024991330215],[-862.1942973337108,1432.523137421823],[-859.3391261899193,1430.608854096325],[-856.4876770853821,1434.0852910221756],[-859.6468276608797,1428.4991039380936],[-856.0081585835017,1428.062872963811],[-860.9575882627342,1421.3744900738527],[-849.806525222408,1428.6626075473855],[-849.1276749522207,1426.503102781784],[-852.2339133829308,1427.1938046238288],[-857.3399405797611,1423.0285377838263],[-851.2209893535314,1424.9446703619437],[-848.8957833832493,1420.9042550899228],[-856.2677583572208,1416.2698688651783],[-851.7659816506695,1417.756958640375],[-854.1666629477623,1412.325514616957],[-849.4244204599713,1417.0193770868125],[-848.2032436917495,1413.1306439319642],[-852.7521754902974,1410.6506214549852],[-849.4450474924854,1410.1922709214418],[-851.741365974396,1406.638376742501],[-849.6611305876388,1404.783397521208],[-845.4825682549658,1406.1392415827906],[-844.60282383959,1402.4484137153215],[-848.0068922125022,1399.1573525440374],[-845.3800905661448,1400.8592911170579],[-843.9676559870469,1399.1828452087348],[-842.1129340201245,1402.8196732823162],[-842.1312112363917,1399.5144855777664],[-840.9582100970928,1401.7882318750642],[-838.7779276627499,1400.04760521919],[-837.6902627566662,1403.747538692277],[-832.4422424070948,1405.4942128595505],[-839.7334264495366,1410.451443659259],[-838.2685510629519,1415.1637187738227],[-834.8850311666093,1415.2569902754633],[-836.3995272656131,1420.4497169370118],[-829.847914467106,1420.6215764513208],[-829.762713673442,1424.698767612858],[-825.5012767173179,1428.4733092410504],[-823.6140464457801,1426.1641448265],[-820.2925491095647,1427.3504872060896],[-819.4537264473842,1431.691024991517],[-815.0205258871614,1434.4813652936245],[-810.5295952352265,1432.542970750026],[-819.7596337692169,1425.7312441864578],[-818.661856685034,1421.9440546572512],[-823.6465287158534,1417.467599598647],[-820.1009828873538,1414.81490405932],[-815.7315474479464,1418.5940348001834],[-817.9023521758004,1412.7425696293192],[-815.9859976233678,1409.8825414492633],[-810.105475459332,1412.097733780662],[-810.1578211775262,1403.616661591586],[-806.1185783352108,1401.7590731973746],[-805.8215887451076,1407.9426481702017],[-801.0688952518516,1408.8777199732672],[-802.3354594678406,1419.4825106933736],[-797.4591958996913,1418.3318444305369],[-796.6318098442151,1413.4259479082993],[-793.8875062787406,1415.123841628868],[-793.910967390079,1421.28607277212],[-789.6449935562489,1423.1793495370862],[-790.8625638709311,1427.29171686172],[-796.5782448516328,1425.8657153256142],[-796.4430415885425,1431.1547865542082],[-794.3299365891697,1428.6348618824215],[-791.2051738003487,1429.4728057251084],[-791.4387815741786,1431.65992706399],[-786.3066323962385,1431.8404314579716],[-788.8620541806064,1430.595844316477],[-786.2880694458775,1431.511436235063],[-784.843429708046,1429.1724666902614],[-781.9563689462681,1432.305228519877],[-776.9861360465123,1429.5028179191745],[-774.6663964653263,1431.0621905918217],[-782.1179859454787,1437.1362638272722],[-785.6998766944718,1436.6048657686142],[-793.4269503302438,1451.2335267579754],[-791.0267875662228,1453.34872688692],[-788.5246079755516,1451.7312724589603],[-785.2806004398598,1454.442739582863],[-782.3577144546681,1449.2197625248161],[-779.1918679229359,1451.3759330783687],[-781.8462657507407,1455.7348162067462],[-778.5144806826817,1456.9103354166425],[-773.9799936139767,1454.1944703545187],[-771.6252049256694,1455.2042685882009],[-775.0668177498192,1457.9815145334903],[-769.5973248659163,1458.1741499327925],[-766.9224061009444,1453.3747932695685],[-765.719833295019,1455.4195226503339],[-762.1475825726386,1452.2072147065787],[-764.5155558729183,1449.4391180953494],[-761.0824665760142,1448.7472289820184],[-760.1457449566587,1451.6567780115615],[-760.2165437575037,1446.9252814049648],[-756.230280376233,1448.1314807532688],[-758.0028599364184,1440.447867762554],[-753.5674375856212,1443.437498669542],[-754.4157234553797,1438.8827518525102],[-748.7330250328772,1432.9196555961091],[-743.9538710311351,1441.7542995655187],[-741.5808774919985,1434.1820185107697],[-737.7559704445738,1442.5234117950224],[-729.656261898684,1436.2411834811592],[-726.8311432648187,1436.6087336769467],[-729.4837789926278,1441.3090860439183],[-726.801051358576,1442.3288723259122],[-719.6190825946361,1436.7629218954025],[-717.5386424422852,1438.8497283088716],[-717.94865497592,1436.1891624195162],[-713.1756667581614,1432.6946078817361],[-714.8349038761735,1426.6693501258912],[-710.9600564355474,1423.5670600502226],[-710.0043012313512,1426.256299784037],[-706.5801433007491,1425.5502758681573],[-708.2183381507679,1423.3766713679286],[-704.9595164417846,1423.762049484806],[-706.2962359112571,1419.9532962382295],[-704.1243813470132,1422.373965045389],[-689.9996979973606,1412.9572465033145],[-688.3012994757302,1407.3178582872572],[-677.2590316568761,1397.9517084360516],[-679.1436753944507,1394.115876994822],[-676.6134433460765,1395.8910434220588],[-676.0946715934326,1391.9519361042016],[-671.5561854511709,1390.5200766854557],[-672.3327364264926,1386.2972357821466],[-668.8438903247919,1381.7290831935193],[-665.6522224677062,1383.3144986753944],[-657.4162922608681,1377.317367782372],[-660.0891963631498,1373.9952932395179],[-657.0057210707106,1370.946100179674],[-652.9311542331042,1374.554270587904],[-644.4631039011598,1368.0080370362325],[-644.1961877119372,1364.6039725319197],[-642.2985347530596,1365.9043144899406],[-633.9188857537936,1358.6847008682942],[-627.2361656583922,1357.5556592774783],[-627.500717466264,1353.7954958496064],[-631.2432024130853,1354.838236394622],[-629.594923641167,1344.8794910983195],[-637.700111922784,1341.64122328527],[-635.4824384108127,1340.6402758780284],[-638.4704737069449,1332.4503623643134],[-638.3965989063697,1319.1022965703369],[-641.2467813293409,1315.1073459609852],[-638.3151889578803,1307.9573720377825],[-640.0267138828241,1300.4804357078679],[-638.3775510826288,1295.2559692388031],[-644.0394677429591,1293.6675147068604],[-638.2380255869496,1282.8906320177146],[-641.8809013156098,1272.8870616840577],[-647.300862915032,1268.6546258031549],[-638.0249145769553,1273.6187392187508],[-635.0695665029349,1279.8328421691967],[-634.4035823466089,1293.5616884518943],[-637.7794429087407,1298.7071650680195],[-635.305416469717,1306.1088779482031],[-620.5519412917105,1293.5289503390525],[-617.6450953892846,1289.020452703804],[-616.0037751575392,1276.4993888130523],[-610.4109953951042,1272.2176261080688],[-615.2488411922708,1276.5331143808662],[-615.7220363585985,1291.9782049890146],[-622.6660124014383,1299.6180658048388],[-625.3019630157669,1312.4162852532208],[-628.4067371130669,1316.3594179599506],[-625.1823016861504,1326.5478640203928],[-621.3845877657395,1328.925657270723],[-618.7224490526786,1330.0379208743727],[-613.8770114185395,1323.5234113335232],[-618.432101187207,1330.823165535658],[-616.5760159817927,1335.4288722597807],[-610.366704158613,1320.1476189121881],[-611.1692599416774,1328.4981432908935],[-605.3423260633406,1324.2306954104633],[-612.2556223041533,1330.987558876792],[-611.684878429859,1340.168092668922],[-601.2652888964074,1327.7185898910143],[-606.9465778369832,1341.038354907709],[-604.7650923218927,1340.802959406779],[-593.6263623573288,1326.614271662013],[-599.8558808601458,1340.2445308838705],[-609.6064335819284,1347.2072306542866],[-608.2841971923368,1349.2500725539733],[-603.3670510890387,1348.5830392648775],[-591.3229054917913,1353.9532785199665],[-587.2319599517634,1349.7174213309647],[-583.3473314080048,1350.3225397139581],[-583.6429858743278,1352.1842851578733],[-576.8784054995502,1351.4753757245564],[-570.7194546315773,1346.9896528809536],[-542.0369006972751,1343.7314734216434],[-468.3518743895219,-536.3521668204615],[-534.3465422665852,-573.267056622942],[-621.9424539347581,-607.3917647151899],[-680.7222428911042,-616.451537241148],[-705.9128202484902,-615.1122612342796],[-726.6439793056682,-610.5185725879708],[-738.3380270607896,-616.2953642877388],[-748.7871680243958,-617.9602875503589],[-786.7362655803935,-649.9646479731878],[-806.4172471413923,-657.9159725987204],[-825.3286570939852,-671.2397336623147],[-832.2563520532834,-673.297743836067],[-850.7249744664555,-690.7880950764714],[-888.9104585297666,-702.1381077979463],[-901.7730106234902,-710.0789260894843],[-914.0028102067205,-729.5538508148713],[-921.3053837905873,-758.1943714045333],[-922.1613718871105,-773.1900299188451],[-931.0793065122043,-778.3837423665867],[-930.5030183820286,-782.1535696569294],[-939.4620334102477,-790.1623831512873],[-941.3365619616046,-797.8305703110208],[-939.5932884940979,-801.1684600103648],[-948.9316659343272,-807.6436153004017],[-950.7379645073883,-811.4922642441009],[-956.1553585262443,-812.8314640540123],[-959.7784139334977,-819.1858140257826],[-965.0476119146906,-815.5814249775971],[-974.5620951036988,-815.2489731269428],[-981.2861486712238,-825.1230838360921],[-992.4422736717104,-830.3287139239064],[-993.2974195903222,-822.4362134117724],[-996.1645806855332,-817.9678672251837],[-1006.3188516304737,-813.4512707933397],[-1010.5417012809219,-818.9778967011584],[-1014.5371861334306,-817.5285216363436],[-1023.9972614984769,-821.0471991279281],[-1029.3398474364951,-817.925104587916],[-1031.5407032686855,-820.1395056856901],[-1043.9043073258576,-821.0131492413872],[-1046.6720677239648,-824.0670144504044],[-1044.9288092604907,-826.0435338423349],[-1046.4357322652793,-828.7599587683117],[-1049.162825877861,-826.0864281352221],[-1052.4450068130388,-828.5144250268933],[-1057.4074028083428,-825.5952828336174],[-1066.2015757368902,-825.1599801753007],[-1073.6521691143278,-830.3332201818018],[-1073.5260265838829,-835.7098943456152],[-1078.2255047417907,-834.6838926947511],[-1080.9401278599164,-838.1904657502334],[-1083.8341175165353,-836.7751245612191],[-1088.3350363430525,-838.8780307189307],[-1090.3064830007563,-837.4904521273079],[-1088.1712801376161,-834.7090005746128],[-1092.0778114885684,-826.4283253630496],[-1100.530158863995,-818.9111965159218],[-1108.2994612692958,-820.6564209601171],[-1109.2375124192095,-825.3504007725388],[-1118.9708966552053,-829.6484641886927],[-1128.1662489177568,-825.1417712507202],[-1132.428147446387,-829.7105520040382],[-1141.583761913711,-822.8504917156993],[-1158.923647567786,-822.9848912350699],[-1167.207515857638,-827.8552811867179],[-1173.6821340702954,-827.7176736442586],[-1175.3116055105681,-831.7024190851457],[-1183.7684503098017,-829.2978780349448],[-1190.8052351870922,-832.7109458191916],[-1203.7872260731706,-832.1318903527896],[-1208.293610500779,-836.7565922496851],[-1228.5530659710876,-838.0855275557021],[-1232.0053002640338,-840.360845726584],[-1231.1876276158666,-842.8601789337521],[-1241.7761308812178,-849.1544432577303],[-1261.0451065837963,-846.7258791029236],[-1270.2662187090707,-850.2010685872202],[-1278.396081584134,-847.6037102395974],[-1286.5695169519413,-854.6888518967744],[-1298.2677112395802,-856.5491372027145],[-1304.770740701917,-866.0486663135097],[-1311.7563612051588,-869.5331934485909],[-1316.0039836137503,-875.1862250393161],[-1322.845728470193,-893.6166420123066],[-1327.1162508531934,-894.1040039064579],[-1322.911300129005,-893.8489672476411],[-1321.6755756464531,-901.4649889755946],[-1315.0451714926298,-903.9711413621411],[-1322.573823001006,-907.2998812801368],[-1323.6522364358993,-903.4888579013328],[-1329.8509928721946,-903.9730025150147],[-1331.418231754708,-909.5484270185817],[-1328.3163462390028,-913.3512682009201],[-1332.4166275345258,-916.8564712965547],[-1334.2237472492852,-913.1306100784917],[-1339.938400944924,-913.7898482700259],[-1341.7155948763277,-915.9063335120516],[-1340.102894757557,-921.9013977577398],[-1342.2924729142685,-923.6159919719857],[-1345.3347261599506,-923.5194657515768],[-1343.9998957619134,-921.5662157271948],[-1346.0318509780525,-919.8914187229237],[-1359.9560004107673,-917.1334261574276],[-1374.4111173614197,-919.2889326095534],[-1373.6905410025915,-923.8133052781632],[-1382.777318312606,-925.4570270826863],[-1387.9142803912014,-930.906564017242],[-1387.7181658645784,-935.6050325557557],[-1384.1693607059829,-936.8661300362295],[-1388.9617066326782,-942.836479058089],[-1413.153967044146,-957.4605554883129],[-1415.9523378630001,-966.7954859361727],[-1415.255468920288,-970.9805926936696],[-1412.51588751558,-971.6561146521158],[-1414.1978774735821,-975.1210320015331],[-1420.8681507283293,-973.0193407128696],[-1434.4641136343316,-980.0976393067555],[-1434.4252722786337,-983.3518843587882],[-1430.7714501169326,-984.0212630594284],[-1431.5047469126694,-989.1688108772069],[-1439.6760220421113,-986.0297387393492],[-1446.3104301061262,-990.7943337593473],[-1452.8192345465686,-990.7147515883056],[-1452.0489555434476,-982.300171615088],[-1454.9546515460625,-983.2287918824603],[-1454.110031097537,-989.1918282840047],[-1456.115468417896,-993.6037304178504],[-1461.9028148046993,-993.4381755705821],[-1462.4943977689518,-995.985974489148],[-1455.9700723389756,-999.0919137532761],[-1456.031509037647,-994.2674205091585],[-1453.739240324209,-999.37166210212],[-1448.094610832738,-998.4350862772808],[-1446.0917693042334,-1000.5426681557175],[-1450.1022750136844,-999.9239375317748],[-1452.1141750035638,-1003.5484980985443],[-1477.2586453697159,-997.1974490272734],[-1480.7276788794966,-1000.1163908037322],[-1480.0013817993774,-1007.8907695799408],[-1482.6389827396101,-1008.0058558506972],[-1489.0368263188461,-1003.1000344505401],[-1494.6065209289168,-1004.6094605998751],[-1503.2591430867292,-999.328391793513],[-1509.3318998153368,-999.1114199191658],[-1503.930464264487,-995.5927717015068],[-1497.2946917851325,-997.3137806993144],[-1498.713818277967,-996.2616371607626],[-1496.4221008486386,-994.1642761962609],[-1498.9726688243557,-991.4598860446858],[-1501.1312850976644,-993.8778660294074],[-1506.7819305144042,-992.7043054493819],[-1509.5723910424006,-995.8816116954011],[-1509.3874144138033,-1001.4802281262116],[-1521.934095664362,-1000.0968828521898],[-1525.2502644196409,-1005.484877872763],[-1530.2660079521263,-1002.8894831734879],[-1543.1490913265811,-1003.1484689584211],[-1545.8106170636397,-1008.568336908537],[-1561.0285913167309,-1005.1115253495025],[-1561.868246957567,-1007.7010754938076],[-1565.497402681691,-1007.2944914278878],[-1572.0315746474682,-1011.7871729450757],[-1581.5313677924553,-1006.675378231428],[-1586.0272789799917,-1008.645444763009],[-1608.0213056889797,-996.2741436939338],[-1630.7835776108059,-995.0839003451774]]],[[[-2069.3238860617153,36.1506327271938],[-2070.1212342823032,24.5022207633397],[-2072.6721140709233,46.65776163941456],[-2071.1461986796958,56.37248572017394],[-2068.9009848260025,48.87610163283838],[-2069.3238860617153,36.1506327271938]]],[[[-2072.1708804192785,67.48964447852381],[-2071.561209595113,83.4343947280063],[-2069.042141206341,63.217212117933215],[-2071.139401784104,56.94363264298636],[-2072.1708804192785,67.48964447852381]]],[[[-2071.90699517958,-3.6204959235421406],[-2055.853602206046,-41.22979698560839],[-2051.0378662405146,-42.48939030012932],[-2053.341231124609,-46.746863063917324],[-2051.2626094163616,-52.67790588977469],[-2048.8628479581052,-48.40474367843189],[-2048.284386514252,-52.52981656682658],[-2042.0808386757526,-58.01198968631864],[-2039.071219103286,-65.38828598084547],[-2040.1738413670814,-72.07051457201825],[-2071.5571229428456,-33.562806756887035],[-2070.7620969661943,-29.894340330475583],[-2077.717371871873,-18.844054962337108],[-2079.902535793305,-6.317214760082141],[-2076.5999765683423,-0.1788806435864536],[-2071.278117754926,-1.3491992181206127],[-2071.90699517958,-3.6204959235421406]]],[[[-1977.296210263876,-27.27168582028591],[-1976.4139707445888,-31.575849231972192],[-1980.4148171768986,-30.956993288894434],[-1984.40272450855,-23.499889054266063],[-1981.834835918567,-21.382619281510507],[-1978.817504920334,-22.72706811442408],[-1977.296210263876,-27.27168582028591]]],[[[-1922.593997442388,554.7904916602819],[-1913.721582748592,571.9225983686575],[-1909.638841354355,571.1629469474883],[-1907.5327238086409,561.7478515563965],[-1911.5678196999309,550.0763870688452],[-1915.7633323503303,545.9552670553154],[-1916.7337931355296,548.3009898755491],[-1920.492513235005,548.3139841067268],[-1921.327096742517,545.4766122115328],[-1922.593997442388,554.7904916602819]]],[[[-1773.608091999735,610.8489870774376],[-1768.4668402514922,620.0049664839007],[-1770.2609950546725,615.4758930231822],[-1770.0177288689338,612.1238630039908],[-1767.4981566520655,613.5919095603506],[-1768.281796480148,610.1013635051311],[-1773.4836380432246,608.3833330099334],[-1773.608091999735,610.8489870774376]]],[[[-1800.0977891973257,595.1610682228409],[-1799.9414372714139,593.2633278561406],[-1808.9396992011084,593.3784442559211],[-1806.9641784753746,596.4736455332541],[-1802.5165986103045,595.2800318535317],[-1800.4560500460875,599.288758869718],[-1800.0947122256346,597.4193209715232],[-1796.8478117698692,598.8809822445561],[-1800.0977891973257,595.1610682228409]]],[[[-1794.0037521007682,586.5137772880965],[-1794.2577150165284,584.5595298900384],[-1788.8847825814958,588.0045842323553],[-1795.6036431428183,581.439168002841],[-1795.8894202840165,585.8035815443495],[-1794.0037521007682,586.5137772880965]]],[[[-1024.8145309276592,1260.4407836304383],[-1024.3155951072695,1262.469860558798],[-1028.8510780197448,1257.926197731985],[-1027.24091570726,1262.473208518913],[-1028.7747285101389,1261.2520336219266],[-1029.69343711361,1263.3965919940326],[-1026.3286996994148,1263.3158613632058],[-1026.7399962399352,1267.3793029544004],[-1023.8314354361174,1266.157452233414],[-1026.0921278342003,1268.8659388164065],[-1022.0288026269935,1269.6106038126718],[-1026.5466851233205,1270.602262651066],[-1018.7358636359559,1276.381330746273],[-1019.5432875051117,1268.2458891215401],[-1016.1429093494738,1269.1610111033006],[-1016.9688659569073,1265.670164607379],[-1014.2828818474932,1265.9789211226182],[-1011.7069132775516,1260.4144715939663],[-1008.4268484273427,1259.9911999875796],[-1022.3602226013517,1253.6506713335573],[-1023.4016814625331,1256.008298451593],[-1021.892621416795,1257.559257177648],[-1020.3292772032909,1255.461703050267],[-1015.5723921431673,1262.8963080835883],[-1019.7189176276751,1260.3765638638986],[-1022.5412599328242,1263.3763712720274],[-1021.3837310231123,1260.9171176161838],[-1023.7140461997708,1258.7519706872192],[-1024.8145309276592,1260.4407836304383]]],[[[-1038.9100031392031,1266.3558977683938],[-1042.8151449836826,1267.831150884082],[-1032.6063410467214,1274.7958086986232],[-1030.824194471018,1272.7167416354016],[-1032.2023562105521,1269.4051365618755],[-1029.889345665945,1268.9144417019857],[-1032.9744028225982,1266.6917743720085],[-1032.0368528310685,1268.6430483937793],[-1034.42500659403,1267.2467796597844],[-1035.4857153855978,1269.8225304669722],[-1037.3183518458075,1265.3693529084755],[-1038.9100031392031,1266.3558977683938]]],[[[-993.1221019543735,1279.0251057360108],[-987.8024417488125,1277.4166582352652],[-992.2595364504526,1271.565954282833],[-994.6744595250619,1273.4935214572506],[-993.1221019543735,1279.0251057360108]]],[[[-1097.488749173273,1169.4842582228234],[-1106.7539890596088,1173.5095615807693],[-1095.3895434805765,1174.2024621889666],[-1094.233171944622,1170.5220163377187],[-1097.488749173273,1169.4842582228234]]],[[[-635.3341515786547,1309.088403602558],[-636.1432820829848,1321.9651628718868],[-627.4645286610635,1312.3182427956322],[-627.3754808152619,1305.588154346353],[-635.3341515786547,1309.088403602558]]],[[[-954.745188078515,1302.5180134573873],[-954.6158955245817,1300.6483149762992],[-948.8596350935019,1300.6031282329527],[-948.8564032116934,1297.398420030679],[-952.4697118600686,1294.7179530444362],[-954.9686960763119,1294.7662937611879],[-954.8487043211967,1299.306050899041],[-958.4799702452416,1303.14328571117],[-956.1545635818197,1305.624997806144],[-954.745188078515,1302.5180134573873]]],[[[-983.8199583508308,1303.6816514931295],[-982.8332585142633,1305.0780166054067],[-985.3581064696235,1305.4506161479126],[-983.0601833487642,1308.2663831347934],[-987.0794263607286,1305.2171791956387],[-987.769181921303,1307.2674291790968],[-986.6841200334405,1310.3283439829115],[-983.0537938474888,1309.7032460772537],[-983.9465518987473,1314.611408204224],[-980.4748036287142,1310.1075150934446],[-981.8684325644997,1305.25715718179],[-978.757678622083,1305.8094936490363],[-978.5472700055275,1302.8407178491993],[-980.4675129672482,1300.8257154061207],[-983.8199583508308,1303.6816514931295]]],[[[-962.5775048152154,1346.4794936961641],[-962.505701669772,1348.581254616863],[-965.4263820045388,1346.7226525158412],[-967.175017606616,1348.3663864436232],[-967.4705695942351,1357.2832794943129],[-963.7516871853263,1357.1010495997368],[-963.1117435159362,1354.1666518633776],[-961.2433067953859,1355.5100157628126],[-963.3559248058688,1357.6801753027203],[-961.8182111449962,1360.6551772162368],[-963.5865021375804,1359.429253383781],[-965.4814539194083,1363.1582785260557],[-961.4944081099605,1365.4206610299107],[-960.682588541499,1369.4472641474383],[-958.828635207956,1364.722848803037],[-954.8380864233294,1363.784903537654],[-958.2517851027432,1356.3791269298217],[-956.0671710257749,1356.309341100909],[-954.2006781948398,1351.362690384534],[-957.3300478795207,1350.9261348331165],[-957.4731541242157,1348.2678998281172],[-959.1049247705655,1349.810270337145],[-960.5578230885707,1345.626463695769],[-962.5775048152154,1346.4794936961641]]],[[[-870.2197052796363,1392.827312437502],[-870.6190858679504,1390.4885796565343],[-865.7722258056347,1388.0368444971548],[-868.3815019890122,1387.8739850708284],[-868.6378919312107,1384.9928952203222],[-872.6161970110203,1389.2614585519007],[-870.2197052796363,1392.827312437502]]],[[[-814.9239524562571,1438.4471657511133],[-817.8121636657373,1437.2880498571471],[-819.0387584974665,1441.3958593717696],[-806.2453027360715,1439.831646798557],[-807.2933264539457,1437.1311230846497],[-814.9239524562571,1438.4471657511133]]]]}},{"type":"Feature","properties":{"State":"Tasmania"},"geometry":{"type":"MultiPolygon","coordinates":[[[[1109.7582656349673,-1846.0151405007543],[1110.8643379680027,-1847.5372223363656],[1108.6736755260088,-1847.525513654465],[1109.97993028761,-1848.74358994344],[1107.7337071565294,-1850.890160242299],[1108.7988534670644,-1858.4644970400675],[1106.7985248335374,-1863.1220326970886],[1100.3033953808385,-1864.069945536294],[1098.343077218381,-1862.6783522257672],[1099.4350980752483,-1859.4396714801492],[1094.2370364767605,-1859.2284148025587],[1097.0166698929893,-1855.9462787850196],[1095.5622589887835,-1851.254148901782],[1094.3666848528703,-1850.590426968131],[1092.2795786182323,-1856.9731241212107],[1086.0895473857254,-1852.4471990739983],[1093.7161659108374,-1837.2139238708455],[1092.20859595382,-1833.8117009913885],[1089.4707256113702,-1834.1813879762126],[1092.1250898739293,-1833.803153610702],[1093.6436695185857,-1837.0982404766444],[1085.6344702479307,-1846.9928407964064],[1086.1668220347249,-1849.2104841439532],[1083.5274048113915,-1849.48254317329],[1085.4740548849304,-1850.2214769932891],[1084.9981241298497,-1854.0661518414445],[1092.110431762093,-1859.4424674219442],[1094.6361760730504,-1864.350095715819],[1091.344174291638,-1868.550657850303],[1089.9095520938795,-1866.1343574472571],[1083.4910896675315,-1867.2075336884418],[1090.5422259016618,-1870.6292617312147],[1086.5115522824058,-1875.5094122417713],[1086.0527190065561,-1879.9978368748539],[1080.4492814652067,-1879.7504010660066],[1077.0723761184688,-1876.6003843626409],[1077.622261342217,-1879.4632841229197],[1083.0336826691537,-1880.7692745821637],[1084.4128077738724,-1883.716713488382],[1079.4474751148907,-1882.9950127333368],[1079.2445289755572,-1886.6439128560498],[1082.265592429395,-1885.0087880738113],[1076.7157319337257,-1890.055804590533],[1075.5342900446008,-1886.8069763885285],[1073.180394213546,-1890.9923417812026],[1075.379669179954,-1891.6464731559156],[1072.502765647979,-1894.3755394486504],[1076.3835416745346,-1892.503373920862],[1076.4737606450274,-1895.748405681653],[1071.8080392953318,-1899.5893293426898],[1068.030367723628,-1899.6394512530642],[1068.9632171492797,-1897.037881342674],[1066.56155796311,-1895.0707688979312],[1058.2604956667192,-1897.581953014784],[1056.827770669847,-1893.449710353312],[1054.6244042897222,-1894.524417556765],[1054.7661056611107,-1891.4113210627577],[1050.0453344512384,-1889.109826975027],[1047.9937462127589,-1878.4424710818316],[1046.6051504360548,-1883.1610693649059],[1049.986257586928,-1887.162553036344],[1045.8034074245709,-1884.4845126617588],[1034.0736976829662,-1885.1694794963912],[1029.3669119305023,-1881.8000947158162],[1024.547876109011,-1884.7853572074453],[1022.7384849075271,-1882.6697862614215],[1023.6189388381582,-1879.626687272153],[1018.752945053793,-1877.864570452052],[1017.8250412216049,-1883.1683778029878],[1013.1944363069314,-1878.9510644258805],[1012.7428159483724,-1881.9277195378875],[1009.8009089549754,-1881.1084606968088],[1009.3724302565065,-1884.7338077583452],[1007.0514119898182,-1882.6805531958366],[1002.7586808961344,-1885.508681941784],[1004.392322637579,-1878.870308003673],[1003.7453930845248,-1874.1712852552457],[1001.7488108484418,-1873.9829434546796],[1001.5841629897941,-1867.7097723298814],[995.5179341561878,-1864.3345265418402],[1000.5155341519421,-1862.1049187028582],[1001.3720306694884,-1866.3948248949223],[1001.5369301351863,-1859.286219011615],[1009.0977282637945,-1864.6424321032111],[1007.299631373423,-1861.4494547846687],[1009.7353116802867,-1861.4643436866718],[1013.2675487349998,-1863.2035672757195],[1013.4869616196415,-1868.8373345768166],[1015.6116316514763,-1870.3350595526183],[1013.3866526301057,-1865.4818670755242],[1015.1382386039395,-1867.3758917860994],[1016.8220935200405,-1866.4573397710064],[1015.1844943482336,-1864.2499338559521],[1019.8371412160401,-1864.8028457160808],[1020.5797135649578,-1867.572797162575],[1022.0068590959879,-1860.5841256857782],[1017.3012459982231,-1860.5652600698743],[1017.0028552287894,-1856.6490166461338],[1011.8296078161425,-1862.418989725767],[1008.627916019142,-1859.847802844246],[1008.3567499024747,-1855.610718321655],[1007.4842066386699,-1860.387298175706],[1002.423065853056,-1859.6935216129666],[999.1864821703734,-1853.8823873394542],[1001.8999920794055,-1849.1687356435793],[996.7935436647862,-1846.2050844372745],[999.4177613948264,-1839.7509812162255],[997.6382955018679,-1840.7732221310528],[997.9316298697103,-1843.9345442051783],[996.4699874086814,-1843.3655963848564],[997.3501401000514,-1850.1461365082105],[991.6812131894126,-1852.3169989211221],[993.0953517817012,-1854.2845511371102],[996.9096115609212,-1852.1570616783665],[996.8189664603599,-1855.820241649934],[989.4294351713606,-1856.6426017801095],[990.6720150439274,-1855.0306460677607],[987.7869585047849,-1852.6030818310396],[987.8147901956565,-1845.0450509186796],[983.9787269512916,-1842.853654513104],[981.3502918416311,-1836.6682846446347],[982.7164842855996,-1834.6323972995672],[976.920224956855,-1831.7220983594507],[979.4408908252392,-1829.0341532100038],[978.8659417871927,-1827.0351678614834],[976.0347007360783,-1826.6678501319532],[972.0967184572368,-1818.0891533216216],[963.8005364641125,-1819.3927789573045],[963.9794375741088,-1810.8625314924184],[961.2498677400528,-1809.318297833615],[959.1399122905281,-1796.1387104460032],[956.563811644123,-1794.7170626939162],[958.0638877209035,-1791.1686862594092],[956.231745416057,-1782.3375234370533],[953.4435983025146,-1782.30595601774],[953.9439947979806,-1779.5327321859588],[951.9602367807861,-1778.0558434760344],[947.9119263914779,-1777.9140839992983],[951.4050432798905,-1775.7302873667932],[951.9145464732584,-1772.8483874858339],[949.6486664608113,-1771.6718483638385],[947.0587876403523,-1761.6825058645275],[948.85722363105,-1758.5865139598232],[945.0676514873219,-1745.7713178465194],[947.057195093989,-1740.5169578095242],[944.7439533163225,-1731.0804073475329],[947.3565024051037,-1732.2877105166172],[950.3219235211607,-1741.999329290055],[955.7504547634212,-1742.0456485761222],[954.7324346932631,-1745.8646444964368],[965.9682681389914,-1755.878643591627],[966.5524145679824,-1769.1683172911282],[966.0887694827961,-1759.253899326777],[969.0739843609108,-1758.1118758859054],[972.0810465034042,-1761.422173666535],[978.3569133579055,-1762.317476361033],[982.2230239872655,-1760.8253148168985],[984.0784100692701,-1763.7083070550345],[982.7370883981366,-1774.6510812760396],[988.3373209701708,-1778.2020888848247],[982.8309092187109,-1774.5512211109574],[984.0976251452709,-1761.6480732162674],[971.7093608953633,-1760.8459610932634],[970.7233300248915,-1759.5630864197547],[975.2591387560486,-1751.6152316413381],[971.2228218059244,-1753.095564523794],[972.6212563673389,-1751.7020217910683],[970.2134797269956,-1747.3583300658988],[968.7018429696328,-1751.8910463896577],[967.594099762988,-1747.2309856767868],[960.0260617415964,-1738.8417646065045],[961.0967225570404,-1733.5049702257515],[958.8475494037491,-1733.9564542069595],[972.1384336612085,-1731.6702831751693],[969.4054752471359,-1733.7062666323236],[961.566297614476,-1733.0035617728888],[956.124697918294,-1727.302721009548],[956.7938675763331,-1730.29654960613],[952.3301355124332,-1732.726289736962],[954.3167122141198,-1732.3588263710649],[953.7582674618311,-1735.7861248139673],[948.3753143089914,-1734.2243351170066],[951.9510658086392,-1729.324208858739],[952.1127101829234,-1714.009379090212],[954.0372475211962,-1713.4180218840033],[952.3577956990727,-1713.1609019009127],[952.3335567786594,-1717.2914164170572],[948.1799164795401,-1704.5253093152642],[949.1552636247377,-1706.0254587679378],[949.4485905917012,-1703.6574598406999],[943.0257625657131,-1699.1772235202063],[935.730384435153,-1688.9640247639643],[932.80815180368,-1680.326361771462],[927.9493513309175,-1678.2748826530808],[926.956200837552,-1674.9217458984613],[935.5193508778473,-1667.7031023034308],[940.0991175075044,-1669.0804226859188],[941.597708890597,-1672.4801326167853],[943.7546396070501,-1671.2510762556904],[940.4012922743173,-1671.5043663960819],[941.9740038303324,-1669.1342657102916],[938.2331143113944,-1667.9377283709748],[939.5798186598955,-1666.201355558458],[927.762521163203,-1672.4849083161846],[922.6412523773886,-1654.3891183249712],[915.3504512728448,-1644.5007381017842],[919.4132418222792,-1642.007233864688],[911.8374526194866,-1624.122679050189],[913.1106982174726,-1620.1887315236431],[911.3415409739034,-1604.4164311869072],[913.6468995206835,-1602.53260357993],[921.1589832746905,-1608.1928449824181],[923.0548698508172,-1605.0742158685632],[922.9797915115506,-1609.0026872783533],[923.4077828375093,-1605.9785834076995],[920.815155797284,-1607.1801298426244],[913.5706800771366,-1602.416903575109],[911.2925379085273,-1603.9751317145876],[907.3393471633171,-1598.8356733297287],[909.6941359997352,-1597.391912000317],[908.4349877192652,-1590.8353627961121],[911.9126004191713,-1587.2971602175755],[915.0190344643066,-1588.2134306615271],[917.7911811935905,-1582.8665591365127],[918.3622717965503,-1571.9699381123921],[916.0560812944151,-1567.6161174507374],[917.7468381724151,-1561.8443819809218],[920.9362050248253,-1559.8121730536411],[921.2674170280443,-1565.0972546561638],[924.2022925382018,-1567.0969852445278],[923.3398176569132,-1571.184931876482],[925.3821946634529,-1567.4157666986118],[929.5692471865623,-1568.8659179874508],[929.759109648527,-1572.714358405196],[935.5949442229652,-1572.9933113371053],[936.9966797262415,-1575.7410251086374],[941.6580133555532,-1572.637961674131],[943.0688613938827,-1576.263355641443],[945.1683598997655,-1575.8973100863113],[944.4767311007882,-1577.9176847147928],[947.4122599336544,-1577.8433926685766],[948.212600311917,-1581.5254367191196],[952.021030765459,-1581.3093814653419],[952.895296615806,-1584.1222187284336],[950.1609300649216,-1584.8690273560255],[956.921785497206,-1582.3944740875572],[952.2959284084419,-1579.1438254797995],[965.0730356872814,-1579.8271275172442],[961.195967293802,-1581.7845108540837],[964.9194715252901,-1581.5654085642707],[965.9929606554816,-1571.36609262135],[969.5983231193508,-1577.3806884701985],[965.5946592143512,-1580.7491671638927],[966.5692488853133,-1584.3388188932554],[967.0009058261129,-1580.4355940788475],[969.2556787967721,-1585.124319973328],[966.9654297995089,-1586.6727372312598],[975.8605949299708,-1587.3547746778763],[980.2691629213159,-1590.04862078138],[979.1055152520933,-1592.4616608526642],[985.9974879480399,-1588.5941114784616],[989.5528950138582,-1595.921571975223],[1003.9454578294803,-1600.4108939174455],[1004.2281975501619,-1604.814233885446],[1000.5845759662969,-1603.2755016760925],[1006.5915852564272,-1606.2358743219775],[1012.0630275108997,-1611.2284866989305],[1011.7011021107119,-1613.2733469093544],[1015.3977628575725,-1611.429432542053],[1018.9313941012049,-1613.1816479151314],[1018.9029426367849,-1616.2419389152321],[1022.2083127933186,-1614.9109091700523],[1024.216366262351,-1616.4123206191653],[1023.1466037756472,-1617.7337481387583],[1024.3117747545916,-1616.311905922688],[1035.2649982040662,-1622.27041195878],[1038.97768093004,-1625.686659607252],[1034.96860750217,-1626.2887151671903],[1037.3054253109462,-1628.8076671287301],[1039.168655444559,-1625.486173060538],[1045.8543242003768,-1627.4393024230237],[1045.7241014958672,-1631.472861336889],[1046.417174552157,-1626.9466080609043],[1053.004272827133,-1628.1291871749156],[1051.2849249242347,-1630.8062702947288],[1055.0365205692974,-1628.435513527793],[1055.5194944444854,-1632.3100833459093],[1053.6508816405144,-1634.753089898001],[1055.1065229466647,-1633.9102220719883],[1056.747135660925,-1637.3497061298553],[1058.107143137721,-1636.607390676327],[1055.0099720805954,-1633.1354288710322],[1056.048290306762,-1629.5180507610578],[1063.9412630570055,-1629.6311787866057],[1070.356790633652,-1625.5566605183274],[1072.3872258726672,-1631.1171516748022],[1070.3871914918873,-1632.2326246589928],[1073.0879860080772,-1633.5926257438919],[1071.7343040219755,-1640.3483389280234],[1073.9376193223118,-1635.4264344451212],[1075.3150782365883,-1641.4675461863108],[1075.9039530620928,-1636.3864594257986],[1074.085753326856,-1636.5346892003533],[1073.55613802152,-1633.2013530654963],[1076.5681124536084,-1630.5457998419097],[1072.7596588483786,-1630.825733770128],[1072.7818342509654,-1628.85887128691],[1077.580864244973,-1628.129888834999],[1080.1390180789156,-1624.0067854893625],[1083.0544313050968,-1624.953219272705],[1085.7532268517361,-1621.1727419422825],[1090.9558330218613,-1623.334904273746],[1094.6659751724712,-1630.0550765720302],[1089.7699470033058,-1630.8763010280638],[1090.1918080439566,-1632.6691181382964],[1094.4085491187761,-1630.9045355610017],[1095.5949605343453,-1637.0412703848533],[1097.2873585422362,-1636.446279796463],[1095.5735587645454,-1632.9913319014927],[1097.6871214871408,-1634.1892285056604],[1099.5443869773019,-1631.9698099480327],[1102.9941956655941,-1634.3982298264468],[1100.5055816181589,-1637.7562594930316],[1104.034113094413,-1644.4582293429094],[1106.586970303913,-1643.8431220221582],[1105.7443886747562,-1650.4277794059183],[1110.4494633129411,-1655.609215010421],[1114.1929834113307,-1654.2438861796497],[1113.5344542431058,-1658.9861104638724],[1117.4145511174268,-1662.1176665706137],[1116.8548513628496,-1665.8848089931773],[1119.191916851057,-1663.1753217480093],[1121.3772730858498,-1665.2590128184602],[1120.1363418454778,-1663.163574482555],[1117.486391001585,-1664.7478922406842],[1114.1120287044193,-1653.3609335465892],[1106.2132087987895,-1650.038207266982],[1109.7950249678718,-1646.904646583388],[1104.5324075125404,-1638.7118159040504],[1101.6604121230494,-1639.07657878276],[1103.7759456338458,-1636.009339629284],[1106.4204657932967,-1637.044100530821],[1101.558908330499,-1630.7511834183158],[1095.3576901282927,-1630.015307732537],[1092.6754340447187,-1620.7709153387545],[1094.269910993284,-1622.0257933206751],[1100.5539063476015,-1617.732761368117],[1107.7071800036974,-1619.334308929944],[1113.5094005427002,-1614.7789865962072],[1124.8255340949606,-1619.4471837457077],[1122.853498049585,-1621.8719678174625],[1135.9235008517994,-1612.9308277246816],[1137.9583440828676,-1614.8964285774448],[1141.6681553378291,-1613.202767971921],[1142.0202066507613,-1618.0608371182861],[1148.418751785264,-1621.911180384666],[1145.2850702147684,-1620.5949879472337],[1153.9304874118952,-1618.659458731713],[1162.3982843228532,-1610.353370431603],[1163.930763913127,-1605.6926174485366],[1170.5681250905507,-1603.3327053320074],[1173.3428575606492,-1608.0178975982296],[1177.7268439625725,-1608.1618820631134],[1176.919149901789,-1610.0485133556997],[1189.9389806401823,-1611.6823066592083],[1188.328659948581,-1610.629147706367],[1195.9589549253856,-1600.0544635645733],[1194.658267356492,-1596.9488033419914],[1202.2941912354058,-1598.995195135654],[1210.5473394477726,-1608.6875358608738],[1213.6290076427422,-1608.9206485847626],[1208.6932405678122,-1606.726154489032],[1209.3666668768844,-1609.214715029702],[1213.423028708147,-1609.9949045313617],[1214.0666799504206,-1608.0916066027035],[1217.5157782234148,-1611.2195881421142],[1217.4081109616097,-1614.4988379037695],[1226.5460519891517,-1628.356761896347],[1221.827917478348,-1631.9916572737463],[1221.1956328320746,-1635.3185472230666],[1221.341724491083,-1631.7177886747654],[1217.2460220308074,-1633.6698948663673],[1221.268530249681,-1635.436339852736],[1218.0008703986416,-1642.3018875704292],[1218.875119276984,-1646.7819693830493],[1215.8894885006985,-1648.8568527398857],[1217.6370451213636,-1647.847928926927],[1216.4964697611279,-1650.3486189737275],[1219.492606538588,-1655.8316496905393],[1218.13411986414,-1656.4454489762818],[1222.378732906586,-1656.9229399572723],[1219.2970659479054,-1661.393058552889],[1217.13953160344,-1658.4139449414881],[1216.5209613382547,-1662.3947191776201],[1212.84846038443,-1662.968286125588],[1215.6966779971676,-1665.1478340977692],[1221.5653012660798,-1658.8020559779306],[1223.7837194202982,-1659.7090509427476],[1215.9023951911884,-1668.6726283068285],[1217.3560981969308,-1668.7264344140317],[1213.794654146427,-1678.2815096270972],[1210.926102295877,-1677.8509076974665],[1210.6105495662796,-1674.5344975263645],[1208.1896180342899,-1675.4672480075703],[1213.794654146427,-1678.2815096270972],[1213.636958775626,-1682.7472964874696],[1211.9793711342136,-1680.702674627651],[1216.6579559405784,-1690.9578112659556],[1212.1454194567643,-1705.9652594351232],[1213.5442004231509,-1709.5077418105927],[1209.3311633595629,-1715.8036577548157],[1213.0987868835691,-1727.90319823085],[1208.238695043386,-1740.0073986053571],[1212.3951479342063,-1748.5407811500781],[1207.8697721040253,-1754.6777991247798],[1212.6995289094843,-1756.419906972583],[1211.3248230172053,-1761.0572866070063],[1205.9160630937774,-1766.7638661963554],[1203.168930465224,-1760.9030566405183],[1207.050885579416,-1757.4178859182416],[1204.6249928965378,-1753.9868941723198],[1208.59373177537,-1750.5102149950394],[1204.193672044981,-1748.7091018820695],[1201.3915919185074,-1744.0368968742832],[1202.666750473848,-1743.307450397212],[1197.1208074670985,-1743.342948772582],[1205.2669403614245,-1734.5498723719793],[1203.0875913719403,-1734.197152706217],[1201.3064334842206,-1737.9233605855184],[1197.6221835880585,-1735.7686087127358],[1195.4703024371129,-1739.7808467798488],[1198.0701324171946,-1740.9418794124715],[1194.425919978443,-1743.0434859489496],[1191.659428003404,-1743.3906081984194],[1190.6335381867007,-1740.3346647312662],[1189.3718665961424,-1741.7208954843277],[1203.400306480576,-1746.6589040219274],[1194.1385988511668,-1744.8641102666998],[1187.3459105378097,-1746.9450866269335],[1190.46153801277,-1748.0520462867319],[1189.8652607147687,-1752.6699590070639],[1183.0381816678955,-1759.756276195473],[1184.0386491064355,-1762.2613241126267],[1181.2128390388925,-1767.0653095771445],[1174.930557682825,-1770.0752131890233],[1177.3695781315903,-1771.8654852884977],[1180.3134533283821,-1767.510475441085],[1182.6542799157291,-1767.8768860817902],[1182.9117590513806,-1771.7133992842362],[1178.3147371325106,-1777.1901085590946],[1179.4240059818785,-1781.0093119669052],[1177.6380874171923,-1781.030490948286],[1180.4192055201327,-1781.2275544964696],[1177.9485099371523,-1787.4785730457115],[1179.6753741423472,-1788.755444571654],[1176.0353780986338,-1789.442145384988],[1173.8861090553798,-1792.7924087596534],[1171.4703002915626,-1788.507369362562],[1172.4482700399215,-1786.549360321505],[1169.9508516805863,-1789.2107357084574],[1170.9990668057706,-1792.041790067184],[1165.6961218618474,-1792.4412254851995],[1169.9613508473267,-1793.7754065899458],[1173.0950165878166,-1798.4634880437081],[1171.604845369445,-1801.2327587025584],[1173.5472362075516,-1803.6174951451842],[1171.2963792462645,-1802.502155393948],[1173.7776034253816,-1805.3801256147017],[1171.0235432474167,-1809.6379923622048],[1171.7443707264033,-1811.5622138016865],[1165.7885513075485,-1814.9264964661825],[1165.092230835576,-1823.6376058157136],[1163.8660804501365,-1820.1415306384686],[1161.5059056311875,-1826.2833774460148],[1156.6565786398548,-1828.9011197991904],[1144.740336285095,-1826.532728135897],[1144.5898756083757,-1824.7820810995015],[1149.5064254359002,-1824.6596561227645],[1141.5776867046611,-1823.700786950993],[1143.2018237164943,-1821.1639128190216],[1141.6659240321894,-1814.1672534489965],[1141.0300909447496,-1816.1601944000479],[1136.642368409362,-1812.8726590137965],[1136.4675910314415,-1816.1078991686031],[1135.1288599904256,-1813.579588447616],[1132.307996165022,-1815.4495263126998],[1129.5781097759877,-1810.0630601816838],[1130.3442487132897,-1812.421870600129],[1128.2794668401211,-1812.7460720568372],[1132.1675462962585,-1815.976878232393],[1131.4612960707009,-1817.8539680866777],[1134.4754468305946,-1816.546939363912],[1142.4379109973456,-1821.1906231087623],[1138.181735801194,-1819.8688913112253],[1133.024897649599,-1822.248046593302],[1131.822080663275,-1827.21491814624],[1134.9401408477765,-1832.855700978199],[1132.355120783285,-1833.3394781923394],[1133.998746278861,-1835.3557285649597],[1135.2134750828595,-1832.668079637992],[1135.907683807421,-1835.667138154654],[1133.2397603703373,-1836.141692988991],[1132.8377197995062,-1839.1317860353427],[1123.5793614328456,-1841.292687874926],[1122.5051148255095,-1833.0570964586673],[1124.060226037207,-1831.920838956546],[1125.0796113067697,-1839.0686240623836],[1128.3460211669724,-1839.3054174273088],[1129.630177492087,-1834.3506538421582],[1127.1391338733,-1832.3539161901738],[1129.1906298205972,-1828.1283553184785],[1131.3061368209594,-1828.894155783218],[1130.936997564824,-1826.79600258515],[1126.93730388872,-1826.264738641487],[1124.3310922570836,-1829.3491639548283],[1124.6176303289606,-1823.419088790508],[1120.2773484379313,-1822.0958943799467],[1120.3202289939559,-1817.655968602941],[1115.1807255444646,-1813.4321437341816],[1114.4682600801505,-1805.6576748455775],[1113.4856542933874,-1808.592411355016],[1109.0815233576834,-1804.5555396677184],[1101.6117798546761,-1808.8810633158369],[1108.9146622368755,-1806.1652757897102],[1111.7110743133542,-1807.7570691752278],[1112.9943886935366,-1811.6862418563085],[1115.482350721466,-1812.162391808816],[1112.8602297493103,-1814.599850907236],[1118.1906431522505,-1816.9992732935073],[1118.3359584844627,-1824.4935188767627],[1120.6022351411168,-1826.2482193071205],[1119.7571778325394,-1830.2768288291475],[1116.0856967225,-1832.2754578656989],[1117.631966644636,-1840.88419964743],[1115.03882226401,-1841.4788240899345],[1112.4985779670644,-1835.9080876326075],[1110.0538904097054,-1842.365954353141],[1113.6072263706117,-1844.6848973373078],[1109.7582656349673,-1846.0151405007543]]],[[[867.7817991678804,-1492.5311610555366],[856.4827949807703,-1498.4525737207973],[856.3311905091339,-1501.513804102624],[854.8364328967651,-1497.33673846523],[852.3721659274792,-1496.706584852664],[851.3463508495819,-1490.918914553676],[854.0943705180706,-1490.1435560931873],[854.8540732485328,-1484.8218966924046],[850.4816869621305,-1475.1472365981524],[854.0399211153805,-1466.191861856019],[853.090724833907,-1452.5962588447185],[860.1159784665763,-1448.411507468987],[861.0308164432084,-1440.011627740179],[863.2454300720937,-1438.4235749561847],[876.4850661515601,-1449.477182030815],[874.9185401785292,-1459.361649456919],[876.6969009553509,-1466.5392587455585],[874.1215384417403,-1473.8089742672635],[876.6489507588371,-1478.075364484],[875.792379160699,-1483.3906324479515],[872.9013666596579,-1490.300384674938],[867.7817991678804,-1492.5311610555366]]],[[[1205.5079498972027,-1562.7709474764097],[1202.7081401562123,-1563.0124854952599],[1202.869109255691,-1559.1822907413928],[1211.2282939296958,-1554.9355985921864],[1220.8024484346104,-1557.758793895592],[1222.805449485431,-1553.8024625659564],[1227.4099190999536,-1556.847772578906],[1233.5046822686465,-1552.0318128375552],[1238.948450579234,-1562.2177865238584],[1242.7408347184285,-1562.4278676896313],[1242.1872854909054,-1565.7747234986846],[1244.666138516411,-1569.1358992220728],[1240.8513791579862,-1569.1422188714062],[1236.8140152674594,-1574.1821415751915],[1232.6591406120276,-1574.1524879341216],[1230.043390371376,-1566.6017182621279],[1222.2939612657508,-1570.0206100235037],[1220.1757850013753,-1566.4859999182454],[1215.0805241544801,-1568.6670322869295],[1214.5635116880146,-1566.301101669529],[1208.4889666492763,-1567.1671996191644],[1205.5079498972027,-1562.7709474764097]]],[[[1212.4003110811386,-1574.0846929882853],[1224.0918763224495,-1571.7607243142636],[1218.5673106927427,-1583.2312051020576],[1211.517743867002,-1579.7004747892986],[1212.6244378150793,-1576.7468324163624],[1210.4971359629392,-1575.6319322070108],[1212.4003110811386,-1574.0846929882853]]],[[[932.1032547174307,-1539.0566025504963],[937.3438232497739,-1533.3616253613511],[942.8105032126606,-1534.1591522682097],[943.7703022191864,-1538.0805958248498],[941.8123645319256,-1541.7504630122653],[937.0512825608218,-1543.864255505675],[932.1032547174307,-1539.0566025504963]]],[[[1182.4256930747456,-1806.875407586728],[1177.723519295133,-1804.9450825047645],[1180.2937343224926,-1803.9251603803682],[1179.4416111807006,-1801.6590865914245],[1183.7431030257603,-1795.7244868807252],[1187.922179653583,-1797.8171047781134],[1191.2749896997939,-1805.0335565999947],[1189.1225690571314,-1806.85760386166],[1183.8357597572106,-1805.6196661181516],[1182.414542543237,-1807.7428460460676],[1184.044040735615,-1812.157353796718],[1177.1017914560032,-1813.670244335054],[1179.8677095663895,-1807.7873476210973],[1182.4256930747456,-1806.875407586728]]],[[[1205.6242503087392,-1772.3910773688174],[1200.99358433786,-1768.9333837583815],[1206.3714004531585,-1768.012469415783],[1209.798429674121,-1773.8403217197329],[1205.6242503087392,-1772.3910773688174]]],[[[1200.5354250433033,-1514.685482412535],[1199.3974665093654,-1505.9677164677491],[1192.737691375758,-1506.3453048740007],[1188.4235750081443,-1501.1402490476107],[1193.7063420891054,-1497.4138118096405],[1197.128134168317,-1498.0059071905278],[1197.213303638942,-1494.8184150029258],[1199.9612265427488,-1492.8023708013036],[1198.5040442863162,-1488.564001174874],[1201.2924419461115,-1490.1909880817793],[1207.1378705310126,-1486.1981784923526],[1208.77868203344,-1487.1501372491819],[1208.5614572844718,-1492.3095256882855],[1208.8270291610588,-1490.6845716275234],[1210.4836582942244,-1493.0720135265685],[1208.4841600808743,-1487.4487024973957],[1224.4117765367114,-1513.683862663977],[1234.0576860175054,-1516.195447538711],[1232.246990512744,-1527.6705822939923],[1226.3009076571514,-1532.6211242558093],[1231.1701459238784,-1532.6158645174041],[1232.3825584878728,-1528.7872386997103],[1234.753467298242,-1543.2579826662866],[1230.4654339054453,-1545.087182758992],[1224.018246797875,-1542.164027721664],[1221.5724931150585,-1546.1832264113173],[1215.8801516372964,-1548.1908421288863],[1209.565775475552,-1544.851387182926],[1208.0301663076114,-1528.8328109957015],[1204.7067817594104,-1525.0542525447268],[1203.3894378127284,-1527.5523195132341],[1202.605652390666,-1520.4190528437766],[1196.2029425412948,-1518.5085036541461],[1200.5354250433033,-1514.685482412535]]],[[[1149.6989387070116,-1848.7338221915436],[1145.5810951543924,-1849.3729884152463],[1140.8121223687901,-1845.0718459758175],[1141.3066267573051,-1838.085004194621],[1146.7725065987927,-1836.7212146442055],[1145.8103355573935,-1831.5249840950598],[1151.0196730055784,-1834.1446396190297],[1149.1146259362333,-1841.6315395774202],[1151.1956707722288,-1840.339478050587],[1151.5997708665352,-1843.632706288072],[1153.1454362558209,-1842.6083236467264],[1153.3911975469239,-1845.0177692197144],[1156.6581724322448,-1846.0216252621985],[1158.9936383814845,-1846.2753398011541],[1159.7600477337726,-1843.109185215671],[1160.529946457199,-1846.1175914876608],[1162.02263915824,-1842.4889048417758],[1166.5384703892944,-1842.115317358394],[1160.0531481529217,-1841.1910655977185],[1159.5582365553305,-1838.7536098570954],[1161.2373765736709,-1838.0694373978715],[1157.6416095697148,-1835.4029253506574],[1162.408684838597,-1834.2955559400323],[1158.0992199524553,-1832.743098657979],[1159.1998806181862,-1829.6106350010668],[1157.7753098276798,-1827.938261975555],[1163.8492764744337,-1828.0565801669204],[1166.3605498542886,-1830.6075170113008],[1166.3424633276254,-1827.6780836884864],[1162.8312653540422,-1826.5360649415325],[1165.7124224983959,-1823.3799076080631],[1168.1364353622396,-1823.6447483469906],[1169.241933656377,-1827.4530452558515],[1172.152156990784,-1826.362344836963],[1170.8425263106603,-1828.2790919068057],[1173.9026674766026,-1831.9765045375382],[1172.2485676027616,-1834.721753186624],[1173.3970652167623,-1837.3410793888813],[1166.5516234460094,-1842.7668185926793],[1170.1293604381879,-1852.4741694853856],[1167.5267004957295,-1855.4368403245353],[1171.836571993613,-1856.1268019581464],[1167.7146018977357,-1861.4110402461802],[1171.3592608286303,-1865.0582468609596],[1162.1456857610672,-1860.6932677716052],[1162.5980247050895,-1855.0058679823085],[1160.1973608211295,-1851.49605152451],[1158.3164205180656,-1856.3795296063277],[1160.3629377759578,-1856.1693739257805],[1158.5853778583044,-1859.3311202772563],[1160.1382836121807,-1862.0975104542467],[1157.6825136599664,-1859.882223826128],[1152.2717633405164,-1864.7050037549116],[1145.5832316298636,-1856.4089623147675],[1145.0950248385282,-1853.1095485373137],[1149.352520891421,-1851.9443924165723],[1148.3327375861743,-1849.669202091702],[1150.646753176244,-1850.89326044764],[1149.6989387070116,-1848.7338221915436]]],[[[1105.004335864312,-1873.0948433248984],[1104.2501737555983,-1870.6393345064575],[1108.8181258428904,-1866.3592009048734],[1111.0972030331252,-1860.6506571621564],[1112.7420486007118,-1866.6608433634465],[1116.5095475339597,-1862.8390813723404],[1115.508524829628,-1858.732876697423],[1119.2370415294024,-1857.7181374899442],[1119.1577657860691,-1854.4645117983207],[1110.6733603790165,-1852.6026831208783],[1113.8767663255041,-1849.3666695051447],[1115.1759884519347,-1851.4502542569185],[1117.6337726809877,-1850.51758464543],[1118.3539509689747,-1847.6712701203498],[1115.3279035543915,-1849.193841447022],[1113.8727603251075,-1846.9854890323124],[1118.665439807179,-1842.291750706157],[1122.9358325518238,-1861.7850383813955],[1117.2478253738252,-1863.0246998920006],[1112.9743470952758,-1867.6580137018975],[1113.2566947267062,-1874.6041622614619],[1116.2870159853637,-1872.9769047839357],[1117.193414423758,-1875.5574678496146],[1108.953927781624,-1890.0296778592046],[1104.5465469410149,-1887.195275722544],[1105.1355348171926,-1881.533952497987],[1101.4277328881374,-1880.824889758369],[1105.091928398729,-1878.7213898310274],[1101.8987609699077,-1878.7137844193414],[1099.3560865754657,-1886.224753852258],[1096.2763655506083,-1886.7699050845365],[1095.586845005762,-1882.056553489103],[1092.630464086187,-1878.9446029395392],[1094.6469401974273,-1877.316242622642],[1098.6462210153961,-1883.3443059684773],[1100.74590809495,-1880.1062698114547],[1098.9935630397274,-1877.548869172906],[1100.5389577610094,-1871.5512088181592],[1102.358753537407,-1875.0889326634874],[1105.004335864312,-1873.0948433248984]]],[[[932.2521495867866,-1569.7513416890222],[933.0210091898908,-1564.7791874074958],[938.4229254350032,-1559.1065533282224],[938.846885340048,-1562.2104921304092],[941.4172236061793,-1563.4172772187262],[940.5845275602295,-1560.0590503725894],[943.1215309375195,-1564.6595114758745],[948.1544976025733,-1566.2995654023896],[949.4693521745297,-1570.0282009564357],[941.9095368664105,-1568.7172556388086],[935.3550557200423,-1571.7683527670006],[932.2521495867866,-1569.7513416890222]]],[[[928.2945496300187,-1534.0180139166005],[927.6518775309494,-1545.6956459981825],[923.8361340958348,-1556.1127773208048],[921.4546703052825,-1552.6250970006784],[920.9062464525197,-1542.7151421979688],[924.85225944318,-1543.0473782662896],[928.2945496300187,-1534.0180139166005]]]]}},{"type":"Feature","properties":{"State":"Northern Territory"},"geometry":{"type":"MultiPolygon","coordinates":[[[[-325.1515514517359,1629.972626867378],[-328.8703479083006,1632.8348458450575],[-330.4839607163781,1630.8317391466433],[-328.7058038675086,1640.0442126570879],[-332.7595886629068,1647.589669638494],[-327.2875440931748,1650.5545233576454],[-325.1226807576369,1647.9854401809805],[-319.61200655901104,1649.3113499810127],[-318.4380798526709,1646.3913278440677],[-313.58956728357356,1647.5909248817409],[-307.59160587026986,1641.82898842507],[-310.7757231776915,1640.5586909928],[-309.26030499972774,1637.0986655315414],[-306.2769440486407,1637.3819347767262],[-307.12202493882825,1635.507665084316],[-308.66771990840937,1640.3865350387703],[-304.3975370021296,1642.6621292721472],[-306.8639834077717,1644.0277406584285],[-303.0706011332776,1658.2943975439905],[-299.71312007015126,1662.0745192731874],[-295.91363605759295,1644.8067096147693],[-284.56733782713343,1636.9621133893222],[-256.43916143999303,1636.5176644046417],[-233.43584740240485,1644.5566698870082],[-228.1295233997747,1638.312664093463],[-213.57932973279097,1635.1557746818528],[-195.19084757423633,1650.0464416540751],[-192.5278887107486,1649.7555773964696],[-190.6805960071843,1644.2152730280784],[-182.41132393445548,1647.05251626479],[-178.37350193430987,1643.0661533961513],[-175.2923663463814,1644.6325607646331],[-172.62525187425905,1652.9581489230466],[-159.9590394371188,1659.7611187571185],[-157.71659004609177,1657.4956651058958],[-151.97568914781866,1659.6308853062271],[-153.27519603392517,1667.0327909873472],[-149.31976025555917,1681.1378758642086],[-151.50928819350673,1688.6336822943324],[-157.76931161716192,1692.1608092364131],[-150.61705577696014,1698.7742038889835],[-161.51860771174745,1699.4168142683209],[-166.79540399172657,1703.8209141883322],[-165.9618057550701,1708.6216470104798],[-156.04083268634963,1706.7742077753994],[-161.99971510920415,1712.368875337316],[-160.83371825544376,1717.4980655826469],[-167.3530353948274,1722.864295008381],[-164.0579570244009,1726.8198187817502],[-168.8249924995736,1724.9143662412732],[-171.8697237171092,1728.033212757657],[-183.2529691629837,1729.6319035647305],[-188.89794219749143,1726.838182729977],[-196.26346750099665,1727.826518664322],[-209.75384558637725,1720.9964348473263],[-209.716943651708,1718.493827559657],[-215.30861294753234,1720.151634601229],[-218.82811788155792,1724.5596507694418],[-216.1284939646156,1730.149801395265],[-223.82004635565266,1730.3573078512188],[-223.75308692887978,1733.186746147715],[-229.5575141658404,1733.7470055317337],[-224.57591342061707,1735.8931090646035],[-225.85868120665796,1739.4618966546957],[-232.19122054635895,1738.0550026020044],[-229.2465348140474,1742.1264538183125],[-238.6591197280953,1744.7990387646603],[-247.8540836041287,1741.1623972480472],[-249.90655617823955,1743.7363359283606],[-245.1193413367479,1744.2544378941184],[-244.7330365178148,1747.7403254196392],[-239.68467119572819,1746.086566754493],[-243.82771796014958,1753.517322379093],[-240.90090556238914,1752.0453036622348],[-238.70044507603197,1753.9301664882423],[-236.4237057571422,1751.2506376629722],[-236.2960041199923,1757.0134401146559],[-231.02638541651487,1748.7301158384773],[-227.35585088168827,1749.441414834358],[-224.62534040417503,1753.1806152320673],[-227.48411752354528,1757.4827591249439],[-223.69782935366507,1758.0860317220267],[-226.5537969669389,1762.1702859002135],[-224.00463901273673,1763.4057480130887],[-218.18704044213348,1755.4544018422655],[-214.75864851326762,1757.5713865160124],[-213.55624888324604,1751.828949974572],[-210.35445310856323,1754.1591576032129],[-211.726024863833,1741.3101960310707],[-209.12833725159462,1739.064849921637],[-207.6533445926662,1744.9584388509484],[-205.49380980255063,1742.1626531992108],[-206.7369957367818,1735.6194367417295],[-203.89178436142504,1731.5269909908366],[-203.14916488090074,1734.1482934950088],[-200.3312924936948,1731.903890380552],[-202.20496884065633,1738.2947872497855],[-198.06424510132612,1737.1566342948536],[-196.43443841602829,1740.2243220296218],[-200.95482974419855,1744.5108370534388],[-203.70838331940357,1742.0795548672415],[-200.8512447802281,1752.9918849486291],[-208.15380181196926,1763.971756310554],[-202.33346592095373,1763.0776218411427],[-191.4043197299129,1747.577857216455],[-193.55794532741132,1758.3095700226443],[-187.87255462547563,1758.9289486432333],[-186.05286962731162,1764.9289384654066],[-180.45589986286575,1755.112336092477],[-181.4500399356532,1745.5336577086914],[-178.6552646255914,1745.025341631403],[-176.0822813454224,1753.4279996671219],[-172.85304260634976,1754.0109688981652],[-166.5357083480557,1748.2162926731291],[-168.73044965596196,1745.1463223174148],[-166.17573793852426,1746.046137758509],[-167.01948160909333,1741.9044967859104],[-161.87487420776063,1740.550237262795],[-152.98150722008532,1732.600227720512],[-148.30112655962142,1721.8786408410394],[-140.95096304068022,1721.7357230293587],[-129.04831986341378,1735.2302391390378],[-123.00060410129456,1731.8030459568638],[-121.59126659745161,1736.3834979395667],[-126.53837985729787,1741.2341899574042],[-120.63704977743822,1742.155297151145],[-114.87549358027236,1732.84992339077],[-110.6288864392614,1731.2518828423497],[-102.87337537578269,1721.8443979090603],[-103.40155659388286,1717.922762668651],[-94.16578916799025,1701.5477046781675],[-83.36526158001514,1698.7835974234993],[-73.38346284891573,1703.0859443091986],[-71.81309344903005,1700.371441653374],[-76.03385596859711,1699.6960271456387],[-75.89766254463893,1695.0132440479633],[-70.0033089926856,1694.0631567511737],[-66.3588878208857,1698.8732365056628],[-66.89617992945634,1694.9495778032747],[-61.335349205552944,1693.8853835220725],[-59.99093108227771,1691.2766193895577],[-51.78667641097919,1695.8841337966335],[-53.850584373870454,1683.3472397591133],[-48.54640339711508,1690.7756523267653],[-41.20498467617317,1687.5303203856042],[-37.32317488079535,1689.611180574125],[-37.00185706863478,1694.1875152451719],[-28.889021703330076,1693.5527465429454],[-22.67686272818231,1699.8814315837662],[-18.11953860276209,1700.1057913376549],[-14.669892346056077,1696.6245226033773],[-9.113884807364633,1697.8272805691022],[-6.556193555081291,1694.8877930755136],[-12.10838576839023,1690.3087749874398],[-16.99604206719933,1690.1948172770692],[-19.65816229746194,1687.3586079870086],[-17.87607425556044,1683.3292025402386],[-9.323496848006497,1678.5420970316104],[4.330961953106462,1685.7371377641311],[8.770076688072022,1681.049191520461],[8.434507604352538,1676.7986973988516],[14.653572179909444,1680.8263654214359],[19.529686201512103,1674.7166633047323],[16.751848450225875,1671.5587712015392],[20.300501570032523,1670.57292033006],[21.514955472518224,1666.754965452922],[17.95614390574162,1658.907862156472],[20.167512542095338,1655.0871024992005],[21.507339387184068,1661.7386403109049],[28.167757146569432,1666.089049759151],[27.513170366248197,1671.6509910331881],[31.729135528170865,1671.7512026962027],[40.14086433378596,1664.7516347452092],[55.09942998780359,1661.8659311575434],[67.63999596505488,1664.537992575213],[76.45040980546621,1673.8699342935608],[83.11615359130509,1675.2495626837654],[85.66183550254499,1674.1443106795568],[84.85705261933228,1669.4612210155067],[88.59638346552306,1664.3133981933095],[93.57673264030936,1662.8636707427881],[94.85604095071614,1655.2200824216309],[107.5769376758304,1652.1836041772178],[116.79028546109866,1640.870951434686],[126.77762999979534,1643.5134656887594],[134.245433136869,1637.0048472678798],[128.56005356729062,1644.6978386950443],[140.29837741092103,1644.6954415741136],[144.4681823903431,1640.9427803054325],[148.6885307062235,1642.2087657432373],[149.81411526409704,1643.9430878094831],[145.48243616528316,1642.6786593391864],[135.4628418068642,1648.561859375229],[144.91086194831902,1651.741557046],[144.6175032697098,1655.562897956194],[151.4237909289929,1659.8549396288956],[157.63367745786073,1660.0053318855669],[156.82029252079099,1656.6329592871107],[161.0303013950071,1656.4766255293766],[168.3049272386717,1662.3910862811483],[174.01508739842834,1657.8501749201637],[183.41246421380703,1664.4937770469126],[211.71826255508125,1673.5854117106944],[208.22259883016727,1669.8212501746743],[203.34810937298536,1670.328152319581],[194.99367727686445,1659.8674893581533],[183.24587113291432,1651.6245299974637],[184.0398929111766,1644.5214803794722],[190.59529287450297,1637.8858884991837],[189.00497739130756,1634.850601669578],[193.27984480831452,1639.923412754299],[195.92434909183777,1639.013798272719],[199.79854788539043,1646.8177067609658],[208.95855994999184,1652.032065547672],[209.66941510297005,1647.6570118290026],[212.0622116482457,1652.0950170995845],[216.93014124638245,1651.584832289283],[221.98034087946633,1655.652319900966],[222.03334126904022,1659.0331121078837],[226.72531692777267,1661.2493319474318],[213.48976038123158,1643.889476962306],[217.8346214533464,1638.3658235905934],[221.4955857130405,1638.854752721876],[222.88395942787466,1642.6531956934828],[228.39317017788855,1640.9281260549076],[224.54792101468183,1635.859202202914],[222.34501589031382,1636.5490207092523],[223.84248478228173,1633.2502008350245],[217.49034191335798,1623.193878695748],[222.82479843543024,1624.8581971040912],[220.64371711954854,1619.758993914963],[222.7682295749379,1614.263505239741],[228.07414654176677,1621.1701781763193],[230.4562348111495,1618.0729864458604],[237.9015595852396,1620.3527026897793],[238.73602002088893,1617.3892362159922],[245.70036153004992,1617.379022670106],[245.33655540474808,1615.5281604372055],[254.99921539329276,1624.2049181652014],[259.35847518340444,1638.7568817834056],[263.3714855885104,1640.2109295795972],[259.36379758374085,1645.0873599381061],[246.72500768370426,1644.4403083826369],[245.01003627583952,1647.7440233053035],[240.34357559329737,1646.951043555746],[240.0631418375266,1650.0111844298797],[245.3990295386688,1651.010810436568],[251.44256901522445,1660.6139982139118],[259.54883177207404,1661.231291998157],[267.958375302085,1671.9798159524341],[269.70649518216794,1670.5292431886792],[271.1001902318162,1673.7735240875438],[276.400592659431,1672.3628720627685],[280.92044254381756,1676.4168176018552],[284.3541768994585,1676.0213369780795],[284.55477182055546,1680.48653584955],[286.4670875926849,1676.196837598857],[274.2757523738678,1671.5319025468384],[274.30862838503674,1667.4967998667394],[272.5760301216529,1669.7110921535707],[271.2011242595762,1667.4475613885402],[273.97169081411573,1667.2852215922096],[276.10906870378557,1663.0995700802414],[277.63798293526526,1667.541012600921],[280.756353896606,1668.1338583201725],[284.002247277601,1658.4714455399821],[287.1811279573429,1656.6619304400808],[285.7213649980169,1650.254310807459],[287.9388109488796,1644.8621111081432],[293.0685279586254,1641.1549606148349],[293.1045987416406,1637.5519183434342],[299.47969939060266,1635.3440679178038],[303.3877634984473,1636.8983645686324],[305.8061446365777,1641.2127819926495],[304.300903390319,1643.3190904681821],[301.3873537543553,1641.744231565886],[302.31030152458715,1643.4709121653302],[299.0417334320544,1646.050587408536],[296.5780156015236,1644.7927989607315],[296.9491212258221,1646.6403226881266],[308.1959598416775,1649.23717531391],[311.7310084965416,1643.7030511437897],[318.23653848594273,1642.3575803992708],[321.0770703121801,1635.7435507781688],[323.9516988814336,1635.5688055825472],[324.5909621337473,1629.6579107790728],[317.5071135653388,1624.685957901716],[323.2436528272242,1628.8151682444072],[326.74514016764425,1627.096528112116],[329.550640690715,1628.7787133075326],[327.81053305418277,1625.3244157886238],[320.91501428538635,1623.7351855811653],[306.25848747835624,1605.923915885996],[305.0065587904149,1609.33886607943],[308.83600266664223,1612.6430341159241],[308.8258312511328,1617.2320514084415],[301.1281020007836,1614.0114426978241],[302.5086875946403,1606.22338847419],[294.6942357819373,1602.3447784722173],[295.87881395880265,1600.8989852573077],[297.83610220983695,1604.6834007083248],[303.39915761525253,1606.5321388054278],[304.99184499872484,1603.546837564914],[297.37583606090146,1598.5718914794327],[295.51144552971135,1593.9099796292714],[297.1776470551059,1589.1730667301883],[290.4766757677661,1590.6249932832989],[287.4448977523493,1588.0626607053296],[288.9491764260453,1575.3434567265915],[284.9187348822344,1577.7230425420378],[285.02714021002294,1583.0808458564309],[281.3420404364652,1586.3266803983204],[278.4403844198811,1584.6344352480137],[280.3140528314095,1579.0188001867105],[273.89424043435577,1583.4110744138761],[271.8823120812275,1582.0281364172968],[274.36667225577816,1579.3547050739037],[273.4084803209924,1575.4350054143567],[281.4835371056711,1571.3369635055908],[280.4093080138004,1567.2000844045235],[290.4614544598839,1563.1655592875395],[293.6407899133414,1557.1884414731408],[289.3197756836629,1555.8547976708717],[288.00136236630334,1561.355379964215],[284.3638085700898,1555.7369452407474],[281.94308031075485,1555.7856968089586],[281.84141429495645,1561.6990780928702],[278.8106865497043,1558.8039706183504],[270.1434606702923,1560.3961786559316],[273.0558289209459,1557.274822965908],[276.05066601607916,1558.4205429862438],[278.97217512238205,1555.8449586421184],[278.7883376860324,1552.1260499210546],[282.4074862731794,1551.5063246815616],[278.349205807789,1541.0737903451443],[276.0731990194457,1542.7616876027803],[273.05821292709834,1540.4109014295832],[271.22751074582806,1531.0247016713054],[268.80893965029395,1530.9616604216271],[267.88099798051945,1534.156811265976],[256.0213811794184,1522.6530611712387],[255.73399011451994,1530.9868485649934],[260.1214557153621,1530.5775020696012],[262.3734469679398,1533.4939033278545],[259.0154669069921,1542.1008247924362],[260.926721809894,1550.279055876148],[256.7190369563568,1554.845650651733],[251.95072348234655,1546.7196602830184],[255.22373195577586,1545.2368921505702],[254.59657324619465,1540.97677014221],[247.90124620633625,1541.6441994969769],[247.85506632280567,1545.2593037051008],[246.7074814127832,1542.5414491002325],[243.9763503640683,1543.5748769478846],[246.98527481441073,1539.5791827477692],[246.68656611259016,1535.0930243016553],[244.18237718290155,1536.451428112394],[241.78994660593096,1531.5627002904052],[237.51529774805923,1532.183518180928],[239.52762180019457,1527.766387395708],[234.5035595095259,1536.0686712844833],[235.87032809704127,1545.4656228245137],[230.52070662640668,1541.173494584234],[228.9631440422567,1533.3116867655492],[225.21743943306234,1532.7149170946973],[224.6534762031982,1524.9440227671512],[221.08614544716872,1535.5195105064909],[217.10015738251428,1533.6097284002456],[215.67407063540892,1526.6191572006248],[213.99067868492293,1531.4662327591338],[210.77561190298886,1529.5426340035774],[206.34399268236288,1519.5261161921287],[210.8173497539973,1517.705767711881],[211.29994099331262,1513.3135176763815],[216.48294920773102,1514.9885110644366],[215.09235868914595,1510.185952383082],[211.58932624885324,1510.6778520055345],[211.76726789323064,1507.9339806481744],[207.7781318012529,1512.5987278217244],[204.02454826799305,1511.0093023692507],[204.81602561541922,1497.618615323707],[201.63193899232888,1497.2260705791741],[201.04468621866366,1494.4921268185938],[205.74081895707943,1485.9757396284988],[208.9323179337494,1487.0257396490667],[210.4355436216911,1485.028040745781],[205.6698241419191,1481.1482151202854],[209.44300434405054,1477.250749939998],[214.2641401644904,1477.616748245946],[222.6866902811391,1484.1799553223868],[221.863094487347,1487.4850340111898],[228.0991365873398,1487.0555737621926],[220.24772532590285,1475.328436461535],[217.39476112805337,1460.7701789438893],[208.72066054340328,1450.9071705158503],[204.93502161697822,1431.18291568485],[207.62216370699016,1428.5048093225435],[205.13048584155752,1429.6410451232907],[195.57398060699563,1424.8312301726878],[189.27529062875857,1418.6506881913922],[185.58822686378082,1420.0199082246638],[188.49172779239618,1417.1217306949222],[181.88254436088428,1403.3501070261984],[176.00097458658738,1403.095722641102],[172.95417863169482,1394.441164599751],[166.78109566248014,1387.6928276320482],[164.96576527163,1381.3296753016436],[167.42795155903343,1378.2174198990285],[159.14197358946245,1375.7823929361934],[153.7473631059371,1369.3459504149823],[150.06655432188143,1370.3774391456402],[153.03663671232064,1354.1518628150493],[160.38346083100373,1342.2769051522732],[171.13105391295164,1334.9828560478509],[180.10457280007316,1333.6562162397267],[214.25489725825176,1307.6905867028588],[241.89256147376344,1292.9969296886616],[249.78631508561935,1269.6665885070406],[250.9125233619708,1272.2971507497864],[260.0266849212453,1269.4770713230105],[275.16698378908603,1255.482283430154],[284.92900407680077,1263.9024797362024],[287.9644465487866,1264.7231997067208],[293.4923530638692,1261.07082041905],[288.8853227091386,1252.106610972351],[284.5996099232341,1253.1906245953899],[292.03725174490785,1243.3076921103852],[289.45565569760277,1238.2766614666155],[291.00333568288636,1235.148015343579],[298.0930311368059,1239.6399133287402],[296.95295375291374,1236.6793089596454],[303.661661079012,1238.4123601724339],[317.5433105866639,1233.7861737978726],[313.228454772893,1237.9764985336303],[320.45524565109235,1243.3379401299387],[331.61137551509927,1232.7902768409913],[349.69556752119655,1224.8208937919742],[353.9039693597699,1217.079884334906],[362.02059500725227,1211.1144547518047],[360.4599523529523,1213.0366641785456],[400.1256847641965,1199.0982119448877],[413.6425369636518,1177.5469182441134],[427.4849697215695,1164.3809893860548],[394.8015840848778,106.72606819986825],[-493.47252466437726,103.02523920725089],[-542.0325912749847,1343.6213777602086],[-530.7096138576011,1339.8697677302418],[-529.9767431391849,1332.0674176621046],[-527.7625017457775,1336.5637607314088],[-525.1290793470934,1332.914039869787],[-521.2140560682553,1332.6208789865693],[-523.1381260340677,1326.150382445515],[-519.3516424695588,1317.6872056818754],[-523.6895698364125,1309.2464710197592],[-520.4838127607106,1310.3609798277105],[-519.4685672777349,1315.0344046814823],[-515.8884416712075,1311.9681156525965],[-517.709275826631,1314.3279380737367],[-514.2865128617269,1321.2971023954383],[-515.7917178485104,1323.8889328379394],[-513.7664709068,1327.7151480315836],[-513.6518957039258,1324.6305236574312],[-511.405362516352,1328.3541996107488],[-508.7748550798074,1327.5687210616197],[-516.3630730459581,1330.4864676150394],[-517.5997611066978,1349.0763863098302],[-489.6677982803267,1338.9563238810092],[-484.66969442995395,1329.4270895154177],[-475.8135468456848,1320.9094499799219],[-480.3940518025132,1315.565168819239],[-479.8657407086514,1312.8247600254456],[-473.3200304865977,1317.6850620100718],[-466.91934015668085,1317.3510810261648],[-471.9268846206479,1324.462632519609],[-469.72928716800874,1329.9424642921917],[-472.74189412285045,1329.2883478416663],[-474.45888913657996,1338.2729870672608],[-477.5396717563304,1336.4026552486234],[-488.2996272198235,1355.5411160193114],[-477.93684773609345,1344.7689828759978],[-475.19446499578083,1347.068260474546],[-479.808686832655,1354.9559466922092],[-473.77853043761934,1350.093146354091],[-454.97020401132926,1349.1803597077885],[-446.8654026117619,1353.6326186412032],[-448.77323849919014,1355.5547932343443],[-444.6454339163404,1358.8837211875202],[-454.22919544325083,1353.0625477102471],[-460.1864124688422,1352.6455503226991],[-460.7007009187079,1355.053231988441],[-454.78204348073933,1359.9874569037352],[-463.886627009187,1356.1592875931058],[-469.74371873229956,1359.1579869524742],[-470.6413955413299,1363.2047146723814],[-479.1363237313114,1370.075325164309],[-479.74938967010706,1375.231503303993],[-468.13056543289423,1375.7383938645544],[-459.28250869593614,1384.4037109849346],[-471.18288823719854,1379.159566523615],[-486.396832860007,1381.828701872129],[-490.71671770333444,1387.0725231751528],[-487.05436342588905,1391.2751690485109],[-490.666254965729,1391.808662262092],[-488.77108432395136,1390.5543124102796],[-491.26806030364077,1387.2732539100805],[-491.5751479553678,1392.8774551748847],[-494.63602382897125,1393.2092047009155],[-492.2776643213669,1388.1183731850306],[-494.5138218220921,1386.7176455778697],[-500.845430386736,1396.2893631263735],[-505.27362024774044,1395.2484457304395],[-504.3309837175036,1405.2987140273083],[-498.94876436763275,1410.2245135573062],[-500.35987667359296,1416.114988842206],[-489.559606513836,1428.4875954796732],[-493.6753201758794,1436.8087045347195],[-489.323940039815,1434.2135872482331],[-487.2075389246943,1436.1567419424462],[-486.219477787498,1426.625124119652],[-483.7264245957041,1433.4194556293319],[-480.64578351122094,1432.7563953024912],[-479.1980738656602,1435.1151000239145],[-480.51595819247007,1441.6655340299333],[-475.79340445021677,1437.7602550545375],[-466.5531221485901,1442.3594706596434],[-464.0325813609404,1448.7079877298406],[-468.32684531470386,1456.146147319113],[-465.7967830206997,1462.272760042457],[-459.9188000534349,1466.5314322110435],[-460.9101370262195,1480.0045461371228],[-456.36425367639055,1491.7878415561026],[-458.54760899805433,1498.1902154755219],[-451.97260589212664,1498.4039894907203],[-449.9991574502566,1505.2688253909625],[-448.31419944457167,1497.2050489482187],[-437.51065052078314,1495.4621998419252],[-427.030787406243,1504.2328249791353],[-423.08078667046453,1504.242994463382],[-418.85277607261906,1509.6344606391565],[-413.01102781526225,1523.7319505240584],[-421.6997616124283,1534.9807781707475],[-426.9069159155512,1536.2478227889744],[-426.1317370517467,1557.8483421905978],[-421.1460184468407,1564.2385832788268],[-416.952349598591,1560.313136235957],[-413.20678461607525,1560.3142019359004],[-403.3691423618733,1566.8391452999429],[-402.51736902364445,1591.041934680976],[-396.68589629624233,1587.8169875388496],[-398.01626803484345,1591.9352459613822],[-390.5873582794222,1594.7673975776113],[-384.65292186968946,1591.7594731862876],[-385.93734877021643,1586.2561445152558],[-383.7439236543537,1582.7064694316077],[-382.6113778252437,1585.690598482186],[-384.8585097299396,1587.1606366022083],[-379.69893591670393,1588.1755576563746],[-376.8949858280572,1586.5009138596329],[-378.25223967887786,1583.620698800019],[-375.4614261333598,1586.539185849511],[-371.68326504223063,1585.5456130410714],[-372.20909175869076,1580.3905903554082],[-370.09359293332335,1583.837393425627],[-372.7421507045658,1588.0331838778652],[-365.39805506572503,1585.710013994442],[-365.3328569603386,1583.19597420607],[-359.7115459159415,1587.7156291879837],[-365.0899082474714,1586.592986469054],[-363.85125883192813,1589.905971519475],[-366.8884422032971,1587.8587023165542],[-372.73300555878455,1591.8610027101022],[-376.773770271945,1590.2225937549879],[-381.2203279887033,1595.4611434242106],[-380.8350141386476,1597.5489213440355],[-377.2859388691257,1596.9883333889084],[-376.6232323916659,1592.851104769249],[-374.5792690928567,1599.0284049775548],[-370.7117063872333,1594.7573058872872],[-370.42661698083197,1596.514195401866],[-376.25815748897844,1599.8583001290147],[-374.9858894030744,1601.8599004055338],[-378.9248369407845,1600.442832868831],[-377.49697366198603,1609.0067490761035],[-374.98853736834843,1610.2757415309288],[-377.86107792808883,1614.351536896771],[-373.26081717189834,1616.0035730835277],[-378.2516327133212,1620.6777841449102],[-373.89930476040337,1623.4153109048157],[-357.60211983142364,1617.7198579475491],[-361.55279177489143,1607.8942061552368],[-355.95025189741284,1613.6097720846521],[-356.3068733598595,1605.8417861476744],[-361.17528975038067,1601.783023305566],[-360.57025780552306,1599.7214870769205],[-361.06210023350894,1601.6766081524117],[-355.71894559616504,1604.4357310637693],[-356.9250354629026,1599.7048876877934],[-354.1107326618332,1597.5893499454662],[-354.7554281767419,1605.662284994379],[-352.3479225203371,1606.5969700532278],[-350.2299736781701,1601.4031546306776],[-351.6363340117696,1604.6473763353167],[-348.8840382844639,1605.0436028771867],[-345.77952575098027,1600.0918595644753],[-348.0651443184441,1598.7237916747004],[-345.5266441038685,1598.7862148482075],[-345.4034978562355,1593.7599437414324],[-344.3749137033118,1596.8465129827844],[-342.1041804984709,1594.2777545615706],[-342.4738283499029,1591.3164535196945],[-341.21885875380246,1594.1898698699506],[-344.22087067638006,1599.5833933644733],[-334.7765751828454,1597.1869850336122],[-336.40756980991785,1600.7557689656753],[-344.0853873065455,1603.0847073997495],[-344.9142886038453,1605.3598019739625],[-342.25622294378746,1605.0966373982635],[-347.0253964637046,1610.3352845314644],[-342.0387855380052,1609.8013355660348],[-341.52294361084347,1606.7538276838493],[-339.9506393294871,1610.2889002734778],[-336.4065802934501,1605.3466201060085],[-339.12205427018415,1612.6035699725812],[-337.3987687767486,1614.5023651305628],[-344.3011769248608,1611.931848173151],[-345.87454827691323,1612.9860847306713],[-340.7504360137984,1615.9514948434621],[-343.37862898529113,1614.904500411102],[-344.2133157638044,1617.3970525065647],[-344.5967483653199,1614.9840829154584],[-348.20262758379437,1617.7362504468513],[-349.1054892875508,1613.9992190652235],[-352.0299167759415,1616.0025574201459],[-349.779623788219,1618.8990023246881],[-352.0473043684153,1621.1367241420191],[-349.05989087964247,1621.1016280249028],[-349.3565619940248,1624.1527553469716],[-343.5184820953028,1629.7565627444592],[-337.9173761700364,1626.942993971852],[-333.7535986550246,1628.6800829887848],[-329.6954419611191,1625.4989952447634],[-330.8421183037375,1627.219625265748],[-325.7749783044432,1628.2110167430537],[-328.43191150534915,1628.2587266395876],[-328.4877137815008,1630.6598777346542],[-325.1515514517359,1629.972626867378]]],[[[317.62844383641715,1256.1147931511312],[315.5025343385646,1257.3793181804735],[316.67098009615216,1261.330577758891],[314.4212818928402,1261.9346240289083],[317.6736675515913,1262.7439022778422],[316.4213927461675,1264.540569208317],[319.1664227070598,1266.6868803921905],[322.3142226137236,1262.967514857496],[320.90619098619806,1267.309323354149],[323.41354715942833,1268.4659125140593],[322.5442938096514,1272.7945485956081],[324.58503990197374,1272.4152329522487],[326.833822110191,1267.1699186318042],[330.40891500769885,1267.8579581651818],[332.16392063106326,1264.6117339636937],[330.95504127045893,1254.6955445061549],[334.4358595856654,1251.6272234312821],[333.4701584777495,1247.3397917181567],[330.90449085436865,1243.6431616897382],[327.1651045030356,1244.8381659327106],[326.8344739832825,1249.0466408629472],[322.43187481165705,1249.5926986148738],[319.8565066236585,1254.6264799413013],[321.12857270433534,1258.3542618893885],[319.25657522524597,1256.6296759196796],[318.2332839446804,1258.9740396666223],[317.62844383641715,1256.1147931511312]]],[[[282.2844019891893,1276.8812851539483],[279.17097954026076,1267.0033831991364],[268.8289800523515,1267.4301000768794],[272.41444042690057,1279.730440466461],[278.2841162382007,1281.8218153919888],[281.6016137525777,1280.4292806959677],[282.2844019891893,1276.8812851539483]]],[[[296.4097240286487,1266.4221634080795],[301.2641292575585,1266.5377738503043],[305.6874410309469,1261.799857064053],[300.73896261212195,1262.2403315204026],[299.51060769275625,1260.2782049728546],[302.1526931671394,1257.8999179038885],[294.84192537205024,1253.6380393537208],[296.4097240286487,1266.4221634080795]]],[[[309.6492126132473,1270.2183639800796],[310.6624341357968,1267.3232625942308],[306.647668822616,1266.197983681591],[306.5847088677853,1277.9083306829473],[310.87830180078447,1281.677477368035],[313.254250301554,1272.2356889199073],[309.6492126132473,1270.2183639800796]]],[[[183.24718482000134,1350.1489351011749],[186.54439250196623,1353.410755565908],[185.4952819823598,1356.0692588571433],[189.6397505796458,1357.6658343928184],[191.27661152331808,1350.4812015725734],[183.24718482000134,1350.1489351011749]]],[[[264.25874681912205,1464.6842471117084],[264.88233873659544,1468.7352125998816],[272.81354962623925,1465.94732640005],[276.1346645971719,1467.9683683861233],[276.5387100338305,1471.80318151686],[279.0891935572763,1468.019465765788],[281.4340921484232,1470.3879713357508],[284.4784297226117,1469.4479684321866],[283.75526324580426,1471.5487354919144],[287.79757111302,1471.2464968858199],[281.8894572079944,1482.1244052838192],[288.57308094678706,1482.3173545254342],[286.56685899725494,1480.6025442126534],[287.9534913506513,1478.8178970323193],[292.9192295642486,1480.6904460730277],[295.11670791793676,1486.2413643993038],[297.7094223188315,1484.5403211239745],[298.62034771365944,1486.1670182980408],[299.2256544943456,1483.739752561788],[297.69978166209654,1478.9430837146567],[293.38587460195225,1476.8389205356973],[295.0484961461684,1472.6323397740327],[299.2144158452125,1472.9829202793446],[296.64497111375766,1470.5125330991407],[297.95436036788595,1465.2141064215089],[308.7531301695287,1463.8814330427208],[310.51234810823394,1469.2230970080864],[305.84489856074896,1465.9220790399825],[310.6537812449559,1475.587684338284],[317.8271077195995,1473.3405787730724],[319.79747866782634,1468.5744683700225],[315.108169216181,1464.3984238831995],[312.31999484075527,1457.1024294343013],[307.4249869756534,1458.1996399338354],[302.7237222383737,1453.1395489152565],[301.8213138658599,1446.7867881063664],[306.4919171117957,1445.5861461551874],[306.3369118439596,1443.5017004738186],[301.1829068065486,1442.5150318835615],[300.324228652743,1438.1375056896497],[296.8747159405121,1440.1896689981],[294.4553599391465,1434.1958373347086],[295.645424024795,1428.5641128017974],[301.26544662435793,1426.134841856683],[304.01009267394613,1426.954811091609],[302.8068497498602,1431.8183572744801],[312.23927799520436,1424.243855035225],[315.7523034404478,1425.2642293374493],[317.8774293954962,1432.3621995729604],[319.2248157595875,1429.2531849431803],[323.1478039754588,1429.0528104804334],[319.77815844358105,1424.8425188339297],[322.5105496111059,1420.3809116987777],[320.3970460363065,1418.5601160443039],[322.95595789102657,1416.081353951294],[319.68522571776924,1416.0468652257748],[321.48895040777273,1413.9154856969026],[317.39748799462353,1416.0992167319307],[314.72574212500245,1413.6300853453645],[311.311562388506,1416.896562328008],[306.58811011226413,1415.24161424878],[306.2079886240551,1417.7796276420374],[300.1373823106833,1419.3415226571187],[288.6092920392027,1415.406028953004],[286.50072278261626,1418.8589852687799],[271.6328435187922,1422.2360643409995],[265.72652581333807,1426.96802798816],[253.41559720449476,1421.6997898752925],[253.37259381540974,1425.3291090347363],[262.9478618955542,1429.9891080656046],[266.5340689157315,1434.9775516716418],[263.02032889620557,1451.197831011671],[266.250011327753,1460.1438061562949],[264.25874681912205,1464.6842471117084]]],[[[239.78179820475958,1472.152786108766],[239.05556037662535,1474.4705895648317],[235.21003864135062,1473.5478384210633],[237.07102944486377,1467.1485965435859],[231.61312910778858,1467.7891395948716],[231.2460935553495,1478.6633320795106],[237.66884481798712,1476.5798874848508],[238.78841962442655,1484.4630535848278],[245.48562505145642,1485.444507663089],[250.98850015563843,1480.8473159542727],[251.91816645672142,1477.7573554893213],[246.414134624132,1475.9894051015851],[249.03212209658366,1475.503929596421],[249.8465445013238,1472.0862703584617],[247.22728596801474,1472.4621987323642],[245.67792417404405,1465.2430126542383],[241.07490636018727,1464.6643533409426],[239.78179820475958,1472.152786108766]]],[[[234.80020720957702,1501.3159447796554],[232.57308020450347,1505.8495553072275],[234.78113426411372,1513.2687910519442],[229.94882102251145,1519.7069791707509],[236.04319325257657,1516.536451715966],[241.947530076581,1508.8708426401324],[237.50326056879024,1505.5475187269096],[234.78613488388174,1507.01889594517],[237.66858970019976,1502.364326063565],[234.61526204251473,1496.8219135658912],[234.80020720957702,1501.3159447796554]]],[[[273.51489478086876,1479.4370596624694],[277.04726009007493,1480.9041291858723],[277.98678860085255,1473.091878515966],[275.54134220034257,1471.1641493125755],[269.8590308122304,1477.2030555607605],[273.51489478086876,1479.4370596624694]]],[[[-372.0404786871496,1730.083674131091],[-367.36649526403625,1726.070308557478],[-366.2298004542421,1720.8758369072405],[-365.0582461790924,1722.9738126770872],[-361.3590933049064,1722.0887631066735],[-354.6628026747845,1717.1416543702771],[-364.7494429219674,1728.3138911359401],[-367.96268665337755,1727.5783152309791],[-367.1894500832864,1732.1679844290154],[-351.2260961901761,1735.834258507207],[-345.7753241200021,1740.9708469420164],[-330.69004540199626,1735.0206594476479],[-328.6354732111433,1737.7875269831388],[-330.0308908911092,1740.2567723018537],[-324.271173061772,1742.0203343519217],[-322.0403812703426,1746.9641460831274],[-318.15867119687135,1748.0298610583436],[-315.7761317648703,1741.2324239940276],[-313.4937983169271,1738.8902088288712],[-311.3214827769995,1741.5479735143354],[-311.13162811688403,1737.9631450258557],[-309.86742026209475,1741.3621768460782],[-313.2358795071017,1742.3759916342865],[-311.9434400505195,1749.5806002826807],[-303.797496135671,1754.8656437360637],[-299.46799058101215,1750.7178644289233],[-300.8150203275368,1745.7970619983835],[-295.29302036918483,1748.521955417076],[-291.94917636529243,1743.2630791904694],[-289.91910303143936,1747.6537971389632],[-285.88639457752464,1746.8654729133152],[-286.5861990116571,1742.8282589611215],[-282.85497916295867,1740.2928940798972],[-282.1640005952008,1733.5630806373595],[-276.02718926251083,1733.2482569662623],[-273.5639755125141,1726.876949684363],[-282.67594706310416,1720.060712228322],[-281.2512007607777,1709.9653141592244],[-286.35286954665173,1709.1012965951206],[-291.5365293966865,1712.2621670628444],[-302.1895675939374,1695.0505838612694],[-304.76175502942283,1695.7581746772787],[-324.0639081645291,1684.107651464137],[-327.6123851002064,1679.0123549973757],[-338.56112745697095,1672.4320369643165],[-348.5545335982403,1681.5652436093806],[-368.032276555785,1687.2856287786547],[-368.57831419827045,1691.1943174270666],[-377.92066020763076,1695.5246952589137],[-379.4496511231289,1698.6431116624767],[-380.97072459130516,1697.2951811389216],[-382.83111862905827,1700.2952219339397],[-389.7710366579019,1701.849247536685],[-391.883256269628,1705.8208625256436],[-390.6408494657173,1713.259451128486],[-397.24613184620256,1718.519579488882],[-400.1165774413984,1733.4565044614642],[-403.0720485565992,1735.4400941064332],[-400.16089547212584,1739.0029999981668],[-405.4615225566048,1744.943441458802],[-404.8408466860428,1754.5287626614788],[-401.6170017625941,1755.0547399274176],[-388.55748259937855,1743.022029252446],[-384.25004486086704,1744.6612962281536],[-379.6114559461798,1742.2844504294562],[-378.6270589588204,1738.8303525802532],[-383.9745360400447,1734.4449176729393],[-382.30353916932194,1730.3557383082302],[-375.88538882188584,1732.158623931708],[-372.6766728682679,1737.3557626556417],[-372.0404786871496,1730.083674131091]]],[[[-376.20471251096177,1693.718159378278],[-373.2442006800101,1691.0724006794317],[-376.941454561172,1683.7822474662426],[-381.2075827600063,1685.4120789550748],[-388.813111886403,1683.134888747548],[-409.4275484122664,1688.985138539046],[-429.6869524254023,1682.5007879689613],[-438.79427961780254,1682.3310197278795],[-442.05217439227505,1687.0256371392884],[-440.8005966522664,1689.6800717542278],[-436.2161309518579,1688.8409317753378],[-436.3149936077745,1699.2976428525037],[-427.0789530402412,1695.5475606572775],[-422.3737892150031,1701.897593950327],[-421.25832408585956,1694.3050794001126],[-418.52089240297016,1691.9889715398836],[-421.5613408810624,1697.019777746495],[-420.30497363401645,1699.6714950436567],[-410.89594412406325,1693.628166607632],[-412.0001684944538,1697.191441387774],[-417.386035249323,1698.7771765214866],[-415.4394016752774,1700.6860661034827],[-423.39059552135416,1702.411933348497],[-422.8162517573245,1709.2901369018307],[-425.67203381484774,1711.7093171410422],[-420.3942073834906,1717.7453273216613],[-415.75763749156437,1711.567204872257],[-414.92476314498464,1713.551344608897],[-419.75208085638945,1718.6351382028888],[-422.82018234834294,1716.9113917250545],[-425.0257635177956,1719.893594549138],[-428.92514342025794,1719.8853919258581],[-418.4979635754156,1732.8192617699478],[-417.0590063510466,1729.3798217897565],[-417.7818161102029,1735.0161057980883],[-408.3969325492905,1738.3341421780892],[-400.9386754982447,1727.0139335705044],[-403.46384950942223,1717.800282230326],[-393.3532403844014,1710.680459765314],[-392.6345392998897,1700.7900952981902],[-376.20471251096177,1693.718159378278]]],[[[-157.87800796220037,1762.226336566024],[-157.3894483194808,1758.4285446552053],[-152.69212697276845,1757.610231502293],[-155.91107266754545,1755.9452434645777],[-153.91409685732785,1746.7274502363243],[-157.39887283440297,1739.077931592542],[-162.5463165043548,1750.5452232660066],[-170.811001811574,1760.556124485887],[-166.58913043574805,1762.3445847936987],[-166.09788364148898,1768.1083619094209],[-171.86621179266388,1774.0140754789259],[-167.25300695861958,1771.3535816531603],[-162.24656105165946,1773.2577726212578],[-160.42388606887394,1780.1197963196119],[-157.08095723787926,1781.134145211389],[-158.8274457641506,1777.3144137347247],[-154.7695112044801,1763.8901633223015],[-157.87800796220037,1762.226336566024]]],[[[172.99330850540227,1664.9519795419517],[176.99140495054385,1674.2794894536949],[180.951195090165,1671.5039876862108],[184.88947868432726,1675.7048722442105],[192.43109642308474,1675.277498389326],[203.79691161251674,1686.1267657036528],[207.5743119856654,1686.1809813455275],[209.84692415217003,1689.6343378858762],[207.32546954199975,1691.9593430940258],[208.5923588774385,1694.9910877044504],[214.55510803288118,1692.3966422643355],[215.29152019277163,1689.6617529126509],[199.38222761043392,1672.3469897100333],[193.15292165910353,1671.233952474406],[192.5597275315599,1668.4071542740062],[181.556768857039,1666.807715878535],[173.72137833507327,1661.0169210725057],[172.99330850540227,1664.9519795419517]]],[[[278.21524737366747,1731.1387373798984],[287.30747745403045,1739.877521228313],[293.0489146167083,1753.3514706861006],[302.1719642766742,1757.1826431256804],[300.8355652485162,1762.6445058190131],[303.9872733503001,1763.7729459283885],[301.5651543039533,1765.4541332381118],[305.7296569809912,1766.8865668087658],[303.1045443054433,1769.5498637646867],[308.441501924053,1773.4546381785246],[303.5627481033169,1754.3271701236044],[297.5805608835166,1751.192228247971],[299.42004941807056,1748.4358514276632],[292.87469086907055,1744.8751491631717],[292.885626356915,1739.9814243537735],[282.38175423414435,1727.6839699786199],[275.684259574576,1727.053647283907],[278.21524737366747,1731.1387373798984]]],[[[257.3519652552767,1711.3979508092518],[255.38463048611,1713.3930058115438],[260.5942009723629,1712.2098303560178],[263.3369239357349,1716.078208010707],[264.4942771434701,1712.464403008311],[259.52729884888424,1708.636517694641],[255.48584415376604,1706.6409336594463],[252.75581789861184,1709.5207023130915],[251.66407179238595,1704.4223776168628],[247.2351391270862,1705.5890811890479],[240.0443583518708,1701.3563564358196],[242.52360390986885,1703.274546921699],[240.91300098501392,1706.6776815637586],[248.13808991856175,1706.33557980594],[247.18640517798045,1709.1831419486377],[249.5223114874768,1709.1423255069449],[251.95078115763803,1714.325144817261],[253.7783197054286,1710.7001033422378],[257.3519652552767,1711.3979508092518]]],[[[237.40057181006316,1663.037646817043],[236.54817354809893,1665.124020718525],[243.1977435912281,1664.7933364301143],[242.80462870324604,1667.7444399967562],[246.06563653199856,1663.8713531838825],[252.72215873834506,1670.1880284875472],[256.7215012241453,1670.4432631379855],[256.0900170059663,1666.2020052469732],[243.2168845088385,1659.4487268505675],[235.90655951552313,1659.8996012670423],[234.83965207846674,1662.425945582709],[237.59305563516855,1661.2893569213277],[237.40057181006316,1663.037646817043]]],[[[-71.19082548532701,1709.3034294902761],[-72.53286345912274,1710.7119221823334],[-65.87777894926829,1714.989697696016],[-59.42039250634084,1714.2562097449709],[-57.739794079513686,1711.432885213719],[-64.40105889156895,1708.3559668798391],[-65.18963559648924,1710.529765647619],[-68.07781551910934,1709.6452895442687],[-66.50622461417278,1706.604228447993],[-70.05432112968512,1704.4094644288748],[-71.19082548532701,1709.3034294902761]]],[[[221.43929928189698,1699.1535827034782],[217.1291983976217,1700.8538260642827],[217.16581261181838,1703.249179454572],[227.78962625509683,1706.8940996189087],[221.43929928189698,1699.1535827034782]]],[[[102.97301884518515,1658.9811983378618],[99.94720209640715,1654.3123428219537],[96.30029892446629,1655.75576677239],[93.92163514447205,1664.7153015922363],[102.97301884518515,1658.9811983378618]]],[[[-184.44319515013734,1658.4817561653765],[-177.2633328252354,1660.5367644404228],[-174.87480337204283,1655.6578950890716],[-178.5055588767807,1653.5398171121572],[-184.44319515013734,1658.4817561653765]]],[[[264.0957270437273,1714.975604035404],[263.48852857668413,1718.2523279811387],[265.2450495809671,1716.9135387833544],[275.53918629746516,1725.3154929594255],[272.73094105701773,1718.2957804981581],[264.0957270437273,1714.975604035404]]],[[[-67.81620578176693,1724.775031541645],[-59.36676720858322,1728.0767989994483],[-56.449257313473694,1722.6484426650063],[-62.799906981496264,1723.601151816361],[-68.45658229745376,1719.00455894427],[-67.81620578176693,1724.775031541645]]],[[[-384.50647321832815,1602.5874186686826],[-386.0338772650885,1597.8448841413986],[-381.55013407747765,1587.2506061866986],[-387.88298849715795,1596.8101496830789],[-388.11658452980373,1601.2860892084489],[-384.50647321832815,1602.5874186686826]]],[[[100.80585121276236,1665.9765687453657],[106.031808519727,1667.7921382169282],[109.89589079881773,1665.4727998528144],[106.10188349779617,1662.3391655024627],[100.80585121276236,1665.9765687453657]]]]}},{"type":"Feature","properties":{"State":"Australian Capital Territory"},"geometry":{"type":"MultiPolygon","coordinates":[[[[1362.831666747122,-996.1065298873264],[1370.0076399862696,-993.3665336841998],[1373.9722790002386,-997.655834421808],[1374.7835183000875,-1005.3852766898876],[1377.9359222761013,-1004.9769499264465],[1377.207612726292,-1007.246642318615],[1380.3813138875275,-1011.2186717609164],[1391.0342334954037,-1017.4414329671429],[1386.8311329548483,-1020.5241570687836],[1377.9425061363117,-1017.0978911268699],[1373.4289080467997,-1018.2403588185673],[1367.023424150531,-1025.3288634873763],[1364.4103960414266,-1044.9789999489321],[1358.6727968629798,-1043.5125336110468],[1359.9955982184063,-1056.1118506656485],[1356.876730072886,-1072.437229110293],[1351.4233227613358,-1080.1919022867814],[1344.2249577306534,-1076.6548331266204],[1340.0547454401164,-1071.2371335050932],[1339.819436448103,-1056.1980858345096],[1336.4998846314402,-1060.5155946771931],[1331.4110594444026,-1053.5365339233445],[1332.6038332450005,-1049.5294790291557],[1329.9918843641274,-1046.9848167061955],[1332.722935411053,-1040.6900589479674],[1331.5969196781775,-1030.022576030926],[1337.1570634565114,-1018.2229130532114],[1336.387824232875,-1013.0865882130373],[1338.226088641393,-1009.8234325382197],[1362.831666747122,-996.1065298873264]]]]}}]}
